-- MySQL dump 10.14  Distrib 5.5.64-MariaDB, for Linux (x86_64)
--
-- Host: localhost    Database: megapay
-- ------------------------------------------------------
-- Server version	5.5.64-MariaDB

/*!40101 SET @OLD_CHARACTER_SET_CLIENT=@@CHARACTER_SET_CLIENT */;
/*!40101 SET @OLD_CHARACTER_SET_RESULTS=@@CHARACTER_SET_RESULTS */;
/*!40101 SET @OLD_COLLATION_CONNECTION=@@COLLATION_CONNECTION */;
/*!40101 SET NAMES utf8 */;
/*!40103 SET @OLD_TIME_ZONE=@@TIME_ZONE */;
/*!40103 SET TIME_ZONE='+00:00' */;
/*!40014 SET @OLD_UNIQUE_CHECKS=@@UNIQUE_CHECKS, UNIQUE_CHECKS=0 */;
/*!40014 SET @OLD_FOREIGN_KEY_CHECKS=@@FOREIGN_KEY_CHECKS, FOREIGN_KEY_CHECKS=0 */;
/*!40101 SET @OLD_SQL_MODE=@@SQL_MODE, SQL_MODE='NO_AUTO_VALUE_ON_ZERO' */;
/*!40111 SET @OLD_SQL_NOTES=@@SQL_NOTES, SQL_NOTES=0 */;

--
-- Table structure for table `activity_logs`
--

DROP TABLE IF EXISTS `activity_logs`;
/*!40101 SET @saved_cs_client     = @@character_set_client */;
/*!40101 SET character_set_client = utf8 */;
CREATE TABLE `activity_logs` (
  `id` int(10) unsigned NOT NULL AUTO_INCREMENT,
  `user_id` int(11) NOT NULL,
  `type` enum('Admin','User') NOT NULL,
  `ip_address` varchar(191) NOT NULL,
  `browser_agent` varchar(191) NOT NULL,
  `created_at` timestamp NOT NULL DEFAULT CURRENT_TIMESTAMP,
  PRIMARY KEY (`id`),
  KEY `activity_logs_user_id_index` (`user_id`)
) ENGINE=InnoDB AUTO_INCREMENT=62 DEFAULT CHARSET=utf8;
/*!40101 SET character_set_client = @saved_cs_client */;

--
-- Dumping data for table `activity_logs`
--

LOCK TABLES `activity_logs` WRITE;
/*!40000 ALTER TABLE `activity_logs` DISABLE KEYS */;
INSERT INTO `activity_logs` VALUES (1,1,'Admin','18.222.212.87','Mozilla/5.0 (Windows NT 10.0; Win64; x64) AppleWebKit/537.36 (KHTML, like Gecko) Chrome/78.0.3904.87 Safari/537.36','2019-11-06 07:24:13'),(2,1,'User','18.222.212.87','Mozilla/5.0 (Windows NT 10.0; Win64; x64) AppleWebKit/537.36 (KHTML, like Gecko) Chrome/78.0.3904.87 Safari/537.36','2019-11-06 14:42:56'),(3,1,'Admin','141.105.67.232','Mozilla/5.0 (X11; Ubuntu; Linux x86_64; rv:70.0) Gecko/20100101 Firefox/70.0','2019-11-06 21:06:58'),(4,2,'User','183.182.115.28','Mozilla/5.0 (Windows NT 10.0; Win64; x64) AppleWebKit/537.36 (KHTML, like Gecko) Chrome/78.0.3904.70 Safari/537.36','2019-11-07 21:44:02'),(5,2,'User','183.182.115.28','Mozilla/5.0 (Windows NT 10.0; Win64; x64) AppleWebKit/537.36 (KHTML, like Gecko) Chrome/78.0.3904.70 Safari/537.36','2019-11-08 03:01:31'),(6,1,'Admin','18.222.212.87','Mozilla/5.0 (Windows NT 10.0; Win64; x64) AppleWebKit/537.36 (KHTML, like Gecko) Chrome/78.0.3904.97 Safari/537.36','2019-11-09 00:17:19'),(7,1,'Admin','18.222.212.87','Mozilla/5.0 (Windows NT 10.0; Win64; x64) AppleWebKit/537.36 (KHTML, like Gecko) Chrome/78.0.3904.97 Safari/537.36','2019-11-09 03:13:53'),(8,1,'User','18.222.212.87','Mozilla/5.0 (Windows NT 10.0; Win64; x64; rv:69.0) Gecko/20100101 Firefox/69.0','2019-11-09 03:15:05'),(9,1,'User','18.222.212.87','Mozilla/5.0 (Windows NT 10.0; Win64; x64; rv:69.0) Gecko/20100101 Firefox/69.0','2019-11-09 03:23:30'),(10,1,'Admin','18.222.212.87','Mozilla/5.0 (Windows NT 10.0; Win64; x64) AppleWebKit/537.36 (KHTML, like Gecko) Chrome/78.0.3904.97 Safari/537.36','2019-11-09 19:38:04'),(11,3,'User','110.54.213.203','Mozilla/5.0 (iPhone; CPU iPhone OS 13_1_3 like Mac OS X) AppleWebKit/605.1.15 (KHTML, like Gecko) Mobile/15E148 [FBAN/MessengerForiOS;FBDV/iPhone11,6;FBMD/iPhone;FBSN/iOS;FBSV/13.1.3;FBSS/3;F','2019-11-09 22:36:49'),(12,4,'User','47.15.227.27','Mozilla/5.0 (Windows NT 10.0; Win64; x64) AppleWebKit/537.36 (KHTML, like Gecko) Chrome/78.0.3904.87 Safari/537.36','2019-11-10 04:22:38'),(13,1,'Admin','18.222.212.87','Mozilla/5.0 (Windows NT 10.0; Win64; x64) AppleWebKit/537.36 (KHTML, like Gecko) Chrome/78.0.3904.97 Safari/537.36','2019-11-11 13:52:17'),(14,1,'Admin','18.222.212.87','Mozilla/5.0 (Windows NT 10.0; Win64; x64) AppleWebKit/537.36 (KHTML, like Gecko) Chrome/78.0.3904.97 Safari/537.36','2019-11-11 19:51:17'),(15,5,'User','18.222.212.87','Mozilla/5.0 (Windows NT 10.0; Win64; x64) AppleWebKit/537.36 (KHTML, like Gecko) Chrome/78.0.3904.97 Safari/537.36','2019-11-11 20:11:10'),(16,6,'User','18.222.212.87','Mozilla/5.0 (Windows NT 10.0; Win64; x64) AppleWebKit/537.36 (KHTML, like Gecko) Chrome/78.0.3904.97 Safari/537.36','2019-11-11 20:32:39'),(17,5,'User','117.136.6.39','Mozilla/5.0 (Windows NT 10.0; WOW64) AppleWebKit/537.36 (KHTML, like Gecko) Chrome/78.0.3904.97 Safari/537.36','2019-11-12 14:12:37'),(18,5,'User','222.169.176.66','Mozilla/5.0 (Windows NT 10.0; WOW64) AppleWebKit/537.36 (KHTML, like Gecko) Chrome/78.0.3904.97 Safari/537.36','2019-11-16 02:04:56'),(19,7,'User','58.97.47.100','Mozilla/5.0 (Macintosh; Intel Mac OS X 10_14_6) AppleWebKit/605.1.15 (KHTML, like Gecko) Version/13.0.3 Safari/605.1.15','2019-11-18 23:36:04'),(20,8,'User','189.206.34.234','Mozilla/5.0 (Windows NT 10.0; Win64; x64) AppleWebKit/537.36 (KHTML, like Gecko) Chrome/78.0.3904.97 Safari/537.36','2019-11-20 16:33:22'),(21,4,'User','157.40.69.59','Mozilla/5.0 (Windows NT 10.0; Win64; x64) AppleWebKit/537.36 (KHTML, like Gecko) Chrome/78.0.3904.108 Safari/537.36','2019-11-23 16:53:55'),(22,5,'User','222.162.52.14','Mozilla/5.0 (Windows NT 10.0; WOW64) AppleWebKit/537.36 (KHTML, like Gecko) Chrome/78.0.3904.108 Safari/537.36','2019-11-26 02:44:22'),(23,5,'User','111.25.215.74','Mozilla/5.0 (Windows NT 10.0; WOW64) AppleWebKit/537.36 (KHTML, like Gecko) Chrome/78.0.3904.108 Safari/537.36','2019-11-26 03:12:03'),(24,2,'User','183.182.110.18','Mozilla/5.0 (Windows NT 10.0; Win64; x64) AppleWebKit/537.36 (KHTML, like Gecko) Chrome/78.0.3904.70 Safari/537.36','2019-11-26 04:08:58'),(25,10,'User','111.26.197.43','Mozilla/5.0 (Windows NT 10.0; WOW64) AppleWebKit/537.36 (KHTML, like Gecko) Chrome/78.0.3904.108 Safari/537.36','2019-11-26 04:10:59'),(26,6,'User','183.182.110.18','Mozilla/5.0 (Windows NT 10.0; Win64; x64) AppleWebKit/537.36 (KHTML, like Gecko) Chrome/78.0.3904.70 Safari/537.36','2019-11-26 04:12:23'),(27,11,'User','183.182.110.18','Mozilla/5.0 (Windows NT 10.0; Win64; x64) AppleWebKit/537.36 (KHTML, like Gecko) Chrome/78.0.3904.70 Safari/537.36','2019-11-26 04:18:20'),(28,11,'User','111.26.197.43','Mozilla/5.0 (Windows NT 10.0; WOW64) AppleWebKit/537.36 (KHTML, like Gecko) Chrome/78.0.3904.108 Safari/537.36','2019-11-26 04:45:03'),(29,1,'Admin','13.52.246.91','Mozilla/5.0 (Windows NT 10.0; Win64; x64) AppleWebKit/537.36 (KHTML, like Gecko) Chrome/78.0.3904.108 Safari/537.36','2019-11-26 04:48:52'),(30,11,'User','13.52.246.91','Mozilla/5.0 (Windows NT 10.0; Win64; x64) AppleWebKit/537.36 (KHTML, like Gecko) Chrome/78.0.3904.108 Safari/537.36','2019-11-26 04:50:18'),(31,1,'Admin','111.26.197.43','Mozilla/5.0 (Windows NT 10.0; WOW64) AppleWebKit/537.36 (KHTML, like Gecko) Chrome/78.0.3904.108 Safari/537.36','2019-11-26 05:33:36'),(32,11,'User','111.25.215.74','Mozilla/5.0 (Windows NT 10.0; WOW64) AppleWebKit/537.36 (KHTML, like Gecko) Chrome/78.0.3904.108 Safari/537.36','2019-11-26 05:45:35'),(33,5,'User','183.182.110.18','Mozilla/5.0 (Windows NT 10.0; Win64; x64) AppleWebKit/537.36 (KHTML, like Gecko) Chrome/78.0.3904.108 Safari/537.36','2019-11-26 17:08:14'),(34,5,'User','183.182.110.18','Mozilla/5.0 (Windows NT 10.0; Win64; x64) AppleWebKit/537.36 (KHTML, like Gecko) Chrome/78.0.3904.108 Safari/537.36','2019-11-27 14:25:17'),(35,11,'User','183.182.110.18','Mozilla/5.0 (Windows NT 10.0; Win64; x64) AppleWebKit/537.36 (KHTML, like Gecko) Chrome/78.0.3904.108 Safari/537.36','2019-11-27 19:55:54'),(36,11,'User','183.182.110.18','Mozilla/5.0 (Windows NT 10.0; Win64; x64) AppleWebKit/537.36 (KHTML, like Gecko) Chrome/78.0.3904.108 Safari/537.36','2019-11-28 02:53:08'),(37,11,'User','183.182.110.18','Mozilla/5.0 (Windows NT 10.0; Win64; x64) AppleWebKit/537.36 (KHTML, like Gecko) Chrome/78.0.3904.108 Safari/537.36','2019-11-28 16:10:13'),(38,5,'User','183.182.110.18','Mozilla/5.0 (Windows NT 10.0; Win64; x64) AppleWebKit/537.36 (KHTML, like Gecko) Chrome/78.0.3904.108 Safari/537.36','2019-11-29 18:31:54'),(39,5,'User','183.182.110.18','Mozilla/5.0 (Windows NT 10.0; Win64; x64) AppleWebKit/537.36 (KHTML, like Gecko) Chrome/78.0.3904.108 Safari/537.36','2019-11-29 21:22:45'),(40,11,'User','183.182.110.18','Mozilla/5.0 (Windows NT 10.0; Win64; x64) AppleWebKit/537.36 (KHTML, like Gecko) Chrome/78.0.3904.108 Safari/537.36','2019-11-29 21:23:31'),(41,5,'User','183.182.110.18','Mozilla/5.0 (Windows NT 10.0; Win64; x64) AppleWebKit/537.36 (KHTML, like Gecko) Chrome/78.0.3904.108 Safari/537.36','2019-11-30 02:52:53'),(42,6,'User','183.182.110.18','Mozilla/5.0 (Windows NT 10.0; Win64; x64) AppleWebKit/537.36 (KHTML, like Gecko) Chrome/78.0.3904.108 Safari/537.36','2019-11-30 15:39:34'),(43,12,'User','183.182.110.18','Mozilla/5.0 (Windows NT 10.0; Win64; x64) AppleWebKit/537.36 (KHTML, like Gecko) Chrome/78.0.3904.108 Safari/537.36','2019-11-30 15:42:58'),(44,5,'User','183.182.110.18','Mozilla/5.0 (Windows NT 10.0; Win64; x64) AppleWebKit/537.36 (KHTML, like Gecko) Chrome/78.0.3904.108 Safari/537.36','2019-11-30 15:43:39'),(45,11,'User','183.182.110.18','Mozilla/5.0 (Windows NT 10.0; Win64; x64) AppleWebKit/537.36 (KHTML, like Gecko) Chrome/78.0.3904.108 Safari/537.36','2019-11-30 15:44:11'),(46,12,'User','183.182.110.18','Mozilla/5.0 (Windows NT 10.0; Win64; x64) AppleWebKit/537.36 (KHTML, like Gecko) Chrome/78.0.3904.108 Safari/537.36','2019-11-30 15:44:52'),(47,11,'User','183.182.110.18','Mozilla/5.0 (Windows NT 10.0; Win64; x64) AppleWebKit/537.36 (KHTML, like Gecko) Chrome/78.0.3904.108 Safari/537.36','2019-11-30 15:46:00'),(48,11,'User','183.182.110.18','Mozilla/5.0 (Windows NT 10.0; Win64; x64) AppleWebKit/537.36 (KHTML, like Gecko) Chrome/78.0.3904.108 Safari/537.36','2019-11-30 15:52:49'),(49,1,'Admin','183.182.110.18','Mozilla/5.0 (Windows NT 10.0; Win64; x64) AppleWebKit/537.36 (KHTML, like Gecko) Chrome/78.0.3904.108 Safari/537.36','2019-11-30 15:55:11'),(50,5,'User','183.182.110.18','Mozilla/5.0 (Windows NT 10.0; Win64; x64) AppleWebKit/537.36 (KHTML, like Gecko) Chrome/78.0.3904.108 Safari/537.36','2019-11-30 16:05:44'),(51,12,'User','183.182.110.18','Mozilla/5.0 (Windows NT 10.0; Win64; x64) AppleWebKit/537.36 (KHTML, like Gecko) Chrome/78.0.3904.108 Safari/537.36','2019-11-30 16:07:44'),(52,11,'User','183.182.110.18','Mozilla/5.0 (Windows NT 10.0; Win64; x64) AppleWebKit/537.36 (KHTML, like Gecko) Chrome/78.0.3904.108 Safari/537.36','2019-11-30 18:55:42'),(53,1,'Admin','183.182.110.58','Mozilla/5.0 (Windows NT 10.0; Win64; x64) AppleWebKit/537.36 (KHTML, like Gecko) Chrome/78.0.3904.108 Safari/537.36','2019-12-01 08:13:59'),(54,11,'User','183.182.110.58','Mozilla/5.0 (Windows NT 10.0; Win64; x64) AppleWebKit/537.36 (KHTML, like Gecko) Chrome/78.0.3904.108 Safari/537.36','2019-12-01 08:17:27'),(55,11,'User','183.182.110.58','Mozilla/5.0 (Windows NT 10.0; Win64; x64) AppleWebKit/537.36 (KHTML, like Gecko) Chrome/78.0.3904.108 Safari/537.36','2019-12-02 06:18:16'),(56,11,'User','183.182.110.58','Mozilla/5.0 (Windows NT 10.0; Win64; x64) AppleWebKit/537.36 (KHTML, like Gecko) Chrome/78.0.3904.108 Safari/537.36','2019-12-02 06:20:56'),(57,5,'User','183.182.110.58','Mozilla/5.0 (Windows NT 10.0; Win64; x64) AppleWebKit/537.36 (KHTML, like Gecko) Chrome/78.0.3904.108 Safari/537.36','2019-12-02 06:21:27'),(58,1,'Admin','183.182.110.58','Mozilla/5.0 (Windows NT 10.0; Win64; x64) AppleWebKit/537.36 (KHTML, like Gecko) Chrome/78.0.3904.108 Safari/537.36','2019-12-02 06:22:38'),(59,11,'User','183.182.110.58','Mozilla/5.0 (Windows NT 10.0; Win64; x64) AppleWebKit/537.36 (KHTML, like Gecko) Chrome/78.0.3904.108 Safari/537.36','2019-12-02 06:24:07'),(60,11,'User','183.182.111.253','Mozilla/5.0 (Windows NT 10.0; Win64; x64) AppleWebKit/537.36 (KHTML, like Gecko) Chrome/78.0.3904.108 Safari/537.36','2019-12-04 04:19:27'),(61,7,'User','120.29.100.232','Mozilla/5.0 (iPhone; CPU iPhone OS 13_1_3 like Mac OS X) AppleWebKit/605.1.15 (KHTML, like Gecko) Version/13.0.1 Mobile/15E148 Safari/604.1','2019-12-04 05:50:06');
/*!40000 ALTER TABLE `activity_logs` ENABLE KEYS */;
UNLOCK TABLES;

--
-- Table structure for table `admins`
--

DROP TABLE IF EXISTS `admins`;
/*!40101 SET @saved_cs_client     = @@character_set_client */;
/*!40101 SET character_set_client = utf8 */;
CREATE TABLE `admins` (
  `id` int(10) unsigned NOT NULL AUTO_INCREMENT,
  `role_id` int(10) unsigned NOT NULL,
  `first_name` varchar(100) NOT NULL,
  `last_name` varchar(100) NOT NULL,
  `phone` varchar(20) DEFAULT NULL,
  `email` varchar(191) NOT NULL,
  `password` varchar(60) NOT NULL,
  `status` enum('Active','Inactive') NOT NULL DEFAULT 'Active',
  `remember_token` varchar(100) DEFAULT NULL,
  `created_at` timestamp NULL DEFAULT NULL,
  `updated_at` timestamp NULL DEFAULT NULL,
  `picture` varchar(100) NOT NULL,
  PRIMARY KEY (`id`),
  UNIQUE KEY `admins_email_unique` (`email`),
  UNIQUE KEY `admins_phone_unique` (`phone`),
  KEY `admins_role_id_index` (`role_id`),
  CONSTRAINT `admins_role_id_foreign` FOREIGN KEY (`role_id`) REFERENCES `roles` (`id`) ON DELETE CASCADE ON UPDATE CASCADE
) ENGINE=InnoDB AUTO_INCREMENT=2 DEFAULT CHARSET=utf8;
/*!40101 SET character_set_client = @saved_cs_client */;

--
-- Dumping data for table `admins`
--

LOCK TABLES `admins` WRITE;
/*!40000 ALTER TABLE `admins` DISABLE KEYS */;
INSERT INTO `admins` VALUES (1,1,'Gary','B',NULL,'info@bournemedia.hk','$2y$10$UsMPC8hlmMNqCPOxH5tkyeKstnoNvH3sgcd391p1cAKzYeI5uQOoi','Active','evlFwAP3eeMbD72NoHXGkwxwwChsMTjimaKXmCcc4CKGlgl3JhvsZ5wkhCyF','2019-11-06 07:23:26','2019-11-06 07:25:10','');
/*!40000 ALTER TABLE `admins` ENABLE KEYS */;
UNLOCK TABLES;

--
-- Table structure for table `app_store_credentials`
--

DROP TABLE IF EXISTS `app_store_credentials`;
/*!40101 SET @saved_cs_client     = @@character_set_client */;
/*!40101 SET character_set_client = utf8 */;
CREATE TABLE `app_store_credentials` (
  `id` int(10) unsigned NOT NULL AUTO_INCREMENT,
  `has_app_credentials` enum('Yes','No') NOT NULL,
  `link` varchar(200) DEFAULT NULL,
  `logo` varchar(100) NOT NULL,
  `company` enum('Google','Apple') NOT NULL,
  `created_at` timestamp NULL DEFAULT NULL,
  `updated_at` timestamp NULL DEFAULT NULL,
  PRIMARY KEY (`id`)
) ENGINE=InnoDB AUTO_INCREMENT=3 DEFAULT CHARSET=utf8;
/*!40101 SET character_set_client = @saved_cs_client */;

--
-- Dumping data for table `app_store_credentials`
--

LOCK TABLES `app_store_credentials` WRITE;
/*!40000 ALTER TABLE `app_store_credentials` DISABLE KEYS */;
INSERT INTO `app_store_credentials` VALUES (1,'Yes','http://store.google.com/pay-money','1531650482.png','Google',NULL,NULL),(2,'Yes','https://itunes.apple.com/bd/app/pay-money','1531134592.png','Apple',NULL,NULL);
/*!40000 ALTER TABLE `app_store_credentials` ENABLE KEYS */;
UNLOCK TABLES;

--
-- Table structure for table `app_tokens`
--

DROP TABLE IF EXISTS `app_tokens`;
/*!40101 SET @saved_cs_client     = @@character_set_client */;
/*!40101 SET character_set_client = utf8 */;
CREATE TABLE `app_tokens` (
  `id` int(10) unsigned NOT NULL AUTO_INCREMENT,
  `app_id` int(10) unsigned NOT NULL,
  `token` varchar(100) NOT NULL,
  `expires_in` varchar(20) NOT NULL,
  `created_at` timestamp NULL DEFAULT NULL,
  `updated_at` timestamp NULL DEFAULT NULL,
  PRIMARY KEY (`id`),
  KEY `app_tokens_app_id_index` (`app_id`),
  CONSTRAINT `app_tokens_app_id_foreign` FOREIGN KEY (`app_id`) REFERENCES `merchant_apps` (`id`) ON DELETE CASCADE ON UPDATE CASCADE
) ENGINE=InnoDB AUTO_INCREMENT=479 DEFAULT CHARSET=utf8;
/*!40101 SET character_set_client = @saved_cs_client */;

--
-- Dumping data for table `app_tokens`
--

LOCK TABLES `app_tokens` WRITE;
/*!40000 ALTER TABLE `app_tokens` DISABLE KEYS */;
INSERT INTO `app_tokens` VALUES (1,1,'Qu7aF1au27urK6BnH8cxrdNU26','1575056520','2019-11-29 18:42:00','2019-11-29 18:42:00'),(2,1,'wrJ8P1wco8fD0GpHv4juIDsAIg','1575066831','2019-11-29 21:33:51','2019-11-29 21:33:51'),(3,1,'utJ8wqPffuqEWuu6qkk4usMuAG','1575067460','2019-11-29 21:44:20','2019-11-29 21:44:20'),(4,1,'t1G1PftCckq47R1npxE7Gj5DNW','1575067550','2019-11-29 21:45:50','2019-11-29 21:45:50'),(5,1,'FQZ4aZGavFnMxCD3vEc0AozKLB','1575067599','2019-11-29 21:46:39','2019-11-29 21:46:39'),(6,1,'p9oF3c2dJL0fkvZXvDUb3BoSwA','1575067625','2019-11-29 21:47:05','2019-11-29 21:47:05'),(7,1,'ffvPgAPv4sHILrlHlrZC7vX0GJ','1575067689','2019-11-29 21:48:09','2019-11-29 21:48:09'),(8,1,'Dk2zgY8A1dwbG1uVsH7w7jIL6P','1575067768','2019-11-29 21:49:28','2019-11-29 21:49:28'),(9,1,'K2u20u2v7dl4p2zdpgBclvErEB','1575067806','2019-11-29 21:50:06','2019-11-29 21:50:06'),(10,1,'nsIQNmNffSIFBhMVmHtQF1g251','1575067891','2019-11-29 21:51:31','2019-11-29 21:51:31'),(11,1,'nFAn5SsypnvAP4vCc0Eyo5wvgb','1575067922','2019-11-29 21:52:02','2019-11-29 21:52:02'),(12,1,'v91EYKKhLS8ljEFfdRvc6fZriL','1575068143','2019-11-29 21:55:43','2019-11-29 21:55:43'),(13,1,'bWx4ZDa8AnVSK09Qy603ej0goM','1575068246','2019-11-29 21:57:26','2019-11-29 21:57:26'),(14,1,'OQ4AVQ67wyb2TTRMrHmQSb8l6B','1575068326','2019-11-29 21:58:46','2019-11-29 21:58:46'),(15,1,'6qb4ruageZHYwniTNLIwVGTYk1','1575068387','2019-11-29 21:59:47','2019-11-29 21:59:47'),(16,1,'F941xbzHMiY8TcVUvp3J7F6ycQ','1575068474','2019-11-29 22:01:14','2019-11-29 22:01:14'),(17,1,'PTo6vMgOrny8wPKGaFM3bgLjur','1575068554','2019-11-29 22:02:34','2019-11-29 22:02:34'),(18,1,'Np9r7zONCq8U1IHpV90xIaN9cl','1575068637','2019-11-29 22:03:57','2019-11-29 22:03:57'),(19,1,'ZZ0d2m68pQo1xRQzBjTAW3XiWr','1575069021','2019-11-29 22:10:21','2019-11-29 22:10:21'),(20,1,'O5GfBgvOEOatZbty8I8h5Es9RJ','1575069165','2019-11-29 22:12:45','2019-11-29 22:12:45'),(21,1,'fFAmJuwWPEAGwq5bVmWc6QSTVu','1575069221','2019-11-29 22:13:41','2019-11-29 22:13:41'),(22,1,'HWbflkLQHRjOwwHklCgIlr7uF8','1575069285','2019-11-29 22:14:45','2019-11-29 22:14:45'),(23,1,'g495jUezgR4tGpq54WBMhA8j29','1575069316','2019-11-29 22:15:16','2019-11-29 22:15:16'),(24,1,'fKG9r9UNg72kg4r10O40ldHhyW','1575069334','2019-11-29 22:15:34','2019-11-29 22:15:34'),(25,1,'F5899nvA2fE7aUrqFe5rsQ58qD','1575069953','2019-11-29 22:25:53','2019-11-29 22:25:53'),(26,1,'n175XPGnJYAhRC63Eedj2DtmoF','1575070388','2019-11-29 22:33:08','2019-11-29 22:33:08'),(27,1,'R1jqH19hG2EZYPIVQp54rPUU6y','1575070457','2019-11-29 22:34:17','2019-11-29 22:34:17'),(28,1,'SGQwvRe253nllRIsQRCjuLXGbv','1575071770','2019-11-29 22:56:10','2019-11-29 22:56:10'),(29,1,'Xer4jUvKlLjVhaskSgvP40rMZ4','1575071819','2019-11-29 22:56:59','2019-11-29 22:56:59'),(30,1,'XIJVHC9y9cuZ3xtZwatGJQ7u75','1575073066','2019-11-29 23:17:46','2019-11-29 23:17:46'),(31,1,'ueicPW8mLHpnbgWWXKiNPeyaqB','1575073102','2019-11-29 23:18:22','2019-11-29 23:18:22'),(32,1,'MeCpaIyBzUK5AUZzT6mw76PAIr','1575073158','2019-11-29 23:19:18','2019-11-29 23:19:18'),(33,1,'8i8BTHKcyF1OfYgGd0FP7ZJTxl','1575073267','2019-11-29 23:21:07','2019-11-29 23:21:07'),(34,1,'2CKkkmhYiINrO1tj4sCimErNsa','1575073631','2019-11-29 23:27:11','2019-11-29 23:27:11'),(35,1,'1MXWcNk4uayRu73JuMqgAOGA8e','1575073849','2019-11-29 23:30:49','2019-11-29 23:30:49'),(36,1,'o3ABooMbGmvrynI8DZ5vFxJDnD','1575073880','2019-11-29 23:31:20','2019-11-29 23:31:20'),(37,1,'tbf7DH2lABRptk04cSAcse8UgE','1575073890','2019-11-29 23:31:30','2019-11-29 23:31:30'),(38,1,'mNwQ4O3mBkWaGLZJo1aHnzclwW','1575074147','2019-11-29 23:35:47','2019-11-29 23:35:47'),(39,1,'OcsO2Geq0JVZXbJN4CWegIsuWw','1575074203','2019-11-29 23:36:43','2019-11-29 23:36:43'),(40,1,'sXdAXkULkPtUjYszUCZ3YADKti','1575074435','2019-11-29 23:40:35','2019-11-29 23:40:35'),(41,1,'PPwNni8zEBCqp3DKzx0N4o24DE','1575074503','2019-11-29 23:41:43','2019-11-29 23:41:43'),(42,2,'D35QEcBOhfGAHL3ymO8LVlKA96','1575133506','2019-11-30 16:05:06','2019-11-30 16:05:06'),(43,1,'DqwuQgT7rwuZeAI2nEHi8wqnZr','1575163442','2019-12-01 00:24:02','2019-12-01 00:24:02'),(44,1,'eL802Q3eOcv83Z0eVdnK7U41Db','1575163664','2019-12-01 00:27:44','2019-12-01 00:27:44'),(45,1,'920oRr9GBm6kpPZ0lNdoxsKbBT','1575167186','2019-12-01 01:26:26','2019-12-01 01:26:26'),(46,1,'urmb1gMKnY7TJ6eGO0N1RQCVuI','1575167245','2019-12-01 01:27:25','2019-12-01 01:27:25'),(47,1,'ziKToIQFNfFttzWXqI9gNxgBni','1575167834','2019-12-01 01:37:14','2019-12-01 01:37:14'),(48,1,'Dowe8GwtJYdmCNVdZ5tpS5VcbF','1575168038','2019-12-01 01:40:38','2019-12-01 01:40:38'),(49,1,'b9gocRjJbdnPHKJ3f9TnkAgFQF','1575168090','2019-12-01 01:41:30','2019-12-01 01:41:30'),(50,1,'KPM1ADePJrNfmjxl24Yc4cV3nE','1575168241','2019-12-01 01:44:01','2019-12-01 01:44:01'),(51,1,'UsauHdqL0M7bejJl16VFysSIYc','1575168318','2019-12-01 01:45:18','2019-12-01 01:45:18'),(52,1,'xizUzCTWIVo0dzXnsB82o9DMzP','1575168354','2019-12-01 01:45:54','2019-12-01 01:45:54'),(53,1,'72oUvvS2GMNnqr4NRCZsQC3m81','1575168455','2019-12-01 01:47:35','2019-12-01 01:47:35'),(54,1,'oqG5v8atUXe3845UMtlCCT83o1','1575168522','2019-12-01 01:48:42','2019-12-01 01:48:42'),(55,1,'Hn2QUrFw5frFpUQlaUnrIdVYVf','1575168743','2019-12-01 01:52:23','2019-12-01 01:52:23'),(56,1,'3gYzefMRtklAxJgQJ0vvn7sPCL','1575168783','2019-12-01 01:53:03','2019-12-01 01:53:03'),(57,1,'fkI6TjHZfvUhKAvRU25Wrs4u1P','1575168998','2019-12-01 01:56:38','2019-12-01 01:56:38'),(58,1,'LHZpD6xiScfnYmzFdmwTl0zTUc','1575169551','2019-12-01 02:05:51','2019-12-01 02:05:51'),(59,1,'csnmv6WVUYAvkleq838xlV6XkO','1575169600','2019-12-01 02:06:40','2019-12-01 02:06:40'),(60,1,'Y7hHEVYgibhKYhMjZ76lwudA2Y','1575169643','2019-12-01 02:07:23','2019-12-01 02:07:23'),(61,1,'NNpOTbpxNVR2SjSwXPaVT3NcXO','1575169709','2019-12-01 02:08:29','2019-12-01 02:08:29'),(62,1,'p75k0YCuYvgiskRe2ELmGcg2xm','1575169958','2019-12-01 02:12:38','2019-12-01 02:12:38'),(63,1,'ni0R6nnLIQSubFkboBaeJE1Kfn','1575170149','2019-12-01 02:15:49','2019-12-01 02:15:49'),(64,1,'McxQfpZSKhQKrWqKSBH0PMA8MI','1575170203','2019-12-01 02:16:43','2019-12-01 02:16:43'),(65,1,'4yt0ErfGaPJzjh3pwrlWd8rcjE','1575170333','2019-12-01 02:18:53','2019-12-01 02:18:53'),(66,1,'aizJNFa3tngVGgjnpJTcaSjU5s','1575170510','2019-12-01 02:21:50','2019-12-01 02:21:50'),(67,1,'axugOYw4jjPASPFr06ikgxTCr6','1575187307','2019-12-01 07:01:47','2019-12-01 07:01:47'),(68,2,'HmOCsfMrmxBW4BQnUxgWdy6Fuk','1575187307','2019-12-01 07:01:47','2019-12-01 07:01:47'),(69,1,'ZJwZnOFntH9Hgt2wLTb3OBcq8D','1575188296','2019-12-01 07:18:16','2019-12-01 07:18:16'),(70,2,'e14HYjz5gb0eOoBbB1LWxo40ZO','1575188296','2019-12-01 07:18:16','2019-12-01 07:18:16'),(71,1,'le60JSdhdbZk7iGHw9Q8e4fobl','1575188379','2019-12-01 07:19:39','2019-12-01 07:19:39'),(72,2,'HAMYCDMCyWQxb3OJPHPGws9dSm','1575188379','2019-12-01 07:19:39','2019-12-01 07:19:39'),(73,1,'d414SzlPmDkSeUNi1IaIthOEdV','1575188747','2019-12-01 07:25:47','2019-12-01 07:25:47'),(74,2,'Xia2evkFPREPXoYST4p6bZIzgR','1575188747','2019-12-01 07:25:47','2019-12-01 07:25:47'),(75,1,'Njo05CM9E5E6by8Nb3jte8Ltiv','1575188816','2019-12-01 07:26:56','2019-12-01 07:26:56'),(76,2,'GiqcQebM6vRpTdq7J9AKFMxkBm','1575188816','2019-12-01 07:26:56','2019-12-01 07:26:56'),(77,1,'QeMUr9WsLOOwPUdoCaNPW3yZBD','1575188862','2019-12-01 07:27:42','2019-12-01 07:27:42'),(78,2,'Q3mIl2kDIkwMA2RvfSrr4s0fMb','1575188862','2019-12-01 07:27:42','2019-12-01 07:27:42'),(79,1,'WO9QgeoclckaOvzCdV2XNFko3P','1575188891','2019-12-01 07:28:11','2019-12-01 07:28:11'),(80,2,'1J2rOeguP2dK70jrL7bVzgaHz1','1575188891','2019-12-01 07:28:11','2019-12-01 07:28:11'),(81,1,'qtQzgXEZyhUfXgMSVv06LGf1hW','1575188939','2019-12-01 07:28:59','2019-12-01 07:28:59'),(82,2,'dHPIR0IKwAY6CvYLNcQBtkcUSw','1575188939','2019-12-01 07:28:59','2019-12-01 07:28:59'),(83,1,'k8K7gxQvl5pR8PYcY43FqGvWu4','1575188979','2019-12-01 07:29:39','2019-12-01 07:29:39'),(84,2,'V5xiERoq5Nq6iKcHVoS29G0bAw','1575188979','2019-12-01 07:29:39','2019-12-01 07:29:39'),(85,1,'4IvLxUNdzulbprpH9qNWKio8jD','1575189006','2019-12-01 07:30:06','2019-12-01 07:30:06'),(86,2,'hw8y6A1nCmKI350cuDHNaz71Ny','1575189006','2019-12-01 07:30:06','2019-12-01 07:30:06'),(87,1,'zUAlJCYjZOmcXsZcTiEvgN3ABf','1575189061','2019-12-01 07:31:01','2019-12-01 07:31:01'),(88,2,'RmsPpOqv4Rsa7KqGpUiPiy34Z8','1575189061','2019-12-01 07:31:01','2019-12-01 07:31:01'),(89,1,'dLtMJMEN4aZvDpzpferaMdpxB4','1575189088','2019-12-01 07:31:28','2019-12-01 07:31:28'),(90,2,'UVQEA0gDD7hhuh3kBTFtg3MWDP','1575189088','2019-12-01 07:31:28','2019-12-01 07:31:28'),(91,1,'XEL04hjKCCMbwR87vSPqC5X5RF','1575189126','2019-12-01 07:32:06','2019-12-01 07:32:06'),(92,2,'zhKoGiDRmZKFCNFTRUz7ytvrnf','1575189126','2019-12-01 07:32:06','2019-12-01 07:32:06'),(93,1,'WouaHatlP8aYOYFY4f4gi0k8oI','1575189151','2019-12-01 07:32:31','2019-12-01 07:32:31'),(94,2,'SU4U8M1yalIT7InO9z01XIHJtB','1575189151','2019-12-01 07:32:31','2019-12-01 07:32:31'),(95,1,'E7wRXlqUtqPcVTREO2TEvqmnDA','1575189214','2019-12-01 07:33:34','2019-12-01 07:33:34'),(96,2,'vwGHfscv0dPeF8koxFAYWatLwO','1575189214','2019-12-01 07:33:34','2019-12-01 07:33:34'),(97,1,'ZQH7ybJDtgiSV0YSMNmElmLK0U','1575191235','2019-12-01 08:07:15','2019-12-01 08:07:15'),(98,2,'23UbFEfWzZ7dMbRu4RBZIGvb3Q','1575191235','2019-12-01 08:07:15','2019-12-01 08:07:15'),(99,1,'zCgGoKwM87WpuTNQDd6PNot7Vs','1575191336','2019-12-01 08:08:56','2019-12-01 08:08:56'),(100,2,'JTVmtDzJGVghbRwxPVkVXnpraB','1575191336','2019-12-01 08:08:56','2019-12-01 08:08:56'),(101,1,'tb0kpIKnPnaufeyL2RKON1SwNT','1575191361','2019-12-01 08:09:21','2019-12-01 08:09:21'),(102,2,'PsD8ocSePQZE6SUvGP4UWB9aST','1575191361','2019-12-01 08:09:21','2019-12-01 08:09:21'),(103,1,'QOsh43ZbIxBnThkUaKgo6fgond','1575191392','2019-12-01 08:09:52','2019-12-01 08:09:52'),(104,2,'iRY4sPDq1xBdkVIzF24Zrtr3lB','1575191392','2019-12-01 08:09:52','2019-12-01 08:09:52'),(105,1,'rLQfzoUkZzZ9sgg6gZFRhPi2k0','1575191446','2019-12-01 08:10:46','2019-12-01 08:10:46'),(106,2,'KAJTHkM6HkXAILAH4qbgFp0md2','1575191446','2019-12-01 08:10:46','2019-12-01 08:10:46'),(107,1,'u9gDdnwVPoxO7gOE7k1HC0Alyz','1575191476','2019-12-01 08:11:16','2019-12-01 08:11:16'),(108,2,'0xz3OX2eWFNztCFbHiAjTM629F','1575191476','2019-12-01 08:11:16','2019-12-01 08:11:16'),(109,1,'sNpoIeNPx2BphcCkwPrQEiFeR1','1575191760','2019-12-01 08:16:00','2019-12-01 08:16:00'),(110,2,'TyB9AJRa6mSJnDR51nuwUzfL32','1575191760','2019-12-01 08:16:00','2019-12-01 08:16:00'),(111,1,'ku7MpKviihdO7sBnFxVrISDpCM','1575191933','2019-12-01 08:18:53','2019-12-01 08:18:53'),(112,2,'5VXYYMCmi95lFoATbh5ebWI7ke','1575191933','2019-12-01 08:18:53','2019-12-01 08:18:53'),(113,1,'IfcDyLzxDazXHjZDlFcArA5dUt','1575192181','2019-12-01 08:23:01','2019-12-01 08:23:01'),(114,2,'3OdAhtZOmYk3NPSqg0scDkh6jP','1575192181','2019-12-01 08:23:01','2019-12-01 08:23:01'),(115,1,'PwCQd9P8whVTpRXBkUZFrsTNmL','1575192292','2019-12-01 08:24:52','2019-12-01 08:24:52'),(116,2,'D0cRXldhhdLvuilptmqFJKB2WF','1575192292','2019-12-01 08:24:52','2019-12-01 08:24:52'),(117,1,'Nga2hHe8PhL8oCKhgSAhRIrVzP','1575192349','2019-12-01 08:25:49','2019-12-01 08:25:49'),(118,2,'sq9JargJ69SGwq97L7qiSyqgZP','1575192349','2019-12-01 08:25:49','2019-12-01 08:25:49'),(119,1,'mAaW0BkAFbEmSDuJvOdztw6HJQ','1575192399','2019-12-01 08:26:39','2019-12-01 08:26:39'),(120,2,'Qh7BoICwqujMQ0Th0V6kqyHa24','1575192399','2019-12-01 08:26:39','2019-12-01 08:26:39'),(121,1,'dBpqCfDUoSGicNEGiP3GsqqEEo','1575192447','2019-12-01 08:27:27','2019-12-01 08:27:27'),(122,2,'hTxsWJ5821FEoWkQrq9f0X1Z6w','1575192447','2019-12-01 08:27:27','2019-12-01 08:27:27'),(123,1,'JNxQpyLmR4Km12LwW9nxPmNKmF','1575192510','2019-12-01 08:28:30','2019-12-01 08:28:30'),(124,2,'YYNJphnqMqlnvmCnyVQv55bGsH','1575192510','2019-12-01 08:28:30','2019-12-01 08:28:30'),(125,1,'tKUbJgakQQK751Uwl69qF4yaBf','1575192674','2019-12-01 08:31:14','2019-12-01 08:31:14'),(126,2,'fHUgKk3frO7IfX5X5yKjC1ZubK','1575192674','2019-12-01 08:31:14','2019-12-01 08:31:14'),(127,1,'zW3z5ZGSaOnTNNP7rj8nh40NA5','1575192792','2019-12-01 08:33:12','2019-12-01 08:33:12'),(128,2,'okpTkEpUTNxj6AD1bbqm0ZAbmv','1575192792','2019-12-01 08:33:12','2019-12-01 08:33:12'),(129,1,'Q4wanTJFUYfONgDv3HQOzIowy8','1575193016','2019-12-01 08:36:56','2019-12-01 08:36:56'),(130,2,'peHyFNc63WAdHEL6AspxvxhQwZ','1575193016','2019-12-01 08:36:56','2019-12-01 08:36:56'),(131,1,'VNf3CdPy581t4h1tyvFumabATl','1575193087','2019-12-01 08:38:07','2019-12-01 08:38:07'),(132,2,'1RxOwtxZ0kALZDC2EH0crGvWZO','1575193087','2019-12-01 08:38:07','2019-12-01 08:38:07'),(133,1,'s4OJam8IsuG10WQTtf8VCHldEg','1575193269','2019-12-01 08:41:09','2019-12-01 08:41:09'),(134,2,'DpKmZOukLQnFS9mZ8E4uO6CyHa','1575193269','2019-12-01 08:41:09','2019-12-01 08:41:09'),(135,1,'GmQMcSxPouTFLeMJV9VCYryViX','1575193346','2019-12-01 08:42:26','2019-12-01 08:42:26'),(136,2,'SVhPdij8U293OUrc0w2n7VCIjB','1575193346','2019-12-01 08:42:26','2019-12-01 08:42:26'),(137,1,'lCydw02wgGybePvh0B67wNAhEo','1575193586','2019-12-01 08:46:26','2019-12-01 08:46:26'),(138,2,'jIcjYJKGjYDNtaIcOhhjsOOYYD','1575193586','2019-12-01 08:46:26','2019-12-01 08:46:26'),(139,1,'QhvtgvDPO6N2ZQvrBVBvzJUWAO','1575193828','2019-12-01 08:50:28','2019-12-01 08:50:28'),(140,2,'xrPig3FIabvx8PveFYQtSsOLmy','1575193828','2019-12-01 08:50:28','2019-12-01 08:50:28'),(141,1,'QGvipMxRqqAub1Emx2a63aXTtK','1575193853','2019-12-01 08:50:53','2019-12-01 08:50:53'),(142,2,'gNGNUop25PPMYfprorztFwCEUl','1575193853','2019-12-01 08:50:53','2019-12-01 08:50:53'),(143,1,'vWraLjQhJTeogbIOs29kSVdBoy','1575193992','2019-12-01 08:53:12','2019-12-01 08:53:12'),(144,2,'Wzb2ZdoNKCjTm99wv4r68JNgqM','1575193992','2019-12-01 08:53:12','2019-12-01 08:53:12'),(145,1,'6rlZtzZQlch7ujgCmeeHuCOyqj','1575194054','2019-12-01 08:54:14','2019-12-01 08:54:14'),(146,2,'NnBCqc59ENGskmA6Mlc66wMoVo','1575194054','2019-12-01 08:54:14','2019-12-01 08:54:14'),(147,1,'OAT027QfiwhYozVXjo9v6mLrug','1575194128','2019-12-01 08:55:28','2019-12-01 08:55:28'),(148,2,'3K8dYeJK09xyAsU9Lcun1cuPih','1575194128','2019-12-01 08:55:28','2019-12-01 08:55:28'),(149,1,'fo3oyq6HGsgWwGT1R2gRRKZp6h','1575194943','2019-12-01 09:09:03','2019-12-01 09:09:03'),(150,2,'mIjpS2ORD4plle9Buy2TDlaDoO','1575194943','2019-12-01 09:09:03','2019-12-01 09:09:03'),(151,1,'GO8y3scWP7uyaqTVA2pQbNGwVc','1575194968','2019-12-01 09:09:28','2019-12-01 09:09:28'),(152,2,'CWRfQifyFGXBC4nSDn4xFbGuWW','1575194968','2019-12-01 09:09:28','2019-12-01 09:09:28'),(153,1,'3OECgflv11P0HLATV8E4WmW5Cc','1575194995','2019-12-01 09:09:55','2019-12-01 09:09:55'),(154,2,'JEeN3jydwd2QWIMHl1jpRYryBC','1575194995','2019-12-01 09:09:55','2019-12-01 09:09:55'),(155,1,'iqkbFNRBlqaAAk4j2dqUzUTUWg','1575195227','2019-12-01 09:13:47','2019-12-01 09:13:47'),(156,2,'B3JE78P9H61Z7YiSkLobG1aB68','1575195227','2019-12-01 09:13:47','2019-12-01 09:13:47'),(157,1,'JbYbJOpKmZTdvj5VlRzSJTz0Eo','1575195440','2019-12-01 09:17:20','2019-12-01 09:17:20'),(158,2,'XaLP0S4gujjmEzHs9AJg8OGvDY','1575195440','2019-12-01 09:17:20','2019-12-01 09:17:20'),(159,1,'PCmnhhtTBhAKoeJnOJXKxg2EID','1575195767','2019-12-01 09:22:47','2019-12-01 09:22:47'),(160,2,'3dKrpNqSl5mXuVu8o4XymZhXY6','1575195767','2019-12-01 09:22:47','2019-12-01 09:22:47'),(161,1,'q8QEhKYx8pVu4ZlEkDSVLJoT5z','1575195807','2019-12-01 09:23:27','2019-12-01 09:23:27'),(162,2,'zb4bnjyrCzs1otwEPZvXstVofQ','1575195807','2019-12-01 09:23:27','2019-12-01 09:23:27'),(163,1,'YUmSqwNNK261o2VZI20so1SPQj','1575195837','2019-12-01 09:23:57','2019-12-01 09:23:57'),(164,2,'40pmWq4pR8fo0qclWuvbQEYjnM','1575195837','2019-12-01 09:23:57','2019-12-01 09:23:57'),(165,1,'LkE3AenLdD85YCuHCx2BlxfKFO','1575196044','2019-12-01 09:27:24','2019-12-01 09:27:24'),(166,2,'XiRb4Bf2ryfPPnyz7GpU2w4AYP','1575196044','2019-12-01 09:27:24','2019-12-01 09:27:24'),(167,1,'IQnAF9FvQzPwLsGpd5o4A90l8Z','1575196109','2019-12-01 09:28:29','2019-12-01 09:28:29'),(168,2,'oxWLXgKbwq3Sy9GmvkuRq8AyLd','1575196109','2019-12-01 09:28:29','2019-12-01 09:28:29'),(169,1,'NnhVrguMjvYe2C8ujLnveQv5Ti','1575196153','2019-12-01 09:29:13','2019-12-01 09:29:13'),(170,2,'5IR4qIFgVLNBoUELqtJKUG5GDk','1575196153','2019-12-01 09:29:13','2019-12-01 09:29:13'),(171,1,'sZpvylII5M3MpjIzktt3XuwDF7','1575196267','2019-12-01 09:31:07','2019-12-01 09:31:07'),(172,2,'g7DicN01YnGVqyhSp01qn7Iwu0','1575196267','2019-12-01 09:31:07','2019-12-01 09:31:07'),(173,1,'BEdzsG6Y41XfkXHBeSZLvMchv1','1575209803','2019-12-01 13:16:43','2019-12-01 13:16:43'),(174,2,'uDwsRm42nM8RjMIpShcbArtpck','1575209803','2019-12-01 13:16:43','2019-12-01 13:16:43'),(175,1,'PUizFHBiwctupCfLodewh2HIhg','1575210195','2019-12-01 13:23:15','2019-12-01 13:23:15'),(176,2,'zcb4Xhdvi4SXsf9C8FsFkkQ2cE','1575210195','2019-12-01 13:23:15','2019-12-01 13:23:15'),(177,1,'ZsgWywJHTZslnBQCrV0AfH5AhG','1575210586','2019-12-01 13:29:46','2019-12-01 13:29:46'),(178,2,'HQpzeg9qQAfxfYfde7CB2LeQUi','1575210586','2019-12-01 13:29:46','2019-12-01 13:29:46'),(179,1,'0TuCUcuZI9dksYcPc25Hf1WGoz','1575210689','2019-12-01 13:31:29','2019-12-01 13:31:29'),(180,2,'6PU6axmyPM9SRLvvQG4823CdxR','1575210689','2019-12-01 13:31:29','2019-12-01 13:31:29'),(181,1,'JorQFHSm7gTi2MPl89lngxk0aE','1575210759','2019-12-01 13:32:39','2019-12-01 13:32:39'),(182,2,'2p2NlmEMR7KklEgrtyG62fXzHd','1575210759','2019-12-01 13:32:39','2019-12-01 13:32:39'),(183,1,'RMzt3G3J9dPkb4mzSIVGpkXCtj','1575211001','2019-12-01 13:36:41','2019-12-01 13:36:41'),(184,2,'ixmSjvWKIvpWxbfhRKhdpcI57c','1575211001','2019-12-01 13:36:41','2019-12-01 13:36:41'),(185,1,'mhV9rDDVNikTbzKfZ71okOvOAK','1575211131','2019-12-01 13:38:51','2019-12-01 13:38:51'),(186,2,'bI4BCsehQWFb3uwtIJ2tXmP9Tk','1575211131','2019-12-01 13:38:51','2019-12-01 13:38:51'),(187,1,'5o97Ht0WTDuUXyREJzUSgVVLNG','1575211841','2019-12-01 13:50:41','2019-12-01 13:50:41'),(188,2,'bO8XrLWrNc6Pll3zM1E7pEJrYR','1575211841','2019-12-01 13:50:41','2019-12-01 13:50:41'),(189,1,'gSeWgkPFYeM0AEFgQEutZ2GgWx','1575211933','2019-12-01 13:52:13','2019-12-01 13:52:13'),(190,2,'dpaLKAjxR7nX9LNOuuIl1lfpX5','1575211933','2019-12-01 13:52:13','2019-12-01 13:52:13'),(191,1,'GadmKmL5IJs2TMvoSM0a9Xbz7i','1575212014','2019-12-01 13:53:34','2019-12-01 13:53:34'),(192,2,'nH9UnbCAaGfg68QPWYDEr2XBd7','1575212014','2019-12-01 13:53:34','2019-12-01 13:53:34'),(193,1,'Ux1kRcuYouiwNw5Szwx1GOwNaN','1575212088','2019-12-01 13:54:48','2019-12-01 13:54:48'),(194,2,'XF7qb6z0UvYDHKCw0HFElFNnlN','1575212088','2019-12-01 13:54:48','2019-12-01 13:54:48'),(195,1,'GjMlrQ7OGEcxwTTBl47z900Ikk','1575212144','2019-12-01 13:55:44','2019-12-01 13:55:44'),(196,2,'9KIkIV9O4IQJ8ok67XgeOwSLor','1575212144','2019-12-01 13:55:44','2019-12-01 13:55:44'),(197,1,'4uPaFZ9JRIIGHwDBYMW6rGd16f','1575212184','2019-12-01 13:56:24','2019-12-01 13:56:24'),(198,2,'0nxDsuMZVYWcko20aOMw3bNQOp','1575212184','2019-12-01 13:56:24','2019-12-01 13:56:24'),(199,1,'0lT7V8udPK1VcrjmkN3cgkjZt2','1575212226','2019-12-01 13:57:06','2019-12-01 13:57:06'),(200,2,'QcwqdC73CXsf58rnJAqubpiMOX','1575212226','2019-12-01 13:57:06','2019-12-01 13:57:06'),(201,1,'Z7nzcrDzW9eqPz7lobSAvWhgQe','1575212306','2019-12-01 13:58:26','2019-12-01 13:58:26'),(202,2,'4rqOnX42ynywtkFQECS5TShjgb','1575212306','2019-12-01 13:58:26','2019-12-01 13:58:26'),(203,1,'VZaHFidmJCHXVAY3E9u1gKPzey','1575212529','2019-12-01 14:02:09','2019-12-01 14:02:09'),(204,2,'SdXrVdCpAKnjIb7D2BgTGoGv1a','1575212529','2019-12-01 14:02:09','2019-12-01 14:02:09'),(205,1,'HQket6vpev5BSHwHsQ01HZ5d8C','1575213354','2019-12-01 14:15:54','2019-12-01 14:15:54'),(206,2,'aN6Hw6WpfoL0B9GrrLf4d0gLcs','1575213354','2019-12-01 14:15:54','2019-12-01 14:15:54'),(207,1,'4NVQVsJ3p0Dl7x7CjFN8Izuc0d','1575213456','2019-12-01 14:17:36','2019-12-01 14:17:36'),(208,2,'LCZSvbQ61B4Q6MlLRrrK5b8k7i','1575213456','2019-12-01 14:17:36','2019-12-01 14:17:36'),(209,1,'KMrg4Y0HWsCXvnIYUsiGitoS6O','1575213669','2019-12-01 14:21:09','2019-12-01 14:21:09'),(210,2,'13IGrnPJ9Jsk2uoRFj2ZG8eVlD','1575213669','2019-12-01 14:21:09','2019-12-01 14:21:09'),(211,1,'WqibUfjfIHh2LL3U5OBGjrzahR','1575214109','2019-12-01 14:28:29','2019-12-01 14:28:29'),(212,2,'GTfm8wW9HXcoH5I4B3dXNKtw88','1575214109','2019-12-01 14:28:29','2019-12-01 14:28:29'),(213,1,'VWOQTKKpnUdy5VC283ZxQbPv3h','1575214358','2019-12-01 14:32:38','2019-12-01 14:32:38'),(214,2,'CxTrvJ67puWLEPJLvGUGdrkguE','1575214358','2019-12-01 14:32:38','2019-12-01 14:32:38'),(215,1,'RBtb48voQ5Pn3PN8ZL6sThBxk0','1575214572','2019-12-01 14:36:12','2019-12-01 14:36:12'),(216,2,'YbAWCgDsEfwKBwTIwNDXNxz72H','1575214572','2019-12-01 14:36:12','2019-12-01 14:36:12'),(217,1,'84AMqvdVdQ8n7CYlxfXDuqjduj','1575214658','2019-12-01 14:37:38','2019-12-01 14:37:38'),(218,2,'KlDs1NWCDLSzshKLeQ2Cyi0iXg','1575214658','2019-12-01 14:37:38','2019-12-01 14:37:38'),(219,1,'HzkRSetrIq3HfAFsdefa77FeI6','1575214786','2019-12-01 14:39:46','2019-12-01 14:39:46'),(220,2,'NlOGUIN2ihIsdIeV1WJU5XpBa5','1575214786','2019-12-01 14:39:46','2019-12-01 14:39:46'),(221,1,'jPmw1yDMkoXoV4zFi4a6bhfQxE','1575215022','2019-12-01 14:43:42','2019-12-01 14:43:42'),(222,2,'qSrdIPtqEcoaeG1MlOEVVCXd5K','1575215022','2019-12-01 14:43:42','2019-12-01 14:43:42'),(223,1,'Kjo7GuApIZVCttsgA1NB5IVdWr','1575215285','2019-12-01 14:48:05','2019-12-01 14:48:05'),(224,2,'SiEGuyaplbDLP7KSiFlLQSeyQE','1575215285','2019-12-01 14:48:05','2019-12-01 14:48:05'),(225,1,'KLmrE6T5XxTqBizC5rpeQ6PiTY','1575215360','2019-12-01 14:49:20','2019-12-01 14:49:20'),(226,2,'TfBcCLi58CIwHmzENRD4ONVCcC','1575215360','2019-12-01 14:49:20','2019-12-01 14:49:20'),(227,1,'oPoLTfyxQaetth9krw3Cb9bJ6J','1575215445','2019-12-01 14:50:45','2019-12-01 14:50:45'),(228,2,'mu0wavoHdYIEdQuxbTUAafXZ75','1575215445','2019-12-01 14:50:45','2019-12-01 14:50:45'),(229,1,'GmiYj9usqy2h0lacm7JkeeOAHW','1575215517','2019-12-01 14:51:57','2019-12-01 14:51:57'),(230,2,'J7J4uprb1SDsFyp8FVKw9GfZH3','1575215517','2019-12-01 14:51:57','2019-12-01 14:51:57'),(231,1,'uIB66G4ayaKprr4WEQ9zgbAzoB','1575215735','2019-12-01 14:55:35','2019-12-01 14:55:35'),(232,2,'CjgFNGs3q733ptIRxNfmgoodp3','1575215735','2019-12-01 14:55:35','2019-12-01 14:55:35'),(233,1,'crfs69fcUT2vWo3rfkE6gQY2g4','1575215814','2019-12-01 14:56:54','2019-12-01 14:56:54'),(234,2,'RiabAYau7OqnyXxY1PuFi6Z7LF','1575215814','2019-12-01 14:56:54','2019-12-01 14:56:54'),(235,1,'vjSEnBCLzoroutavX4PNPbEY4v','1575215977','2019-12-01 14:59:37','2019-12-01 14:59:37'),(236,2,'9w7AcWvONLQm0hf5eDXZIDue6b','1575215977','2019-12-01 14:59:37','2019-12-01 14:59:37'),(237,1,'s835c7xC3eNwul5RMUff0uuAyC','1575216041','2019-12-01 15:00:41','2019-12-01 15:00:41'),(238,2,'FpS93b6qkhd0TbiRSb7DUc8cfd','1575216041','2019-12-01 15:00:41','2019-12-01 15:00:41'),(239,1,'PrrWxR4MnM2zUXLBiVhXwFWrqL','1575216235','2019-12-01 15:03:55','2019-12-01 15:03:55'),(240,2,'MeO3tm3xJxyL3pWocBgaAVyzSH','1575216235','2019-12-01 15:03:55','2019-12-01 15:03:55'),(241,1,'B6CPKEoHXciLQ5qLyh9WPQXkAE','1575216260','2019-12-01 15:04:20','2019-12-01 15:04:20'),(242,2,'HRN8cx0PehVhwxDALuSNeC3UQw','1575216260','2019-12-01 15:04:20','2019-12-01 15:04:20'),(243,1,'nmeSO1DMAUfMLcdsCTCmFc9H4x','1575216430','2019-12-01 15:07:10','2019-12-01 15:07:10'),(244,2,'WhwPu7UDjOW4fFuN7oft0ChjlV','1575216430','2019-12-01 15:07:10','2019-12-01 15:07:10'),(245,1,'XzgkhG7aL0HcH1tp7AaSpZSmRz','1575216482','2019-12-01 15:08:02','2019-12-01 15:08:02'),(246,2,'XkPRZWqubKgcsZGgSjBo5y4pnY','1575216482','2019-12-01 15:08:02','2019-12-01 15:08:02'),(247,1,'lBlWUyFLiuJLA7WboGj7UObNnq','1575216522','2019-12-01 15:08:42','2019-12-01 15:08:42'),(248,2,'Hh9anxYiBnrlBBWQ0wkBrXJSG6','1575216522','2019-12-01 15:08:42','2019-12-01 15:08:42'),(249,1,'mapkQIWwVM0DNlX25vkSOvhAWZ','1575216580','2019-12-01 15:09:40','2019-12-01 15:09:40'),(250,2,'7DjHPoMTYSWhXGTbmWCAygAyqz','1575216580','2019-12-01 15:09:40','2019-12-01 15:09:40'),(251,1,'OWRalHaoL7nkvVuCgQjV5MlMtG','1575216614','2019-12-01 15:10:14','2019-12-01 15:10:14'),(252,2,'BwrfaNMIJARuo1WXkZXVBCoOOB','1575216614','2019-12-01 15:10:14','2019-12-01 15:10:14'),(253,1,'ITPGIshyaG61BYuPjxkw8gXWP5','1575216689','2019-12-01 15:11:29','2019-12-01 15:11:29'),(254,2,'e7ineM6JoljUEyo5Kzi2dYXIxc','1575216689','2019-12-01 15:11:29','2019-12-01 15:11:29'),(255,1,'uaT1MmxAdUvdJcBaVJ393OnfQK','1575216812','2019-12-01 15:13:32','2019-12-01 15:13:32'),(256,2,'A5w6LIokFemleao3iaBZCIL8m5','1575216812','2019-12-01 15:13:32','2019-12-01 15:13:32'),(257,1,'pIwidb1Kg7aQzrTevw5xtOLsZV','1575216853','2019-12-01 15:14:13','2019-12-01 15:14:13'),(258,2,'hnLBEvheBnRH0etBx1s9Gaf3D3','1575216853','2019-12-01 15:14:13','2019-12-01 15:14:13'),(259,1,'awK1hTWzuRNPWcEDeOso96YzEW','1575216930','2019-12-01 15:15:30','2019-12-01 15:15:30'),(260,2,'s5AIEEVg97eZBdXPTdbIIcXnfO','1575216930','2019-12-01 15:15:30','2019-12-01 15:15:30'),(261,1,'g3mgq99F39jn5OhdiJj9QC7dxu','1575217234','2019-12-01 15:20:34','2019-12-01 15:20:34'),(262,2,'ZNtYkb8jFFtxJbSHyh243ZyS1j','1575217234','2019-12-01 15:20:34','2019-12-01 15:20:34'),(263,1,'mQe41t1OyqzHw4Z30kUkH9Im6f','1575217550','2019-12-01 15:25:50','2019-12-01 15:25:50'),(264,2,'dbUMCYaj5JvwlhjLFYE8xNFgT2','1575217550','2019-12-01 15:25:50','2019-12-01 15:25:50'),(265,1,'kk5ZSgJl3vHVb80MQjby0EaQj5','1575217664','2019-12-01 15:27:44','2019-12-01 15:27:44'),(266,2,'W0GObDvRWRSxN1D0AeXFfO0uF6','1575217664','2019-12-01 15:27:44','2019-12-01 15:27:44'),(267,1,'fpfH7xM5HUvXt5j0fbk2mYd6dW','1575217725','2019-12-01 15:28:45','2019-12-01 15:28:45'),(268,2,'I8PXnzdMqgyIZY2k08YbKQqvkj','1575217725','2019-12-01 15:28:45','2019-12-01 15:28:45'),(269,1,'lcFTq6Ss3ab5WX38zEjb8qJUle','1575217943','2019-12-01 15:32:23','2019-12-01 15:32:23'),(270,2,'Wxb1ZklGFi3TBZhyInKHZkneIG','1575217943','2019-12-01 15:32:23','2019-12-01 15:32:23'),(271,1,'8xvoxtCeMw2CixL2mHkZ1pICMH','1575219392','2019-12-01 15:56:32','2019-12-01 15:56:32'),(272,2,'1N0NIdwoX5nlHCTEe2NqnSk5WK','1575219392','2019-12-01 15:56:32','2019-12-01 15:56:32'),(273,1,'0qWz1zgGAYy0wP2YjJG4raL7NA','1575220628','2019-12-01 16:17:08','2019-12-01 16:17:08'),(274,2,'abx9q8zNHIDEP3d3nAr8Qczm1V','1575220628','2019-12-01 16:17:08','2019-12-01 16:17:08'),(275,1,'S0oWsnj88YAX7lqyxjgtkLqY9x','1575220714','2019-12-01 16:18:34','2019-12-01 16:18:34'),(276,2,'T33WO2x0Yei1tv8uW6IMkGmRi4','1575220714','2019-12-01 16:18:34','2019-12-01 16:18:34'),(277,1,'7X39L0KJRGwpls3JJXdpLhmFss','1575220798','2019-12-01 16:19:58','2019-12-01 16:19:58'),(278,2,'XZLuCEfLCgusE8v7JHDtRP0ydg','1575220798','2019-12-01 16:19:58','2019-12-01 16:19:58'),(279,1,'1YsBOPdeSwYHtPLFadcQXfSVLJ','1575220866','2019-12-01 16:21:06','2019-12-01 16:21:06'),(280,2,'5QYCVjoFkrxEmuFMqG7qnvPiHy','1575220866','2019-12-01 16:21:06','2019-12-01 16:21:06'),(281,1,'vEaBjBaeT176DCc7nLhK3Qmgzw','1575221103','2019-12-01 16:25:03','2019-12-01 16:25:03'),(282,2,'JNxN6NcOaRrbvOCgGMgHINvmC8','1575221103','2019-12-01 16:25:03','2019-12-01 16:25:03'),(283,1,'oPhMCTNhXNA0u8PXv4wHVJyGQ4','1575221209','2019-12-01 16:26:49','2019-12-01 16:26:49'),(284,2,'3CRGVozts9lMgEjk3OjFLUEt00','1575221209','2019-12-01 16:26:49','2019-12-01 16:26:49'),(285,1,'Xm8Pg4XFqZ3EHDnyrTqNuulanP','1575221236','2019-12-01 16:27:16','2019-12-01 16:27:16'),(286,2,'cM1WMzN0xohoJD5lDH1qqDj5KM','1575221236','2019-12-01 16:27:16','2019-12-01 16:27:16'),(287,1,'yhP7YIi4aTmJ4BzID5jjEMEteE','1575221360','2019-12-01 16:29:20','2019-12-01 16:29:20'),(288,2,'HnqGaIoMBwZ8DctJa9ADpiIzhh','1575221360','2019-12-01 16:29:20','2019-12-01 16:29:20'),(289,1,'RvLLiR6iRxYJEj6reTg1zpVjCW','1575221400','2019-12-01 16:30:00','2019-12-01 16:30:00'),(290,2,'M4TvtT6wlHlsFhPmmVVjeEAkQr','1575221400','2019-12-01 16:30:00','2019-12-01 16:30:00'),(291,1,'q9spLk63cpGbdEmAa0eBerILRu','1575221477','2019-12-01 16:31:17','2019-12-01 16:31:17'),(292,2,'MsDQqqG3iI688ruDuSfzFT9BI3','1575221477','2019-12-01 16:31:17','2019-12-01 16:31:17'),(293,1,'i6KRwfNLoOAbuFCyO6R1mBTZ8S','1575221539','2019-12-01 16:32:19','2019-12-01 16:32:19'),(294,2,'a8pv3UGp9Bvf1uGbGoJ8MvpctE','1575221539','2019-12-01 16:32:19','2019-12-01 16:32:19'),(295,1,'C8prkpkcSEeLBo9JbUpAynTur7','1575221807','2019-12-01 16:36:47','2019-12-01 16:36:47'),(296,2,'53pYDKi0S4Ej8bJisDW1810ESI','1575221807','2019-12-01 16:36:47','2019-12-01 16:36:47'),(297,1,'Bx7kQfu3drCjrdzor04o1zn4lL','1575221962','2019-12-01 16:39:22','2019-12-01 16:39:22'),(298,2,'Q68Cg023rxOohGN75dSMwHGvIw','1575221962','2019-12-01 16:39:22','2019-12-01 16:39:22'),(299,1,'ksE9uGbqAVFFYUyDy2BDXSwLCX','1575222080','2019-12-01 16:41:20','2019-12-01 16:41:20'),(300,2,'FjZC0IjUTGYxHmh5ycSnhF08XQ','1575222080','2019-12-01 16:41:20','2019-12-01 16:41:20'),(301,1,'XlCAcFUvptyKQqe50kIPqb7Koh','1575222334','2019-12-01 16:45:34','2019-12-01 16:45:34'),(302,2,'u1kLWfqJlVyisL0BCqbCaNHMbB','1575222334','2019-12-01 16:45:34','2019-12-01 16:45:34'),(303,1,'a3VsthvitJ9MYeDFNnyus5VMox','1575230243','2019-12-01 18:57:23','2019-12-01 18:57:23'),(304,2,'5szVda8RzHmlh4s2shrQIbJyez','1575230243','2019-12-01 18:57:23','2019-12-01 18:57:23'),(305,1,'k5063enLLsFmTHGbCpAQfWpTnS','1575233050','2019-12-01 19:44:10','2019-12-01 19:44:10'),(306,2,'dydTm7ottjQqC4ZP768w8cgGi5','1575233050','2019-12-01 19:44:10','2019-12-01 19:44:10'),(307,1,'XKiX5IlTLPB9To5gi0DtYYTdNe','1575233122','2019-12-01 19:45:22','2019-12-01 19:45:22'),(308,2,'iGhS8AgylfgvHfmpVWbIeMjx9h','1575233122','2019-12-01 19:45:22','2019-12-01 19:45:22'),(309,1,'uPx0zuPG3dxPosULmpm0PcsCnY','1575233188','2019-12-01 19:46:28','2019-12-01 19:46:28'),(310,2,'55VkqHVNmbXBGbc4kcLAkxsuS8','1575233188','2019-12-01 19:46:28','2019-12-01 19:46:28'),(311,1,'v4u3kHzMxAQ9W2X1cu7RZ34FPR','1575233358','2019-12-01 19:49:18','2019-12-01 19:49:18'),(312,2,'IMx0gYJOgisPmXprJLfTjuxQS0','1575233358','2019-12-01 19:49:18','2019-12-01 19:49:18'),(313,1,'SBOcFloIJxqZr4Vt3GdJBVybQD','1575233388','2019-12-01 19:49:48','2019-12-01 19:49:48'),(314,2,'jKNWdPvCH2slQrk0j8ezVNFAhK','1575233388','2019-12-01 19:49:48','2019-12-01 19:49:48'),(315,1,'Brm9woIGYGOVfzLOVUVtvDfJF5','1575233576','2019-12-01 19:52:56','2019-12-01 19:52:56'),(316,2,'0VxlZQ629H9G1iWZZc6O1Lc9Dy','1575233576','2019-12-01 19:52:56','2019-12-01 19:52:56'),(317,1,'3I1h6W9V8WzTrqE21xZLjfbbcw','1575233670','2019-12-01 19:54:30','2019-12-01 19:54:30'),(318,2,'0OhQ6RU5FqepWcUwxijHVmGETQ','1575233670','2019-12-01 19:54:30','2019-12-01 19:54:30'),(319,1,'XKy5s1FbIbKQ4RTVONpcGEScjL','1575234088','2019-12-01 20:01:28','2019-12-01 20:01:28'),(320,2,'bSoIENTyIiBvfDREcX1MlmHMia','1575234088','2019-12-01 20:01:28','2019-12-01 20:01:28'),(321,1,'Si5Mz53ve9tFpYnmVP2Z6hrUXI','1575234622','2019-12-01 20:10:22','2019-12-01 20:10:22'),(322,2,'yrG4f50TDuIiTzOlIN8ADtFidZ','1575234622','2019-12-01 20:10:22','2019-12-01 20:10:22'),(323,1,'YJSpq8gAU8zOKCPLtMYlKjdbjt','1575234728','2019-12-01 20:12:08','2019-12-01 20:12:08'),(324,2,'yjDQ0v8MKnCF1eHjBMznlVRYh4','1575234728','2019-12-01 20:12:08','2019-12-01 20:12:08'),(325,1,'7uyE41RJOwr83WJjSx4wWjagsZ','1575235133','2019-12-01 20:18:53','2019-12-01 20:18:53'),(326,2,'CMl1aekz2HtRvLqNf10QstJH1v','1575235133','2019-12-01 20:18:53','2019-12-01 20:18:53'),(327,1,'zmPF4IrVRwiq6HGONcVZmQfpuY','1575235186','2019-12-01 20:19:46','2019-12-01 20:19:46'),(328,2,'Gted1unOW8hvFFqv0Dmdc5FJZM','1575235186','2019-12-01 20:19:46','2019-12-01 20:19:46'),(329,1,'9IsDezc43Ar26oTfBRoNNMzCA4','1575259446','2019-12-02 03:04:06','2019-12-02 03:04:06'),(330,2,'95RxKmv6hjt6HAA2MNIw2ktq5T','1575259446','2019-12-02 03:04:06','2019-12-02 03:04:06'),(331,1,'c0x3EHGKVdxVtx3jsySJLwdvz6','1575259680','2019-12-02 03:08:00','2019-12-02 03:08:00'),(332,2,'0KYJ98AwD18aqDCyL6R97ch8Zh','1575259680','2019-12-02 03:08:00','2019-12-02 03:08:00'),(333,1,'juKWEA5l4BnFDKft2WlX2XBlsu','1575259870','2019-12-02 03:11:10','2019-12-02 03:11:10'),(334,2,'A5wGuVcWbqHgFBpXvt64LJiW40','1575259870','2019-12-02 03:11:10','2019-12-02 03:11:10'),(335,1,'SyTzkxEfcCAjpnaILfBgoFttUo','1575259934','2019-12-02 03:12:14','2019-12-02 03:12:14'),(336,2,'ZiaINDQ2VWcwmRE0wWPN1AFenO','1575259934','2019-12-02 03:12:14','2019-12-02 03:12:14'),(337,1,'bCQS1UYAHBBEigoNJRKoqRYB78','1575259965','2019-12-02 03:12:45','2019-12-02 03:12:45'),(338,2,'hx28VGjjcx2mVKsJJUKBl7dqs2','1575259965','2019-12-02 03:12:45','2019-12-02 03:12:45'),(339,1,'6dnUgfsWIwSCq2T5D9Yn2jcf6E','1575260052','2019-12-02 03:14:12','2019-12-02 03:14:12'),(340,2,'0DOEcgrr6n7uZdXYz1E1TU4IrB','1575260052','2019-12-02 03:14:12','2019-12-02 03:14:12'),(341,1,'SMXjSZgDQtWTD3KvWqWt1NhceR','1575260509','2019-12-02 03:21:49','2019-12-02 03:21:49'),(342,2,'BBQafTrDM7od6lB4QuFsZ4fUs3','1575260509','2019-12-02 03:21:49','2019-12-02 03:21:49'),(343,1,'xAOI6ttiH0bECnLBrI9nVnzX0m','1575261088','2019-12-02 03:31:28','2019-12-02 03:31:28'),(344,2,'eRE6xJg4PZeP5FfWsJSz4GZGo3','1575261088','2019-12-02 03:31:28','2019-12-02 03:31:28'),(345,1,'3LxhDS1oZU2DvI9a2IKWsBFrkW','1575261574','2019-12-02 03:39:34','2019-12-02 03:39:34'),(346,2,'ehVP5QDkZfzTZIDYC5rwRjn2cn','1575261574','2019-12-02 03:39:34','2019-12-02 03:39:34'),(347,1,'1bsEPRFjivwgzY3WvaxbFLASyC','1575262341','2019-12-02 03:52:21','2019-12-02 03:52:21'),(348,2,'2LtP2iBAbUk8ZNXAKv2ByoDH0C','1575262341','2019-12-02 03:52:21','2019-12-02 03:52:21'),(349,1,'2ymHlsNcJvf7XLv21dkeiZdDWL','1575264696','2019-12-02 04:31:36','2019-12-02 04:31:36'),(350,2,'UwjjPIAwnSw4C5W0gcF2Ae0myt','1575264696','2019-12-02 04:31:36','2019-12-02 04:31:36'),(351,1,'2zgW6v1oCFTAxniZR297GgGevh','1575270580','2019-12-02 06:09:40','2019-12-02 06:09:40'),(352,2,'HjcVaeez19VfNMbynt4kDT7u73','1575270580','2019-12-02 06:09:40','2019-12-02 06:09:40'),(353,1,'M9vdy53Nx3S1vASGilMfpu6iSS','1575270851','2019-12-02 06:14:11','2019-12-02 06:14:11'),(354,2,'dHfJDEgpLHVR3ex7pUo7G8inFE','1575270851','2019-12-02 06:14:11','2019-12-02 06:14:11'),(355,1,'2MQRnRIosJRvHilIVsy4eMJZWL','1575271408','2019-12-02 06:23:28','2019-12-02 06:23:28'),(356,2,'aIlEqAzbZDA23MP6Ml9RSyrgtl','1575271408','2019-12-02 06:23:28','2019-12-02 06:23:28'),(357,1,'ckWv7LEcHg2q6MpjmFtaCAsP3J','1575271657','2019-12-02 06:27:37','2019-12-02 06:27:37'),(358,2,'pyR40HbLUx6jIuBr7sVGIqw12x','1575271657','2019-12-02 06:27:37','2019-12-02 06:27:37'),(359,1,'mXMkhkkOSap1OkuhfOiUefJwj0','1575300070','2019-12-02 14:21:10','2019-12-02 14:21:10'),(360,2,'m7Qo4GKTakEOXngWnkUQtXKENU','1575300070','2019-12-02 14:21:10','2019-12-02 14:21:10'),(361,1,'n4O9NgmnETdrDASIboKGIRSWt6','1575420470','2019-12-03 23:47:50','2019-12-03 23:47:50'),(362,2,'Xjb2GcvzNVNHn1ud4BDcFrMViN','1575420470','2019-12-03 23:47:50','2019-12-03 23:47:50'),(363,1,'W5MDpJKbDbunoA6bLVGm2IKsvK','1575420613','2019-12-03 23:50:13','2019-12-03 23:50:13'),(364,2,'j3VSBFFgju46P4y1sO1dDDYr7P','1575420613','2019-12-03 23:50:13','2019-12-03 23:50:13'),(365,1,'ddQEXsj1KnMmBQwwxfi8aDG0tN','1575420700','2019-12-03 23:51:40','2019-12-03 23:51:40'),(366,2,'Z5Y8mU0NpOdzAr0RL5RMCWb9nx','1575420700','2019-12-03 23:51:40','2019-12-03 23:51:40'),(367,1,'mHwgxQn8FGmzlk7zwavUwUb57U','1575420802','2019-12-03 23:53:22','2019-12-03 23:53:22'),(368,2,'GTuUNdzNhKbT58XAEIqijel8KI','1575420802','2019-12-03 23:53:22','2019-12-03 23:53:22'),(369,1,'L3mcQTfcD049ZtRZnOAou0LBdF','1575420807','2019-12-03 23:53:27','2019-12-03 23:53:27'),(370,2,'3hjU3yJdMeM7EBZQE6e6SsBLd7','1575420807','2019-12-03 23:53:27','2019-12-03 23:53:27'),(371,1,'jAn6ifBBb7TWu2b8eoE3H8MQKQ','1575423491','2019-12-04 00:38:11','2019-12-04 00:38:11'),(372,2,'HoHLwwfaZunrG8QTKBBID3YTAV','1575423491','2019-12-04 00:38:11','2019-12-04 00:38:11'),(373,1,'P19JpKB3jSJXWBXZd0h02YMVb3','1575423517','2019-12-04 00:38:37','2019-12-04 00:38:37'),(374,2,'s80I30iDKhyUUd3k6PfdYT2CD5','1575423517','2019-12-04 00:38:37','2019-12-04 00:38:37'),(375,1,'XZ70aXI1zDA4z73I3op1U8hOrU','1575423525','2019-12-04 00:38:45','2019-12-04 00:38:45'),(376,2,'HbXXsytqKh8uHPmWHqXO4CrLfK','1575423525','2019-12-04 00:38:45','2019-12-04 00:38:45'),(377,1,'dxGufhmX4wN8gsesepaR68dZTA','1575432273','2019-12-04 03:04:33','2019-12-04 03:04:33'),(378,2,'WhjDRBnOgwYi2v5KuWHDfDJH1J','1575432273','2019-12-04 03:04:33','2019-12-04 03:04:33'),(379,1,'MqV5qmoRrHTQP8dAhUqU5MU3Gc','1575433408','2019-12-04 03:23:28','2019-12-04 03:23:28'),(380,2,'yZzfxNWTlywkcaZKEYmhUQuy9D','1575433408','2019-12-04 03:23:28','2019-12-04 03:23:28'),(381,1,'CGuzYaVHtUj9IgLiBP7DpVgJCO','1575475934','2019-12-04 15:12:14','2019-12-04 15:12:14'),(382,2,'O2CII3POhBrHPAOr7uEiHj6gGU','1575475934','2019-12-04 15:12:14','2019-12-04 15:12:14'),(383,1,'DHk0RCUXdvdIPKZJKtmakTpujT','1575476802','2019-12-04 15:26:42','2019-12-04 15:26:42'),(384,2,'xY6Vkgbx4VifaxMWkXIN1Ghf7d','1575476802','2019-12-04 15:26:42','2019-12-04 15:26:42'),(385,1,'HOIPfzFWt8hK3xdkwaDbebvHTm','1575476854','2019-12-04 15:27:34','2019-12-04 15:27:34'),(386,2,'dooZ9E5KAcbhBsFYEbFxnt9Qs6','1575476854','2019-12-04 15:27:34','2019-12-04 15:27:34'),(387,1,'CiIj7Q8XNB3eIJxsQCtWiHVJCP','1575476909','2019-12-04 15:28:29','2019-12-04 15:28:29'),(388,2,'xdINGVjBuqbqBO8hdT9bsZxJTN','1575476909','2019-12-04 15:28:29','2019-12-04 15:28:29'),(389,1,'98SrTzyrk1zNZOhhn9Fwg65wpM','1575478191','2019-12-04 15:49:51','2019-12-04 15:49:51'),(390,2,'YDrhcdp3OohPwSTH2q6lBER8SF','1575478191','2019-12-04 15:49:51','2019-12-04 15:49:51'),(391,1,'NVqWewWBfJ3wfPOvbbW7AFQ40V','1575481231','2019-12-04 16:40:31','2019-12-04 16:40:31'),(392,2,'BUEPctWr98b0G9Cpq5CLxO9XVX','1575481231','2019-12-04 16:40:31','2019-12-04 16:40:31'),(393,1,'T3DyQRX3itXwqsWQaxIKfbjEkK','1575559921','2019-12-05 14:32:01','2019-12-05 14:32:01'),(394,2,'ik2n5d9OiZk27L9u2eIPYApKYQ','1575559921','2019-12-05 14:32:01','2019-12-05 14:32:01'),(395,1,'QAJJpUteRFQGlJUb4EvKa7KoLT','1575559982','2019-12-05 14:33:02','2019-12-05 14:33:02'),(396,2,'cvkmF4zvfMLwYPyPW62tuxlpYU','1575559982','2019-12-05 14:33:02','2019-12-05 14:33:02'),(397,1,'4OynuIjqiHYk4Nmf9gEIvrkW7e','1575560021','2019-12-05 14:33:41','2019-12-05 14:33:41'),(398,2,'CB3g3SdvGAltflvqVptJIjgceW','1575560021','2019-12-05 14:33:41','2019-12-05 14:33:41'),(399,1,'0krMFdPP5mSu20Fc9gZynORMuV','1575560064','2019-12-05 14:34:24','2019-12-05 14:34:24'),(400,2,'Ff9RvDGGzhvg4Cmvx6rGuEkBYs','1575560064','2019-12-05 14:34:24','2019-12-05 14:34:24'),(401,1,'LU60FetHno3QYk7IPRthEu1PAv','1575560196','2019-12-05 14:36:36','2019-12-05 14:36:36'),(402,2,'elaOiHkIIZ0m3v8TH417OqSDaZ','1575560196','2019-12-05 14:36:36','2019-12-05 14:36:36'),(403,1,'458VgrSXOhgxVYTSIVP4Rk2DJb','1575567971','2019-12-05 16:46:11','2019-12-05 16:46:11'),(404,2,'ydBJ43dJXfwTVm9bldfwwXWmQD','1575567971','2019-12-05 16:46:11','2019-12-05 16:46:11'),(405,1,'HXsdYYn9MeXqcmyPIw91J4RPc5','1575568475','2019-12-05 16:54:35','2019-12-05 16:54:35'),(406,2,'YlE8YpzePLUClfsenSUDYDkLJZ','1575568475','2019-12-05 16:54:35','2019-12-05 16:54:35'),(407,1,'EmhLFPp0cx5cGPZaXUXATjlSal','1575568681','2019-12-05 16:58:01','2019-12-05 16:58:01'),(408,2,'xhJofIMXMVO1M4bYCD5XKgEvh0','1575568681','2019-12-05 16:58:01','2019-12-05 16:58:01'),(409,1,'wruYDDYIIS7NqghQMTFdHzlIZi','1575568758','2019-12-05 16:59:18','2019-12-05 16:59:18'),(410,2,'ITaK2CcUfoa3V7RbJSqp5Qif8D','1575568758','2019-12-05 16:59:18','2019-12-05 16:59:18'),(411,1,'ZJmOqRjdR7lwDk7CowgmoofAHq','1575569070','2019-12-05 17:04:30','2019-12-05 17:04:30'),(412,2,'Lh5eo9zDm5iN6IFGGXEjMWJeZp','1575569070','2019-12-05 17:04:30','2019-12-05 17:04:30'),(413,1,'atvd7jX8XZ4J3kYJKxGGJR0ESK','1575569157','2019-12-05 17:05:57','2019-12-05 17:05:57'),(414,2,'5gSRMGWlGEcx9h11LZUJ8mZhyV','1575569157','2019-12-05 17:05:57','2019-12-05 17:05:57'),(415,1,'qPblJ0HEs2TkAE5hyyYBCtrw3e','1575569813','2019-12-05 17:16:53','2019-12-05 17:16:53'),(416,2,'d6JTuvTEoxWiDbaWO4tA7ckKwN','1575569813','2019-12-05 17:16:53','2019-12-05 17:16:53'),(417,1,'OYsSDYRqSxNRxi0ipLoqXl1SvH','1575569996','2019-12-05 17:19:56','2019-12-05 17:19:56'),(418,2,'r91iO9qwXRjGMeQB8OfJPSuziC','1575569996','2019-12-05 17:19:56','2019-12-05 17:19:56'),(419,1,'dpUrHhtRwQ8BMF7nXJBZqACYh3','1575570612','2019-12-05 17:30:12','2019-12-05 17:30:12'),(420,2,'z3nIyJpKnu5bdetCS9KmaB2FdF','1575570612','2019-12-05 17:30:12','2019-12-05 17:30:12'),(421,1,'mEcx42GUatgYvVLv9s3vOkKVb5','1575570634','2019-12-05 17:30:34','2019-12-05 17:30:34'),(422,2,'NVZbBY57P0q0FRfZqEIxcLHvBv','1575570634','2019-12-05 17:30:34','2019-12-05 17:30:34'),(423,1,'EhZU3xRRYzcj6D10tgdqe59qZC','1575570882','2019-12-05 17:34:42','2019-12-05 17:34:42'),(424,2,'M245zDpWlSdDvEvx6YG8DYESdu','1575570882','2019-12-05 17:34:42','2019-12-05 17:34:42'),(425,1,'wQYsLn5kzQWsJ8Uuyo3p3PMk0G','1575575504','2019-12-05 18:51:44','2019-12-05 18:51:44'),(426,2,'Nwos54LD5pVAODs8GMXfzDc5MC','1575575504','2019-12-05 18:51:44','2019-12-05 18:51:44'),(427,1,'fnqlTBdDofoEGhWtMmOzFQUCGo','1575576149','2019-12-05 19:02:29','2019-12-05 19:02:29'),(428,2,'Ej9mbflbv0z4rVHWz2JexWrg9D','1575576149','2019-12-05 19:02:29','2019-12-05 19:02:29'),(429,1,'xMw2XJQWLnsl5mhhDd6GmaUp03','1575576529','2019-12-05 19:08:49','2019-12-05 19:08:49'),(430,2,'unyZFyX5AxObVmfecOoyxmkmR9','1575576529','2019-12-05 19:08:49','2019-12-05 19:08:49'),(431,1,'nznRQ81AzQHOZAMmagPK1zaNPh','1575576572','2019-12-05 19:09:32','2019-12-05 19:09:32'),(432,2,'hszh2MwDNyGO1tYPIO4c7zdev8','1575576572','2019-12-05 19:09:32','2019-12-05 19:09:32'),(433,1,'kZnuubKYabxTIVundiQwycn3d6','1575576861','2019-12-05 19:14:21','2019-12-05 19:14:21'),(434,2,'F3cqcXA5g0S5brN7N15WQqhenc','1575576861','2019-12-05 19:14:21','2019-12-05 19:14:21'),(435,1,'VGrrVnTBbFe46kmRKhqGe9eIRp','1575576966','2019-12-05 19:16:06','2019-12-05 19:16:06'),(436,2,'73hzMvp1F6bsd4pgCogXn5VMgF','1575576966','2019-12-05 19:16:06','2019-12-05 19:16:06'),(437,1,'j53rqJTO3ufgXfte1FySgDCln7','1575577339','2019-12-05 19:22:19','2019-12-05 19:22:19'),(438,2,'ea0D6YnUUBw9ohle3BpOgb0heJ','1575577339','2019-12-05 19:22:19','2019-12-05 19:22:19'),(439,1,'RmaRIT2yKMtoZxUoZokL4IIeQK','1575577370','2019-12-05 19:22:50','2019-12-05 19:22:50'),(440,2,'IRA5xLla8j71tD8ZEGEgCVGJJV','1575577370','2019-12-05 19:22:50','2019-12-05 19:22:50'),(441,1,'XGnh395bnHOSmUZ8a7vQJlQvKt','1575577547','2019-12-05 19:25:47','2019-12-05 19:25:47'),(442,2,'EMWTFElwtLdFEcMEyLjZorJ20F','1575577547','2019-12-05 19:25:47','2019-12-05 19:25:47'),(443,1,'ysj1Ks02hAYkinajxFKoSoMndj','1575577601','2019-12-05 19:26:41','2019-12-05 19:26:41'),(444,2,'C3D8ESWUQ8JQep09czuk8mMB8J','1575577601','2019-12-05 19:26:41','2019-12-05 19:26:41'),(445,1,'VFMWARivUFwIa1smg9FZdJUwZN','1575577817','2019-12-05 19:30:17','2019-12-05 19:30:17'),(446,2,'0FGEdlCU8LhjcAkBXwD8aF1Rrf','1575577817','2019-12-05 19:30:17','2019-12-05 19:30:17'),(447,1,'P3DXykkDfb1UAXlOhAf9floajd','1575577855','2019-12-05 19:30:55','2019-12-05 19:30:55'),(448,2,'uFn9rtRPXbkvj2eSR8zNDbbeBj','1575577855','2019-12-05 19:30:55','2019-12-05 19:30:55'),(449,1,'cqHT6WVv9dZTDMuv5r2fEM1S1m','1575578103','2019-12-05 19:35:03','2019-12-05 19:35:03'),(450,2,'nY6B5MVTP9X5gAvdHypfjqrqhC','1575578104','2019-12-05 19:35:04','2019-12-05 19:35:04'),(451,1,'skmlN1i5o41yKT5aJ4sRza5alD','1575578134','2019-12-05 19:35:34','2019-12-05 19:35:34'),(452,2,'n3eLPIJouXTq0bLDMbEFuU1pO9','1575578134','2019-12-05 19:35:34','2019-12-05 19:35:34'),(453,1,'YURV35G2WJqtugWRcuaCrHdzS6','1575578177','2019-12-05 19:36:17','2019-12-05 19:36:17'),(454,2,'jMdErtwHcyvIp3zxT4cTA9V2cH','1575578177','2019-12-05 19:36:17','2019-12-05 19:36:17'),(455,1,'i1ONKJrb1RPkVCYkazLhgGNjxL','1575578238','2019-12-05 19:37:18','2019-12-05 19:37:18'),(456,2,'dC1lJZ2plh3z8qVu92ULbHzT5k','1575578238','2019-12-05 19:37:18','2019-12-05 19:37:18'),(457,1,'fs8dBMlT8ibTjVai2e7hwfWfw8','1575578304','2019-12-05 19:38:24','2019-12-05 19:38:24'),(458,2,'Fz3abw8S2hgQL2rsVBZ80YLhvw','1575578304','2019-12-05 19:38:24','2019-12-05 19:38:24'),(459,1,'mJyx3W3VDTrvxYRSWtJziZXx3k','1575578377','2019-12-05 19:39:37','2019-12-05 19:39:37'),(460,2,'DrycfKg2PzcEiKaemOd9TJFMHT','1575578377','2019-12-05 19:39:37','2019-12-05 19:39:37'),(461,1,'HkF7EL7hpS87n2SX0IL1aKAr0F','1575578537','2019-12-05 19:42:17','2019-12-05 19:42:17'),(462,2,'SuV9NkMq7xwzDNqbX6A8Z15FRL','1575578537','2019-12-05 19:42:17','2019-12-05 19:42:17'),(463,1,'h4tt9qQfQzZjqyG0sdBqdpwVTD','1575578843','2019-12-05 19:47:23','2019-12-05 19:47:23'),(464,2,'BJ5mPuih8HwY1s8KOYYWn7Pbld','1575578843','2019-12-05 19:47:23','2019-12-05 19:47:23'),(465,1,'21JJIE51gZLAOv4EUUjItlN2Lr','1575578874','2019-12-05 19:47:54','2019-12-05 19:47:54'),(466,2,'R1aLcks7u7Wig8K9Z4qPuui4Bz','1575578874','2019-12-05 19:47:54','2019-12-05 19:47:54'),(467,1,'whWIX41UyoVYdxIKvHzo4WzrTR','1575578973','2019-12-05 19:49:33','2019-12-05 19:49:33'),(468,2,'0jhcFgSKXy93Rd6ZEPNsu6fsKe','1575578973','2019-12-05 19:49:33','2019-12-05 19:49:33'),(469,1,'dNXZEO70AzHEI4hFdl8QyY5ZTW','1575579482','2019-12-05 19:58:02','2019-12-05 19:58:02'),(470,2,'FXNVdvhYSz1WVBh7TBdHG00uAF','1575579482','2019-12-05 19:58:02','2019-12-05 19:58:02'),(471,1,'Le2447RakDrL4fTzlxN03Gi25A','1575579511','2019-12-05 19:58:31','2019-12-05 19:58:31'),(472,2,'JBXbDG2M8Lkv9J3NwVqTPJqRxN','1575579511','2019-12-05 19:58:31','2019-12-05 19:58:31'),(473,1,'TeWWLNFU3s6hGH1tnxNuxUri4w','1575579527','2019-12-05 19:58:47','2019-12-05 19:58:47'),(474,2,'qSIyxGdlpFiy1KIPtwi9DW8PHy','1575579527','2019-12-05 19:58:47','2019-12-05 19:58:47'),(475,1,'ofUqfeWkCD3n7B9Zu4AZYlvcDF','1575580164','2019-12-05 20:09:24','2019-12-05 20:09:24'),(476,2,'5NTr89TinoAzjAHphcSOt3ci4l','1575580164','2019-12-05 20:09:24','2019-12-05 20:09:24'),(477,1,'TpFlIXfzTBVlh9ykM5mhMeyMu8','1575580370','2019-12-05 20:12:50','2019-12-05 20:12:50'),(478,2,'eAkeMTUHwOzQ80PV2Qrwr1vkyY','1575580370','2019-12-05 20:12:50','2019-12-05 20:12:50');
/*!40000 ALTER TABLE `app_tokens` ENABLE KEYS */;
UNLOCK TABLES;

--
-- Table structure for table `app_transactions_infos`
--

DROP TABLE IF EXISTS `app_transactions_infos`;
/*!40101 SET @saved_cs_client     = @@character_set_client */;
/*!40101 SET character_set_client = utf8 */;
CREATE TABLE `app_transactions_infos` (
  `id` int(10) unsigned NOT NULL AUTO_INCREMENT,
  `app_id` int(10) unsigned NOT NULL,
  `payment_method` varchar(20) NOT NULL,
  `amount` decimal(20,8) NOT NULL,
  `currency` varchar(10) NOT NULL,
  `success_url` varchar(191) NOT NULL,
  `cancel_url` varchar(191) NOT NULL,
  `grant_id` varchar(100) NOT NULL,
  `token` varchar(191) NOT NULL,
  `expires_in` varchar(100) NOT NULL,
  `status` enum('pending','success','cancel') NOT NULL,
  `created_at` timestamp NULL DEFAULT NULL,
  `updated_at` timestamp NULL DEFAULT NULL,
  PRIMARY KEY (`id`),
  KEY `app_transactions_infos_app_id_index` (`app_id`),
  CONSTRAINT `app_transactions_infos_app_id_foreign` FOREIGN KEY (`app_id`) REFERENCES `merchant_apps` (`id`) ON DELETE CASCADE ON UPDATE CASCADE
) ENGINE=InnoDB AUTO_INCREMENT=211 DEFAULT CHARSET=utf8;
/*!40101 SET character_set_client = @saved_cs_client */;

--
-- Dumping data for table `app_transactions_infos`
--

LOCK TABLES `app_transactions_infos` WRITE;
/*!40000 ALTER TABLE `app_transactions_infos` DISABLE KEYS */;
INSERT INTO `app_transactions_infos` VALUES (1,1,'PayMoney',20.00000000,'USD','https://megapay.hk/login','http://localhost:809/megabuy/public/','70961522','3E4ddFxPElCXQkAN1WVo','1575070921','pending','2019-11-29 18:42:01','2019-11-29 18:42:01'),(2,1,'PayMoney',20.00000000,'USD','https://megapay.hk/login','http://localhost:809/megabuy/public/','53140591','a4jnm7qS7joAqrtc9ORc','1575081231','pending','2019-11-29 21:33:51','2019-11-29 21:33:51'),(3,1,'PayMoney',20.00000000,'USD','https://megapay.hk/login','http://localhost:809/megabuy/public/','91238292','CtCO0TmDpy6JJkMxWopq','1575082727','pending','2019-11-29 21:58:47','2019-11-29 21:58:47'),(4,1,'PayMoney',20.00000000,'USD','https://megapay.hk/login','http://localhost:809/megabuy/public/','52843929','hPyIWq0d2eu10AHYJvb8','1575082788','pending','2019-11-29 21:59:48','2019-11-29 21:59:48'),(5,1,'PayMoney',20.00000000,'USD','https://megapay.hk/login','http://localhost:809/megabuy/public/','31836011','HbF18nVYCsHKYQuKy1xa','1575082875','pending','2019-11-29 22:01:15','2019-11-29 22:01:15'),(6,1,'PayMoney',20.00000000,'USD','https://megapay.hk/login','http://localhost:809/megabuy/public/','14560619','sKCiw498Jv0AStG986K9','1575082955','pending','2019-11-29 22:02:35','2019-11-29 22:02:35'),(7,1,'PayMoney',20.00000000,'USD','https://megapay.hk/login','http://localhost:809/megabuy/public/','70530514','GYE8Q64ik5nb19Cgo2YI','1575083038','pending','2019-11-29 22:03:58','2019-11-29 22:03:58'),(8,1,'PayMoney',20.00000000,'USD','https://megapay.hk/login','https://megapay.hk/','87141579','5e8usjcwV1YvCzTiodp8','1575083422','pending','2019-11-29 22:10:22','2019-11-29 22:10:22'),(9,1,'PayMoney',20.00000000,'USD','https://megapay.hk/login','https://megapay.hk/','91245883','f2pzXfymYEG67zQc8vT7','1575083566','pending','2019-11-29 22:12:46','2019-11-29 22:12:46'),(10,1,'PayMoney',20.00000000,'USD','https://megapay.hk/login','https://megapay.hk/','57590800','G9v0OGg6RAsbjRIQo4vd','1575083621','pending','2019-11-29 22:13:41','2019-11-29 22:13:41'),(11,1,'PayMoney',20.00000000,'USD','https://megapay.hk/login','https://megapay.hk/','99049621','YkTW6fv3w1B3Fc1T2Ywo','1575083686','pending','2019-11-29 22:14:46','2019-11-29 22:14:46'),(12,1,'PayMoney',20.00000000,'USD','https://megapay.hk/login','https://megapay.hk/','19585034','4VYnoRtMUtoZDbSXYEPs','1575083716','pending','2019-11-29 22:15:16','2019-11-29 22:15:16'),(13,1,'PayMoney',20.00000000,'USD','https://megapay.hk/login','https://megapay.hk/','97459457','3Vxz0t8sHJTVgi186pcy','1575083734','pending','2019-11-29 22:15:34','2019-11-29 22:15:34'),(14,1,'PayMoney',20.00000000,'USD','https://megapay.hk/login','https://megapay.hk/','80314577','wGY7jWXIR617vk80tYZv','1575084354','pending','2019-11-29 22:25:54','2019-11-29 22:25:54'),(15,1,'PayMoney',20.00000000,'USD','https://megapay.hk/login','https://megapay.hk/','17755975','EtSvUklp4ozolYQzLjMt','1575084789','pending','2019-11-29 22:33:09','2019-11-29 22:33:09'),(16,1,'PayMoney',20.00000000,'USD','https://megapay.hk/login','https://megapay.hk/','37423508','WtYfiMs80B1sS7YqZVYf','1575084857','pending','2019-11-29 22:34:17','2019-11-29 22:34:17'),(17,1,'PayMoney',20.00000000,'USD','https://megapay.hk/login','https://megapay.hk/','63129654','ijRahOPsnFP4jiZ3uDyz','1575086170','pending','2019-11-29 22:56:10','2019-11-29 22:56:10'),(18,1,'PayMoney',20.00000000,'USD','https://megapay.hk/login','https://megapay.hk/','95155029','hhS4eoRNrCKkc3KxR1ug','1575086220','pending','2019-11-29 22:57:00','2019-11-29 22:57:00'),(19,1,'PayMoney',20.00000000,'USD','https://megapay.hk/login','https://megapay.hk/','93845576','bWvuDrPL1AEtpbtQcQIP','1575087467','pending','2019-11-29 23:17:47','2019-11-29 23:17:47'),(20,1,'PayMoney',20.00000000,'USD','https://megapay.hk/login','https://megapay.hk/','36552946','ZRxDLSiku9K83J9G6y1p','1575087503','pending','2019-11-29 23:18:23','2019-11-29 23:18:23'),(21,1,'PayMoney',20.00000000,'USD','https://megapay.hk/login','https://megapay.hk/','34730307','GMsFU48NPeYwhkmoa9vH','1575087558','pending','2019-11-29 23:19:18','2019-11-29 23:19:18'),(22,1,'PayMoney',20.00000000,'USD','https://megapay.hk/login','https://megapay.hk/','68455608','aeuI8UBXJgr7E68kiO4E','1575087668','pending','2019-11-29 23:21:08','2019-11-29 23:21:08'),(23,1,'PayMoney',20.00000000,'USD','https://megapay.hk/login','https://megapay.hk/','84971534','dAMUtg00g1VJRAiOJKGK','1575088032','pending','2019-11-29 23:27:12','2019-11-29 23:27:12'),(24,1,'PayMoney',20.00000000,'USD','https://megapay.hk/login','https://megapay.hk/','60900767','ukGPZrROSSWxwreq9oaL','1575088250','pending','2019-11-29 23:30:50','2019-11-29 23:30:50'),(25,1,'PayMoney',20.00000000,'USD','https://megapay.hk/login','https://megapay.hk/','69398055','GVVhAAMIRbJKkFB3EoHN','1575088280','pending','2019-11-29 23:31:21','2019-11-29 23:31:21'),(26,1,'PayMoney',20.00000000,'USD','https://megapay.hk/login','https://megapay.hk/','71326116','di6BgxTZH6eZ0U3nEq5Z','1575088291','pending','2019-11-29 23:31:31','2019-11-29 23:31:31'),(27,1,'PayMoney',20.00000000,'USD','https://megapay.hk/login','https://megapay.hk/','99491559','trp31vFR46pQMnAwxGjy','1575088548','pending','2019-11-29 23:35:48','2019-11-29 23:35:48'),(28,1,'PayMoney',20.00000000,'USD','https://megapay.hk/login','https://megapay.hk/','92252344','d3IvkbCf7rSaEIqNQpoy','1575088604','pending','2019-11-29 23:36:44','2019-11-29 23:36:44'),(29,1,'PayMoney',20.00000000,'USD','https://megapay.hk/login','https://megapay.hk/','77829660','URpv90GvXizLUvxjXRqM','1575088836','pending','2019-11-29 23:40:36','2019-11-29 23:40:36'),(30,1,'PayMoney',20.00000000,'USD','https://megapay.hk/login','https://megapay.hk/','42868704','TKqPGSHHb5HZlrk17Jo2','1575088904','success','2019-11-29 23:41:44','2019-11-29 23:44:31'),(31,2,'PayMoney',20.00000000,'USD','https://megapay.hk/login','https://megapay.hk/','42216357','UDTPL5SaPYr5E568WnhF','1575147907','success','2019-11-30 16:05:07','2019-11-30 16:07:05'),(32,1,'PayMoney',20.00000000,'USD','https://megapay.hk/login','https://megapay.hk/','17347848','1NDyfVRala9iAmPf2z2L','1575236481','pending','2019-12-01 16:41:21','2019-12-01 16:41:21'),(33,1,'PayMoney',20.00000000,'USD','https://megapay.hk/login','https://megapay.hk/','65009280','eXVPaIpJKU56Ya9mURdM','1575236735','pending','2019-12-01 16:45:35','2019-12-01 16:45:35'),(34,2,'PayMoney',30.00000000,'USD','https://megapay.hk/login','https://megapay.hk/','99727414','fzSD0tEYZkzBbBqpy3mC','1575236736','success','2019-12-01 16:45:36','2019-12-01 17:24:25'),(35,1,'PayMoney',20.00000000,'USD','https://megapay.hk/login','https://megapay.hk/','69475886','ekkqPZBRl4u6EZ1O9cMn','1575244644','pending','2019-12-01 18:57:24','2019-12-01 18:57:24'),(36,2,'PayMoney',30.00000000,'USD','https://megapay.hk/login','https://megapay.hk/','99516251','cG0cHDHvFgWDLz0lF4aw','1575244645','pending','2019-12-01 18:57:25','2019-12-01 18:57:25'),(37,1,'PayMoney',20.00000000,'USD','https://megapay.hk/login','https://megapay.hk/','52506227','HtVtpUdRuOWmDOSsy1sX','1575247451','pending','2019-12-01 19:44:11','2019-12-01 19:44:11'),(38,2,'PayMoney',30.00000000,'USD','https://megapay.hk/login','https://megapay.hk/','35621152','VCdzL06Oc01gtvpXZ0pT','1575247451','pending','2019-12-01 19:44:11','2019-12-01 19:44:11'),(39,1,'PayMoney',20.00000000,'USD','https://megapay.hk/login','https://megapay.hk/','75125325','ANirFJMkfKaWBlyK9Nvf','1575247523','pending','2019-12-01 19:45:23','2019-12-01 19:45:23'),(40,2,'PayMoney',30.00000000,'USD','https://megapay.hk/login','https://megapay.hk/','17912798','7dsqMx2KMzRLLhg7RjDY','1575247524','pending','2019-12-01 19:45:24','2019-12-01 19:45:24'),(41,1,'PayMoney',20.00000000,'USD','https://megapay.hk/login','https://megapay.hk/','68231953','j7eJAaqHTCsnWTBXvLaJ','1575247589','pending','2019-12-01 19:46:29','2019-12-01 19:46:29'),(42,2,'PayMoney',30.00000000,'USD','https://megapay.hk/login','https://megapay.hk/','42552241','suIRlVir9k0tClHpdl4r','1575247589','pending','2019-12-01 19:46:29','2019-12-01 19:46:29'),(43,1,'PayMoney',20.00000000,'USD','https://megapay.hk/login','https://megapay.hk/','29477347','3Q0hW8SGWDbWuNXgUC8N','1575247759','pending','2019-12-01 19:49:19','2019-12-01 19:49:19'),(44,2,'PayMoney',30.00000000,'USD','https://megapay.hk/login','https://megapay.hk/','45173398','YAnJwTzKaHanyH0wGaE8','1575247760','pending','2019-12-01 19:49:20','2019-12-01 19:49:20'),(45,1,'PayMoney',20.00000000,'USD','https://megapay.hk/login','https://megapay.hk/','73462752','fymhdsDxZP1TSTgkRf39','1575247789','pending','2019-12-01 19:49:49','2019-12-01 19:49:49'),(46,2,'PayMoney',30.00000000,'USD','https://megapay.hk/login','https://megapay.hk/','78546522','oaLexb12FzgCj3TpHSVT','1575247789','pending','2019-12-01 19:49:49','2019-12-01 19:49:49'),(47,1,'PayMoney',20.00000000,'USD','https://megapay.hk/login','https://megapay.hk/','45420963','7VcLCP1pZZ9gMxYupWSB','1575247977','pending','2019-12-01 19:52:57','2019-12-01 19:52:57'),(48,2,'PayMoney',30.00000000,'USD','https://megapay.hk/login','https://megapay.hk/','51819561','whScg7aKVH9zgo5FOrVU','1575247978','pending','2019-12-01 19:52:58','2019-12-01 19:52:58'),(49,1,'PayMoney',20.00000000,'USD','https://megapay.hk/login','https://megapay.hk/','86061046','YUBYn9bAG8w7EIi8U19b','1575248070','pending','2019-12-01 19:54:30','2019-12-01 19:54:30'),(50,2,'PayMoney',30.00000000,'USD','https://megapay.hk/login','https://megapay.hk/','17811570','osRXl80lQqlc5Ub0Zngk','1575248071','pending','2019-12-01 19:54:31','2019-12-01 19:54:31'),(51,1,'PayMoney',20.00000000,'USD','https://megapay.hk/login','https://megapay.hk/','71914014','XiundPFsu8ejJsSxcJfp','1575248489','pending','2019-12-01 20:01:29','2019-12-01 20:01:29'),(52,2,'PayMoney',30.00000000,'USD','https://megapay.hk/login','https://megapay.hk/','18070860','PAp196iLXukSE1vc2UmX','1575248490','pending','2019-12-01 20:01:30','2019-12-01 20:01:30'),(53,1,'PayMoney',20.00000000,'USD','https://megapay.hk/login','https://megapay.hk/','10123188','wkOKDY3njgCiMOoft25J','1575249023','pending','2019-12-01 20:10:23','2019-12-01 20:10:23'),(54,2,'PayMoney',30.00000000,'USD','https://megapay.hk/login','https://megapay.hk/','48074273','zDpzgTcByRxHTbTfURZr','1575249023','pending','2019-12-01 20:10:23','2019-12-01 20:10:23'),(55,1,'PayMoney',20.00000000,'USD','https://megapay.hk/login','https://megapay.hk/','11198932','JCNDrlSXkQri2pgFv8A1','1575249129','pending','2019-12-01 20:12:09','2019-12-01 20:12:09'),(56,2,'PayMoney',30.00000000,'USD','https://megapay.hk/login','https://megapay.hk/','28413133','8xuYeeSuvPe2ZhQNKuCL','1575249130','pending','2019-12-01 20:12:10','2019-12-01 20:12:10'),(57,1,'PayMoney',20.00000000,'USD','https://megapay.hk/login','https://megapay.hk/','41443559','Sjrh7xNzfxPXSFg20X5x','1575249534','pending','2019-12-01 20:18:54','2019-12-01 20:18:54'),(58,2,'PayMoney',30.00000000,'USD','https://megapay.hk/login','https://megapay.hk/','69239905','Efumocvd2cJamn4diB9k','1575249535','pending','2019-12-01 20:18:55','2019-12-01 20:18:55'),(59,1,'PayMoney',20.00000000,'USD','https://megapay.hk/login','https://megapay.hk/','20338533','KCD4n9orTbkIuM6sQNOX','1575249587','pending','2019-12-01 20:19:47','2019-12-01 20:19:47'),(60,2,'PayMoney',30.00000000,'USD','https://megapay.hk/login','https://megapay.hk/','12023504','WIkqXah0oclPiR4F1jdX','1575249588','pending','2019-12-01 20:19:48','2019-12-01 20:19:48'),(61,1,'PayMoney',20.00000000,'USD','https://megapay.hk/login','https://megapay.hk/','43978561','XrS11vYuztUxt7NFW33s','1575273847','pending','2019-12-02 03:04:07','2019-12-02 03:04:07'),(62,2,'PayMoney',30.00000000,'USD','https://megapay.hk/login','https://megapay.hk/','35892211','BLRXWiReO0S00uJ6uO0q','1575273848','pending','2019-12-02 03:04:08','2019-12-02 03:04:08'),(63,1,'PayMoney',20.00000000,'USD','https://megapay.hk/login','https://megapay.hk/','81050323','FVjB1N3wmySvNzWmc2Lh','1575274080','pending','2019-12-02 03:08:00','2019-12-02 03:08:00'),(64,2,'PayMoney',30.00000000,'USD','https://megapay.hk/login','https://megapay.hk/','13356011','UyRKgQloMuJ2OQ7SGMrM','1575274081','pending','2019-12-02 03:08:01','2019-12-02 03:08:01'),(65,1,'PayMoney',20.00000000,'USD','https://megapay.hk/login','https://megapay.hk/','93100438','1ZNkIiQRrb5uyqx96w2h','1575274271','pending','2019-12-02 03:11:11','2019-12-02 03:11:11'),(66,2,'PayMoney',30.00000000,'USD','https://megapay.hk/login','https://megapay.hk/','18128077','QDPtz6EC7A0bUs6j8l0U','1575274272','pending','2019-12-02 03:11:12','2019-12-02 03:11:12'),(67,1,'PayMoney',20.00000000,'USD','https://megapay.hk/login','https://megapay.hk/','72729797','7iL4s9Bzxbv59IiXMSfE','1575274335','pending','2019-12-02 03:12:15','2019-12-02 03:12:15'),(68,2,'PayMoney',30.00000000,'USD','https://megapay.hk/login','https://megapay.hk/','32622303','2C5M8pQOpn6hLeILh2t0','1575274336','pending','2019-12-02 03:12:16','2019-12-02 03:12:16'),(69,1,'PayMoney',20.00000000,'USD','https://megapay.hk/login','https://megapay.hk/','44537331','bU68uc7bPKuk8pKvTFOC','1575274366','pending','2019-12-02 03:12:46','2019-12-02 03:12:46'),(70,2,'PayMoney',30.00000000,'USD','https://megapay.hk/login','https://megapay.hk/','83458381','utpYaroiIbriRwmsAhT5','1575274367','pending','2019-12-02 03:12:47','2019-12-02 03:12:47'),(71,1,'PayMoney',20.00000000,'USD','https://megapay.hk/login','https://megapay.hk/','58583215','LiO7S7BjGErFIMtJ3rdb','1575274453','pending','2019-12-02 03:14:13','2019-12-02 03:14:13'),(72,2,'PayMoney',30.00000000,'USD','https://megapay.hk/login','https://megapay.hk/','96513319','2rPYRkiuThmkJvMk3rDG','1575274454','pending','2019-12-02 03:14:14','2019-12-02 03:14:14'),(73,1,'PayMoney',20.00000000,'USD','https://megapay.hk/login','https://megapay.hk/','78125659','ZKwFStpvKhJJ2FePRDy0','1575274910','pending','2019-12-02 03:21:50','2019-12-02 03:21:50'),(74,2,'PayMoney',30.00000000,'USD','https://megapay.hk/login','https://megapay.hk/','14086433','39u7NRWXfnjBMtQAWQnS','1575274911','pending','2019-12-02 03:21:51','2019-12-02 03:21:51'),(75,1,'PayMoney',20.00000000,'USD','https://megapay.hk/login','https://megapay.hk/','52858269','M7pmqd2ADV5arWyEMcRr','1575275489','pending','2019-12-02 03:31:29','2019-12-02 03:31:29'),(76,2,'PayMoney',30.00000000,'USD','https://megapay.hk/login','https://megapay.hk/','86583735','0JLyomLXdz66Th5L9bVA','1575275489','pending','2019-12-02 03:31:29','2019-12-02 03:31:29'),(77,1,'PayMoney',20.00000000,'USD','https://megapay.hk/login','https://megapay.hk/','34979950','uAPfAF6zOLDUHBO5JESG','1575275975','pending','2019-12-02 03:39:35','2019-12-02 03:39:35'),(78,2,'PayMoney',30.00000000,'USD','https://megapay.hk/login','https://megapay.hk/','98626187','KCNekQ8ysdQMKz1bG0E5','1575275976','pending','2019-12-02 03:39:36','2019-12-02 03:39:36'),(79,1,'PayMoney',20.00000000,'USD','https://megapay.hk/login','https://megapay.hk/','85482428','XK8fvc56K5Lr2EF9OHWN','1575276742','success','2019-12-02 03:52:22','2019-12-02 04:25:03'),(80,2,'PayMoney',30.00000000,'USD','https://megapay.hk/login','https://megapay.hk/','67841759','3wOVxKLOEosYgITmqY5y','1575276743','pending','2019-12-02 03:52:23','2019-12-02 03:52:23'),(81,1,'PayMoney',20.00000000,'USD','https://megapay.hk/login','https://megapay.hk/','48588900','zrAhLGvbfjIl6uinmf6d','1575279097','pending','2019-12-02 04:31:37','2019-12-02 04:31:37'),(82,2,'PayMoney',30.00000000,'USD','https://megapay.hk/login','https://megapay.hk/','12337879','i1zoYw0hs7TEYeReYsKm','1575279098','success','2019-12-02 04:31:38','2019-12-02 06:08:27'),(83,1,'PayMoney',20.00000000,'USD','https://megapay.hk/login','https://megapay.hk/','80520919','Ytw98c5ZElzMzztESeoL','1575284981','pending','2019-12-02 06:09:41','2019-12-02 06:09:41'),(84,2,'PayMoney',30.00000000,'USD','https://megapay.hk/login','https://megapay.hk/','46546411','d9RMrWj1eXuRgErhDRqw','1575284982','success','2019-12-02 06:09:42','2019-12-02 06:09:49'),(85,1,'PayMoney',20.00000000,'USD','https://megapay.hk/login','https://megapay.hk/','26271759','WjhbL3yM2xvNE7WRf4tJ','1575285252','pending','2019-12-02 06:14:12','2019-12-02 06:14:12'),(86,2,'PayMoney',30.00000000,'USD','https://megapay.hk/login','https://megapay.hk/','46461764','ohHwIS0ywXP5OO4Tvlid','1575285253','pending','2019-12-02 06:14:13','2019-12-02 06:14:13'),(87,1,'PayMoney',20.00000000,'USD','https://megapay.hk/login','https://megapay.hk/','82038492','NFzsaIOfNTAA8d9bCiNg','1575285809','pending','2019-12-02 06:23:29','2019-12-02 06:23:29'),(88,2,'PayMoney',30.00000000,'USD','https://megapay.hk/login','https://megapay.hk/','10374293','sinGEh63tZRDcaWiWNu0','1575285810','success','2019-12-02 06:23:30','2019-12-02 06:23:38'),(89,1,'PayMoney',20.00000000,'USD','https://megapay.hk/login','https://megapay.hk/','39172561','rRE3yn4fT5o2zI52X60q','1575286058','pending','2019-12-02 06:27:38','2019-12-02 06:27:38'),(90,2,'PayMoney',30.00000000,'USD','https://megapay.hk/login','https://megapay.hk/','50102255','onp8P8rg5Pw3JxcY4zem','1575286058','pending','2019-12-02 06:27:38','2019-12-02 06:27:38'),(91,1,'PayMoney',20.00000000,'USD','https://megapay.hk/login','https://megapay.hk/','41939073','0DjBj6yDpzQC9j68KLzS','1575314471','pending','2019-12-02 14:21:11','2019-12-02 14:21:11'),(92,2,'PayMoney',30.00000000,'USD','https://megapay.hk/login','https://megapay.hk/','67692044','MMKCxLzqJ8vpgMzPDdrM','1575314472','success','2019-12-02 14:21:12','2019-12-02 14:21:43'),(93,1,'PayMoney',20.00000000,'USD','https://megapay.hk/login','https://megapay.hk/','74768641','KfMOl3LIa5Iyn3QoXiqj','1575434871','pending','2019-12-03 23:47:51','2019-12-03 23:47:51'),(94,2,'PayMoney',30.00000000,'USD','https://megapay.hk/login','https://megapay.hk/','13129558','aeWaLqWRziHhxnWNLobE','1575434872','pending','2019-12-03 23:47:52','2019-12-03 23:47:52'),(95,1,'PayMoney',20.00000000,'USD','https://megapay.hk/login','https://megapay.hk/','25321775','sPDL6jqKdcg0ypwOKKWf','1575435014','pending','2019-12-03 23:50:14','2019-12-03 23:50:14'),(96,2,'PayMoney',30.00000000,'USD','https://megapay.hk/login','https://megapay.hk/','66851172','gWEOeQ3BLgaB9eOw8FSP','1575435016','pending','2019-12-03 23:50:16','2019-12-03 23:50:16'),(97,1,'PayMoney',20.00000000,'USD','https://megapay.hk/login','https://megapay.hk/','76402944','948ZBjQxlMZTYnOLKfgK','1575435101','pending','2019-12-03 23:51:41','2019-12-03 23:51:41'),(98,2,'PayMoney',30.00000000,'USD','https://megapay.hk/login','https://megapay.hk/','29604209','YhSK8hBW30R7yo0OCvmX','1575435102','pending','2019-12-03 23:51:42','2019-12-03 23:51:42'),(99,1,'PayMoney',20.00000000,'USD','https://megapay.hk/login','https://megapay.hk/','41740409','U2WL59ppYgZcfU6CF1ky','1575435203','pending','2019-12-03 23:53:23','2019-12-03 23:53:23'),(100,2,'PayMoney',30.00000000,'USD','https://megapay.hk/login','https://megapay.hk/','12505857','FfoElb1pK58aQJ1DEG3r','1575435205','pending','2019-12-03 23:53:25','2019-12-03 23:53:25'),(101,1,'PayMoney',20.00000000,'USD','https://megapay.hk/login','https://megapay.hk/','64931437','GbOAT0w42NVycwFp2X4U','1575435208','pending','2019-12-03 23:53:28','2019-12-03 23:53:28'),(102,2,'PayMoney',30.00000000,'USD','https://megapay.hk/login','https://megapay.hk/','54212355','UAlk5LiXPcey5jOkpSaP','1575435210','pending','2019-12-03 23:53:30','2019-12-03 23:53:30'),(103,1,'PayMoney',20.00000000,'USD','https://megapay.hk/login','https://megapay.hk/','29810601','OiqJlZjHYd26WTk8YDBG','1575437896','pending','2019-12-04 00:38:16','2019-12-04 00:38:16'),(104,2,'PayMoney',30.00000000,'USD','https://megapay.hk/login','https://megapay.hk/','71298270','y5i65fBv3a6JjqXbqvLc','1575437901','pending','2019-12-04 00:38:21','2019-12-04 00:38:21'),(105,1,'PayMoney',20.00000000,'USD','https://megapay.hk/login','https://megapay.hk/','95581049','0jiZxpP6BCgMXiv0cKEq','1575437918','pending','2019-12-04 00:38:38','2019-12-04 00:38:38'),(106,2,'PayMoney',30.00000000,'USD','https://megapay.hk/login','https://megapay.hk/','18083888','29rhJdmrsHrL49jMeVr1','1575437919','pending','2019-12-04 00:38:39','2019-12-04 00:38:39'),(107,1,'PayMoney',20.00000000,'USD','https://megapay.hk/login','https://megapay.hk/','97630035','ofSjrjnDN2uRvf43xt2d','1575437926','pending','2019-12-04 00:38:46','2019-12-04 00:38:46'),(108,2,'PayMoney',30.00000000,'USD','https://megapay.hk/login','https://megapay.hk/','56463312','GUAxFCmyVt05bmfugwz5','1575437927','pending','2019-12-04 00:38:47','2019-12-04 00:38:47'),(109,1,'PayMoney',20.00000000,'USD','https://megapay.hk/login','https://megapay.hk/','37513332','sDH3iynpK04l2eSORZdu','1575446674','pending','2019-12-04 03:04:34','2019-12-04 03:04:34'),(110,2,'PayMoney',30.00000000,'USD','https://megapay.hk/login','https://megapay.hk/','46556601','9OJl2p1jdZCyA6KxEEK0','1575446676','pending','2019-12-04 03:04:36','2019-12-04 03:04:36'),(111,1,'PayMoney',20.00000000,'USD','https://megapay.hk/login','https://megapay.hk/','23821914','B6bJOkEGblpwjmawkBhJ','1575447809','pending','2019-12-04 03:23:29','2019-12-04 03:23:29'),(112,2,'PayMoney',30.00000000,'USD','https://megapay.hk/login','https://megapay.hk/','14211677','MY4hiJ1m6B3VTLMbOAoh','1575447810','success','2019-12-04 03:23:30','2019-12-04 03:23:59'),(113,1,'PayMoney',20.00000000,'USD','https://megapay.hk/login','https://megapay.hk/','87310954','jLDRBZO7jHHITGyviTdr','1575490335','pending','2019-12-04 15:12:15','2019-12-04 15:12:15'),(114,2,'PayMoney',30.00000000,'USD','https://megapay.hk/login','https://megapay.hk/','89091441','Sj19dxcqRJWR2neASgpW','1575490336','pending','2019-12-04 15:12:16','2019-12-04 15:12:16'),(115,1,'PayMoney',20.00000000,'USD','https://megapay.hk/login','https://megapay.hk/','63011143','vcMSpQYccXMLFzZdg2mb','1575491203','pending','2019-12-04 15:26:43','2019-12-04 15:26:43'),(116,2,'PayMoney',30.00000000,'USD','https://megapay.hk/login','https://megapay.hk/','71288880','JbRA18EAEvZKEXEuzoDz','1575491204','pending','2019-12-04 15:26:44','2019-12-04 15:26:44'),(117,1,'PayMoney',20.00000000,'USD','https://megapay.hk/login','https://megapay.hk/','53957452','cvYKG6YvbJ0Ghm18TIH5','1575491254','pending','2019-12-04 15:27:34','2019-12-04 15:27:34'),(118,2,'PayMoney',30.00000000,'USD','https://megapay.hk/login','https://megapay.hk/','11682522','lmx1DuNL4aRqhujk1RLp','1575491255','pending','2019-12-04 15:27:35','2019-12-04 15:27:35'),(119,1,'PayMoney',20.00000000,'USD','https://megapay.hk/login','https://megapay.hk/','98680319','QUz2bYnH7swTkhOyQjLo','1575491310','pending','2019-12-04 15:28:30','2019-12-04 15:28:30'),(120,2,'PayMoney',30.00000000,'USD','https://megapay.hk/login','https://megapay.hk/','58820208','UqtwYQdjttkpvGJjrSak','1575491311','pending','2019-12-04 15:28:31','2019-12-04 15:28:31'),(121,1,'PayMoney',20.00000000,'USD','https://megapay.hk/login','https://megapay.hk/','45266808','ivDukrQfn1OTLQWOxbb5','1575492592','pending','2019-12-04 15:49:52','2019-12-04 15:49:52'),(122,2,'PayMoney',30.00000000,'USD','https://megapay.hk/login','https://megapay.hk/','17084718','FJyyt7ZWe7ghyjiIrZj7','1575492593','pending','2019-12-04 15:49:53','2019-12-04 15:49:53'),(123,1,'PayMoney',20.00000000,'USD','https://megapay.hk/login','https://megapay.hk/','94712748','UPCMnTVLzI9w3bXqltHw','1575495632','pending','2019-12-04 16:40:32','2019-12-04 16:40:32'),(124,2,'PayMoney',30.00000000,'USD','https://megapay.hk/login','https://megapay.hk/','76332846','giiBfHUQCq6nAgrRci0s','1575495633','pending','2019-12-04 16:40:33','2019-12-04 16:40:33'),(125,1,'PayMoney',20.00000000,'USD','https://megapay.hk/login','https://megapay.hk/','11836181','PedZ5snd08tkjR5201kF','1575574322','pending','2019-12-05 14:32:02','2019-12-05 14:32:02'),(126,2,'PayMoney',30.00000000,'USD','https://megapay.hk/login','https://megapay.hk/','67042418','TUsd7nmFFD0a7SRogpdy','1575574323','pending','2019-12-05 14:32:03','2019-12-05 14:32:03'),(127,1,'PayMoney',20.00000000,'USD','https://megapay.hk/login','https://megapay.hk/','29258119','v0AHsstbrcmS5ZKmfUNC','1575574383','pending','2019-12-05 14:33:03','2019-12-05 14:33:03'),(128,2,'PayMoney',30.00000000,'USD','https://megapay.hk/login','https://megapay.hk/','75324763','BPZJNUqlCzep1T8ylOdC','1575574384','pending','2019-12-05 14:33:04','2019-12-05 14:33:04'),(129,1,'PayMoney',20.00000000,'USD','https://megapay.hk/login','https://megapay.hk/','79152378','0OgUTUhSG5MumBMOtDF8','1575574422','pending','2019-12-05 14:33:42','2019-12-05 14:33:42'),(130,2,'PayMoney',30.00000000,'USD','https://megapay.hk/login','https://megapay.hk/','59657487','Q6T1VKrusrDnOHpQSToX','1575574423','pending','2019-12-05 14:33:43','2019-12-05 14:33:43'),(131,1,'PayMoney',20.00000000,'USD','https://megapay.hk/login','https://megapay.hk/','25841480','xUuqgTJHqqOKEWrMfjUH','1575574465','pending','2019-12-05 14:34:25','2019-12-05 14:34:25'),(132,2,'PayMoney',30.00000000,'USD','https://megapay.hk/login','https://megapay.hk/','89477064','TcQXVA4XfzWKgLSPj2ju','1575574466','pending','2019-12-05 14:34:26','2019-12-05 14:34:26'),(133,1,'PayMoney',20.00000000,'USD','https://megapay.hk/login','https://megapay.hk/','65272481','COIeUn8IS6DCf9pXg8Ea','1575574597','pending','2019-12-05 14:36:37','2019-12-05 14:36:37'),(134,2,'PayMoney',30.00000000,'USD','https://megapay.hk/login','https://megapay.hk/','82151912','nGd179w61U0u9BkrE3DP','1575574599','pending','2019-12-05 14:36:39','2019-12-05 14:36:39'),(135,1,'PayMoney',20.00000000,'USD','https://megapay.hk/login','https://megapay.hk/','80553980','udbGUNwigsg0KkMFkIEA','1575582372','pending','2019-12-05 16:46:12','2019-12-05 16:46:12'),(136,2,'PayMoney',30.00000000,'USD','https://megapay.hk/login','https://megapay.hk/','43954814','gTv5jRkbtKxXoOTvJ4x1','1575582373','pending','2019-12-05 16:46:13','2019-12-05 16:46:13'),(137,1,'PayMoney',20.00000000,'USD','https://megapay.hk/login','https://megapay.hk/','66769162','5AJVRUeyjQxZlj5LCBZd','1575582876','pending','2019-12-05 16:54:36','2019-12-05 16:54:36'),(138,2,'PayMoney',30.00000000,'USD','https://megapay.hk/login','https://megapay.hk/','74618734','3hNhUfeUmoKFsiuDr5C1','1575582877','pending','2019-12-05 16:54:37','2019-12-05 16:54:37'),(139,1,'PayMoney',20.00000000,'USD','https://megapay.hk/login','https://megapay.hk/','98419004','cwajmxcoQmpArHOasmHi','1575583082','pending','2019-12-05 16:58:02','2019-12-05 16:58:02'),(140,2,'PayMoney',30.00000000,'USD','https://megapay.hk/login','https://megapay.hk/','57018177','e9Z61n65Uf2RdB8IYIO3','1575583083','pending','2019-12-05 16:58:03','2019-12-05 16:58:03'),(141,1,'PayMoney',20.00000000,'USD','https://megapay.hk/login','https://megapay.hk/','57041705','VkCmhnC8B8Cq5YLc5Zmt','1575583159','pending','2019-12-05 16:59:19','2019-12-05 16:59:19'),(142,2,'PayMoney',30.00000000,'USD','https://megapay.hk/login','https://megapay.hk/','92828831','FumRFjZwgHBG6EDk1LWX','1575583160','pending','2019-12-05 16:59:20','2019-12-05 16:59:20'),(143,1,'PayMoney',20.00000000,'USD','https://megapay.hk/login','https://megapay.hk/','87861776','5L9iZRxZs35jy0AaS0aI','1575583470','pending','2019-12-05 17:04:30','2019-12-05 17:04:30'),(144,2,'PayMoney',30.00000000,'USD','https://megapay.hk/login','https://megapay.hk/','22017273','MOB86ne1sqPIo0uj6pHd','1575583471','pending','2019-12-05 17:04:31','2019-12-05 17:04:31'),(145,1,'PayMoney',20.00000000,'USD','https://megapay.hk/login','https://megapay.hk/','25780898','AAfDbNB02m3cVAonlXWH','1575583558','pending','2019-12-05 17:05:58','2019-12-05 17:05:58'),(146,2,'PayMoney',30.00000000,'USD','https://megapay.hk/login','https://megapay.hk/','75147330','Q5VrEcQH7rd7zLlJ2QZI','1575583559','pending','2019-12-05 17:05:59','2019-12-05 17:05:59'),(147,1,'PayMoney',20.00000000,'USD','https://megapay.hk/login','https://megapay.hk/','50806974','UugyjNhpy8I6MNbtFlEu','1575584214','pending','2019-12-05 17:16:54','2019-12-05 17:16:54'),(148,2,'PayMoney',30.00000000,'USD','https://megapay.hk/login','https://megapay.hk/','66629161','d0JNotp6obYagHAdnWYw','1575584215','pending','2019-12-05 17:16:55','2019-12-05 17:16:55'),(149,1,'PayMoney',20.00000000,'USD','https://megapay.hk/login','https://megapay.hk/','68231755','0J82xpr7mt858weHerAW','1575584397','pending','2019-12-05 17:19:57','2019-12-05 17:19:57'),(150,2,'PayMoney',30.00000000,'USD','https://megapay.hk/login','https://megapay.hk/','14208308','JwtfJXanryiXoV6zHBlN','1575584398','pending','2019-12-05 17:19:58','2019-12-05 17:19:58'),(151,1,'PayMoney',20.00000000,'USD','https://megapay.hk/login','https://megapay.hk/','51320899','z5p8Wb4qYudVIHXodEfv','1575585012','pending','2019-12-05 17:30:12','2019-12-05 17:30:12'),(152,2,'PayMoney',30.00000000,'USD','https://megapay.hk/login','https://megapay.hk/','89979776','OAbSxEsSmy8Vpva9AfRM','1575585013','pending','2019-12-05 17:30:13','2019-12-05 17:30:13'),(153,1,'PayMoney',20.00000000,'USD','https://megapay.hk/login','https://megapay.hk/','93034667','b8qdHDtKKFc6PqMheEAh','1575585035','pending','2019-12-05 17:30:35','2019-12-05 17:30:35'),(154,2,'PayMoney',30.00000000,'USD','https://megapay.hk/login','https://megapay.hk/','20213455','0ZbTGApS4tNHpniBf0zQ','1575585036','pending','2019-12-05 17:30:36','2019-12-05 17:30:36'),(155,1,'PayMoney',20.00000000,'USD','https://megapay.hk/login','https://megapay.hk/','11292537','7JbsNIQdrU4bjisR3WBV','1575585283','pending','2019-12-05 17:34:43','2019-12-05 17:34:43'),(156,2,'PayMoney',30.00000000,'USD','https://megapay.hk/login','https://megapay.hk/','14155235','UXlq6qOgPt1g611WNDyp','1575585284','pending','2019-12-05 17:34:44','2019-12-05 17:34:44'),(157,1,'PayMoney',20.00000000,'USD','https://megapay.hk/login','https://megapay.hk/','61394788','AuP8OTfUmPcFF6QG4CA2','1575589905','pending','2019-12-05 18:51:45','2019-12-05 18:51:45'),(158,2,'PayMoney',30.00000000,'USD','https://megapay.hk/login','https://megapay.hk/','38498865','qchSNwXAltQ46kMRqUDf','1575589906','pending','2019-12-05 18:51:46','2019-12-05 18:51:46'),(159,1,'PayMoney',20.00000000,'USD','https://megapay.hk/login','https://megapay.hk/','30261780','YUGjM4xiKZS6AONYR5Mv','1575590550','pending','2019-12-05 19:02:30','2019-12-05 19:02:30'),(160,2,'PayMoney',30.00000000,'USD','https://megapay.hk/login','https://megapay.hk/','84692681','K00FjPX1QqyUUVBnyab6','1575590551','pending','2019-12-05 19:02:31','2019-12-05 19:02:31'),(161,1,'PayMoney',20.00000000,'USD','https://megapay.hk/login','https://megapay.hk/','79556253','YR27j5wdA2zVuRTq19x8','1575590930','pending','2019-12-05 19:08:50','2019-12-05 19:08:50'),(162,2,'PayMoney',30.00000000,'USD','https://megapay.hk/login','https://megapay.hk/','35208503','ObGJ5Sjb0L8rsIHuM77E','1575590931','pending','2019-12-05 19:08:51','2019-12-05 19:08:51'),(163,1,'PayMoney',20.00000000,'USD','https://megapay.hk/login','https://megapay.hk/','13697731','uHmQlN1ByIzZwiEtpdcJ','1575590973','pending','2019-12-05 19:09:33','2019-12-05 19:09:33'),(164,2,'PayMoney',30.00000000,'USD','https://megapay.hk/login','https://megapay.hk/','14024427','3MR0nqwyajDbKMNke7nZ','1575590974','pending','2019-12-05 19:09:34','2019-12-05 19:09:34'),(165,1,'PayMoney',20.00000000,'USD','https://megapay.hk/login','https://megapay.hk/','19998227','XgfJkBPA7w8vheWI1iEg','1575591262','pending','2019-12-05 19:14:22','2019-12-05 19:14:22'),(166,2,'PayMoney',30.00000000,'USD','https://megapay.hk/login','https://megapay.hk/','86298863','nwBQqLHyZjzELgqG4Duo','1575591263','pending','2019-12-05 19:14:23','2019-12-05 19:14:23'),(167,1,'PayMoney',20.00000000,'USD','https://megapay.hk/login','https://megapay.hk/','72786589','MOq9CDAczerifGJe1tFE','1575591367','pending','2019-12-05 19:16:07','2019-12-05 19:16:07'),(168,2,'PayMoney',30.00000000,'USD','https://megapay.hk/login','https://megapay.hk/','89207945','0dmKRZo2SHt2QdAhEXQb','1575591368','pending','2019-12-05 19:16:08','2019-12-05 19:16:08'),(169,1,'PayMoney',20.00000000,'USD','https://megapay.hk/login','https://megapay.hk/','13127047','SBiDcSSKrlgdz6NHz2Df','1575591740','pending','2019-12-05 19:22:20','2019-12-05 19:22:20'),(170,2,'PayMoney',30.00000000,'USD','https://megapay.hk/login','https://megapay.hk/','17713405','1SEdul0wl2C4V3W0MvyC','1575591741','pending','2019-12-05 19:22:21','2019-12-05 19:22:21'),(171,1,'PayMoney',20.00000000,'USD','https://megapay.hk/login','https://megapay.hk/','81895407','RItsDdbO15glK7Zpm2gI','1575591771','pending','2019-12-05 19:22:51','2019-12-05 19:22:51'),(172,2,'PayMoney',30.00000000,'USD','https://megapay.hk/login','https://megapay.hk/','28602281','wWdAIPRLipom16XnFqWq','1575591772','pending','2019-12-05 19:22:52','2019-12-05 19:22:52'),(173,1,'PayMoney',20.00000000,'USD','https://megapay.hk/login','https://megapay.hk/','17814784','k8aR7SiNqowyrTmz3w5g','1575591948','pending','2019-12-05 19:25:48','2019-12-05 19:25:48'),(174,2,'PayMoney',30.00000000,'USD','https://megapay.hk/login','https://megapay.hk/','99651488','zyLUc4o31WAxbqfzDtrl','1575591949','pending','2019-12-05 19:25:49','2019-12-05 19:25:49'),(175,1,'PayMoney',20.00000000,'USD','https://megapay.hk/login','https://megapay.hk/','82412164','feq4dsPUqPi5xb8sRois','1575592001','pending','2019-12-05 19:26:41','2019-12-05 19:26:41'),(176,2,'PayMoney',30.00000000,'USD','https://megapay.hk/login','https://megapay.hk/','21792849','DGH5N5prE8TyPSH9KbAc','1575592002','pending','2019-12-05 19:26:42','2019-12-05 19:26:42'),(177,1,'PayMoney',20.00000000,'USD','https://megapay.hk/login','https://megapay.hk/','38948643','Z2AKgQuCCeOq31aaAjqm','1575592218','pending','2019-12-05 19:30:18','2019-12-05 19:30:18'),(178,2,'PayMoney',30.00000000,'USD','https://megapay.hk/login','https://megapay.hk/','90802706','pdHZLW7DCqXGTVOLbmwz','1575592219','pending','2019-12-05 19:30:19','2019-12-05 19:30:19'),(179,1,'PayMoney',20.00000000,'USD','https://megapay.hk/login','https://megapay.hk/','27807182','7jxYQZYAkDlv4UGujvhV','1575592256','pending','2019-12-05 19:30:56','2019-12-05 19:30:56'),(180,2,'PayMoney',30.00000000,'USD','https://megapay.hk/login','https://megapay.hk/','62494027','m9wlv4HicUh3RyKhHUve','1575592257','pending','2019-12-05 19:30:57','2019-12-05 19:30:57'),(181,1,'PayMoney',20.00000000,'USD','https://megapay.hk/login','https://megapay.hk/','47869874','zijKnrcsWunBqPTQBjnw','1575592504','pending','2019-12-05 19:35:04','2019-12-05 19:35:04'),(182,2,'PayMoney',30.00000000,'USD','https://megapay.hk/login','https://megapay.hk/','77140026','SCMWr0DWUgb0CVJre6TB','1575592505','pending','2019-12-05 19:35:05','2019-12-05 19:35:05'),(183,1,'PayMoney',20.00000000,'USD','https://megapay.hk/login','https://megapay.hk/','37959517','vRFDm8ImfKK6WKojxuLo','1575592535','pending','2019-12-05 19:35:35','2019-12-05 19:35:35'),(184,2,'PayMoney',30.00000000,'USD','https://megapay.hk/login','https://megapay.hk/','89902883','KwrSrixBgqe5PIn810wV','1575592535','pending','2019-12-05 19:35:35','2019-12-05 19:35:35'),(185,1,'PayMoney',20.00000000,'USD','https://megapay.hk/login','https://megapay.hk/','77499829','IB1Rena60KWshKOE1K5y','1575592578','pending','2019-12-05 19:36:18','2019-12-05 19:36:18'),(186,2,'PayMoney',30.00000000,'USD','https://megapay.hk/login','https://megapay.hk/','93340231','hQnSUM0gygzCgU8QlMkT','1575592579','pending','2019-12-05 19:36:19','2019-12-05 19:36:19'),(187,1,'PayMoney',20.00000000,'USD','https://megapay.hk/login','https://megapay.hk/','14678936','33PboxQLj0kNEn7N9oSh','1575592639','pending','2019-12-05 19:37:19','2019-12-05 19:37:19'),(188,2,'PayMoney',30.00000000,'USD','https://megapay.hk/login','https://megapay.hk/','67043290','C5EIshYR5XOvt9OAd8ht','1575592639','pending','2019-12-05 19:37:19','2019-12-05 19:37:19'),(189,1,'PayMoney',20.00000000,'USD','https://megapay.hk/login','https://megapay.hk/','39077190','99fPPi4FtuUK9xP2hmYR','1575592705','pending','2019-12-05 19:38:25','2019-12-05 19:38:25'),(190,2,'PayMoney',30.00000000,'USD','https://megapay.hk/login','https://megapay.hk/','36404718','yJTZ5KIQI71h1TublhlX','1575592706','pending','2019-12-05 19:38:26','2019-12-05 19:38:26'),(191,1,'PayMoney',20.00000000,'USD','https://megapay.hk/login','https://megapay.hk/','44340397','VUVj4LFJguzNaa5iEzu4','1575592778','pending','2019-12-05 19:39:38','2019-12-05 19:39:38'),(192,2,'PayMoney',30.00000000,'USD','https://megapay.hk/login','https://megapay.hk/','48821648','IPQCm9bh61GNP8KRhCdd','1575592779','pending','2019-12-05 19:39:39','2019-12-05 19:39:39'),(193,1,'PayMoney',20.00000000,'USD','https://megapay.hk/login','https://megapay.hk/','64337231','AW1oCi4ZQ5IITwcELbUj','1575592937','pending','2019-12-05 19:42:17','2019-12-05 19:42:17'),(194,2,'PayMoney',30.00000000,'USD','https://megapay.hk/login','https://megapay.hk/','96175359','fqqo1xxdUosvhCAAF1HJ','1575592938','pending','2019-12-05 19:42:18','2019-12-05 19:42:18'),(195,1,'PayMoney',20.00000000,'USD','https://megapay.hk/login','https://megapay.hk/','73674113','4iSIzli0hx6eVaQ9aQdH','1575593244','pending','2019-12-05 19:47:24','2019-12-05 19:47:24'),(196,2,'PayMoney',30.00000000,'USD','https://megapay.hk/login','https://megapay.hk/','69928263','oFVzd3S26xfDS09jE3Fw','1575593245','pending','2019-12-05 19:47:25','2019-12-05 19:47:25'),(197,1,'PayMoney',20.00000000,'USD','https://megapay.hk/login','https://megapay.hk/','17267092','rlraskSDCPxmvw0LnhsX','1575593275','pending','2019-12-05 19:47:55','2019-12-05 19:47:55'),(198,2,'PayMoney',30.00000000,'USD','https://megapay.hk/login','https://megapay.hk/','74648913','YZ4gtVhA49KX6UjSaa3k','1575593276','pending','2019-12-05 19:47:56','2019-12-05 19:47:56'),(199,1,'PayMoney',20.00000000,'USD','https://megapay.hk/login','https://megapay.hk/','25019256','lyyj8HqJnHBPLiN0XdlY','1575593374','pending','2019-12-05 19:49:34','2019-12-05 19:49:34'),(200,2,'PayMoney',30.00000000,'USD','https://megapay.hk/login','https://megapay.hk/','16253095','PArZQlk9MZM3na3q8VbQ','1575593375','pending','2019-12-05 19:49:35','2019-12-05 19:49:35'),(201,1,'PayMoney',20.00000000,'USD','https://megapay.hk/login','https://megapay.hk/','42537202','IZDLY7LVcyUDaUuOW0Th','1575593883','pending','2019-12-05 19:58:03','2019-12-05 19:58:03'),(202,2,'PayMoney',30.00000000,'USD','https://megapay.hk/login','https://megapay.hk/','22305892','nVliKgXP7cGaxEWcJabp','1575593884','pending','2019-12-05 19:58:04','2019-12-05 19:58:04'),(203,1,'PayMoney',20.00000000,'USD','https://megapay.hk/login','https://megapay.hk/','29334557','cjQtzJlfAQwZ8xJ84AI9','1575593912','pending','2019-12-05 19:58:32','2019-12-05 19:58:32'),(204,2,'PayMoney',30.00000000,'USD','https://megapay.hk/login','https://megapay.hk/','61684446','rB4CfjTWFRJaHA9WFLJM','1575593913','pending','2019-12-05 19:58:33','2019-12-05 19:58:33'),(205,1,'PayMoney',20.00000000,'USD','https://megapay.hk/login','https://megapay.hk/','35287222','ynoZjaOv064eaXS3NKeW','1575593928','pending','2019-12-05 19:58:48','2019-12-05 19:58:48'),(206,2,'PayMoney',30.00000000,'USD','https://megapay.hk/login','https://megapay.hk/','84300147','dU9yGn6o7WTygqic41tq','1575593929','pending','2019-12-05 19:58:49','2019-12-05 19:58:49'),(207,1,'PayMoney',20.00000000,'USD','https://megapay.hk/login','https://megapay.hk/','26823579','L2ifVtC54AHqXysjuril','1575594565','pending','2019-12-05 20:09:25','2019-12-05 20:09:25'),(208,2,'PayMoney',30.00000000,'USD','https://megapay.hk/login','https://megapay.hk/','10197752','tCeYQzQpQmCc7tWSy2Bl','1575594566','success','2019-12-05 20:09:26','2019-12-05 20:10:03'),(209,1,'PayMoney',20.00000000,'USD','https://megapay.hk/login','https://megapay.hk/','62629239','9Tc6m1FtX0O6EBX0s0zA','1575594771','pending','2019-12-05 20:12:51','2019-12-05 20:12:51'),(210,2,'PayMoney',30.00000000,'USD','https://megapay.hk/login','https://megapay.hk/','67617381','xGqdKhVPnNdO9pMQ4zII','1575594772','pending','2019-12-05 20:12:52','2019-12-05 20:12:52');
/*!40000 ALTER TABLE `app_transactions_infos` ENABLE KEYS */;
UNLOCK TABLES;

--
-- Table structure for table `backups`
--

DROP TABLE IF EXISTS `backups`;
/*!40101 SET @saved_cs_client     = @@character_set_client */;
/*!40101 SET character_set_client = utf8 */;
CREATE TABLE `backups` (
  `id` int(10) unsigned NOT NULL AUTO_INCREMENT,
  `name` varchar(200) NOT NULL,
  `created_at` timestamp NULL DEFAULT NULL,
  `updated_at` timestamp NULL DEFAULT NULL,
  PRIMARY KEY (`id`)
) ENGINE=InnoDB DEFAULT CHARSET=utf8;
/*!40101 SET character_set_client = @saved_cs_client */;

--
-- Dumping data for table `backups`
--

LOCK TABLES `backups` WRITE;
/*!40000 ALTER TABLE `backups` DISABLE KEYS */;
/*!40000 ALTER TABLE `backups` ENABLE KEYS */;
UNLOCK TABLES;

--
-- Table structure for table `banks`
--

DROP TABLE IF EXISTS `banks`;
/*!40101 SET @saved_cs_client     = @@character_set_client */;
/*!40101 SET character_set_client = utf8 */;
CREATE TABLE `banks` (
  `id` int(10) unsigned NOT NULL AUTO_INCREMENT,
  `user_id` int(10) unsigned DEFAULT NULL,
  `admin_id` int(10) unsigned DEFAULT NULL,
  `currency_id` int(10) unsigned DEFAULT NULL,
  `country_id` int(10) unsigned DEFAULT NULL,
  `file_id` int(10) unsigned DEFAULT NULL,
  `bank_name` varchar(191) DEFAULT NULL,
  `bank_branch_name` varchar(191) DEFAULT NULL,
  `bank_branch_city` varchar(191) DEFAULT NULL,
  `bank_branch_address` varchar(191) DEFAULT NULL,
  `account_name` varchar(191) DEFAULT NULL,
  `account_number` varchar(191) DEFAULT NULL,
  `swift_code` varchar(191) DEFAULT NULL,
  `is_default` enum('No','Yes') NOT NULL DEFAULT 'No',
  `created_at` timestamp NULL DEFAULT NULL,
  `updated_at` timestamp NULL DEFAULT NULL,
  PRIMARY KEY (`id`),
  KEY `banks_user_id_index` (`user_id`),
  KEY `banks_admin_id_index` (`admin_id`),
  KEY `banks_currency_id_index` (`currency_id`),
  KEY `banks_country_id_index` (`country_id`),
  KEY `banks_file_id_index` (`file_id`),
  CONSTRAINT `banks_admin_id_foreign` FOREIGN KEY (`admin_id`) REFERENCES `admins` (`id`) ON DELETE CASCADE ON UPDATE CASCADE,
  CONSTRAINT `banks_country_id_foreign` FOREIGN KEY (`country_id`) REFERENCES `countries` (`id`) ON DELETE CASCADE ON UPDATE CASCADE,
  CONSTRAINT `banks_currency_id_foreign` FOREIGN KEY (`currency_id`) REFERENCES `currencies` (`id`) ON DELETE CASCADE ON UPDATE CASCADE,
  CONSTRAINT `banks_file_id_foreign` FOREIGN KEY (`file_id`) REFERENCES `files` (`id`) ON DELETE CASCADE ON UPDATE CASCADE,
  CONSTRAINT `banks_user_id_foreign` FOREIGN KEY (`user_id`) REFERENCES `users` (`id`) ON DELETE CASCADE ON UPDATE CASCADE
) ENGINE=InnoDB DEFAULT CHARSET=utf8;
/*!40101 SET character_set_client = @saved_cs_client */;

--
-- Dumping data for table `banks`
--

LOCK TABLES `banks` WRITE;
/*!40000 ALTER TABLE `banks` DISABLE KEYS */;
/*!40000 ALTER TABLE `banks` ENABLE KEYS */;
UNLOCK TABLES;

--
-- Table structure for table `cointpayment_log_trxes`
--

DROP TABLE IF EXISTS `cointpayment_log_trxes`;
/*!40101 SET @saved_cs_client     = @@character_set_client */;
/*!40101 SET character_set_client = utf8 */;
CREATE TABLE `cointpayment_log_trxes` (
  `id` int(10) unsigned NOT NULL AUTO_INCREMENT,
  `user_id` int(11) NOT NULL,
  `merchant_id` int(11) NOT NULL,
  `payment_id` varchar(191) NOT NULL,
  `payment_address` varchar(191) NOT NULL,
  `coin` varchar(10) NOT NULL,
  `fiat` varchar(10) NOT NULL,
  `status_text` varchar(191) NOT NULL,
  `status` int(11) NOT NULL DEFAULT '0',
  `payment_created_at` datetime NOT NULL,
  `expired` datetime NOT NULL,
  `confirmation_at` datetime DEFAULT NULL,
  `amount` double(20,8) NOT NULL,
  `confirms_needed` int(11) NOT NULL,
  `qrcode_url` varchar(191) NOT NULL,
  `status_url` varchar(191) NOT NULL,
  `payload` text NOT NULL,
  `created_at` timestamp NULL DEFAULT NULL,
  `updated_at` timestamp NULL DEFAULT NULL,
  PRIMARY KEY (`id`)
) ENGINE=InnoDB DEFAULT CHARSET=utf8;
/*!40101 SET character_set_client = @saved_cs_client */;

--
-- Dumping data for table `cointpayment_log_trxes`
--

LOCK TABLES `cointpayment_log_trxes` WRITE;
/*!40000 ALTER TABLE `cointpayment_log_trxes` DISABLE KEYS */;
/*!40000 ALTER TABLE `cointpayment_log_trxes` ENABLE KEYS */;
UNLOCK TABLES;

--
-- Table structure for table `countries`
--

DROP TABLE IF EXISTS `countries`;
/*!40101 SET @saved_cs_client     = @@character_set_client */;
/*!40101 SET character_set_client = utf8 */;
CREATE TABLE `countries` (
  `id` int(10) unsigned NOT NULL AUTO_INCREMENT,
  `short_name` varchar(5) NOT NULL,
  `name` varchar(100) NOT NULL,
  `iso3` varchar(10) DEFAULT NULL,
  `number_code` varchar(10) DEFAULT NULL,
  `phone_code` varchar(10) NOT NULL,
  PRIMARY KEY (`id`),
  UNIQUE KEY `countries_short_name_unique` (`short_name`)
) ENGINE=InnoDB AUTO_INCREMENT=240 DEFAULT CHARSET=utf8;
/*!40101 SET character_set_client = @saved_cs_client */;

--
-- Dumping data for table `countries`
--

LOCK TABLES `countries` WRITE;
/*!40000 ALTER TABLE `countries` DISABLE KEYS */;
INSERT INTO `countries` VALUES (1,'AF','Afghanistan','AFG','4','93'),(2,'AL','Albania','ALB','8','355'),(3,'DZ','Algeria','DZA','12','213'),(4,'AS','American Samoa','ASM','16','1684'),(5,'AD','Andorra','AND','20','376'),(6,'AO','Angola','AGO','24','244'),(7,'AI','Anguilla','AIA','660','1264'),(8,'AQ','Antarctica',NULL,NULL,'0'),(9,'AG','Antigua and Barbuda','ATG','28','1268'),(10,'AR','Argentina','ARG','32','54'),(11,'AM','Armenia','ARM','51','374'),(12,'AW','Aruba','ABW','533','297'),(13,'AU','Australia','AUS','36','61'),(14,'AT','Austria','AUT','40','43'),(15,'AZ','Azerbaijan','AZE','31','994'),(16,'BS','Bahamas','BHS','44','1242'),(17,'BH','Bahrain','BHR','48','973'),(18,'BD','Bangladesh','BGD','50','880'),(19,'BB','Barbados','BRB','52','1246'),(20,'BY','Belarus','BLR','112','375'),(21,'BE','Belgium','BEL','56','32'),(22,'BZ','Belize','BLZ','84','501'),(23,'BJ','Benin','BEN','204','229'),(24,'BM','Bermuda','BMU','60','1441'),(25,'BT','Bhutan','BTN','64','975'),(26,'BO','Bolivia','BOL','68','591'),(27,'BA','Bosnia and Herzegovina','BIH','70','387'),(28,'BW','Botswana','BWA','72','267'),(29,'BV','Bouvet Island',NULL,NULL,'0'),(30,'BR','Brazil','BRA','76','55'),(31,'IO','British Indian Ocean Territory',NULL,NULL,'246'),(32,'BN','Brunei Darussalam','BRN','96','673'),(33,'BG','Bulgaria','BGR','100','359'),(34,'BF','Burkina Faso','BFA','854','226'),(35,'BI','Burundi','BDI','108','257'),(36,'KH','Cambodia','KHM','116','855'),(37,'CM','Cameroon','CMR','120','237'),(38,'CA','Canada','CAN','124','1'),(39,'CV','Cape Verde','CPV','132','238'),(40,'KY','Cayman Islands','CYM','136','1345'),(41,'CF','Central African Republic','CAF','140','236'),(42,'TD','Chad','TCD','148','235'),(43,'CL','Chile','CHL','152','56'),(44,'CN','China','CHN','156','86'),(45,'CX','Christmas Island',NULL,NULL,'61'),(46,'CC','Cocos (Keeling) Islands',NULL,NULL,'672'),(47,'CO','Colombia','COL','170','57'),(48,'KM','Comoros','COM','174','269'),(49,'CG','Congo','COG','178','242'),(50,'CD','Congo, the Democratic Republic of the','COD','180','242'),(51,'CK','Cook Islands','COK','184','682'),(52,'CR','Costa Rica','CRI','188','506'),(53,'CI','Cote D\'Ivoire','CIV','384','225'),(54,'HR','Croatia','HRV','191','385'),(55,'CU','Cuba','CUB','192','53'),(56,'CY','Cyprus','CYP','196','357'),(57,'CZ','Czech Republic','CZE','203','420'),(58,'DK','Denmark','DNK','208','45'),(59,'DJ','Djibouti','DJI','262','253'),(60,'DM','Dominica','DMA','212','1767'),(61,'DO','Dominican Republic','DOM','214','1809'),(62,'EC','Ecuador','ECU','218','593'),(63,'EG','Egypt','EGY','818','20'),(64,'SV','El Salvador','SLV','222','503'),(65,'GQ','Equatorial Guinea','GNQ','226','240'),(66,'ER','Eritrea','ERI','232','291'),(67,'EE','Estonia','EST','233','372'),(68,'ET','Ethiopia','ETH','231','251'),(69,'FK','Falkland Islands (Malvinas)','FLK','238','500'),(70,'FO','Faroe Islands','FRO','234','298'),(71,'FJ','Fiji','FJI','242','679'),(72,'FI','Finland','FIN','246','358'),(73,'FR','France','FRA','250','33'),(74,'GF','French Guiana','GUF','254','594'),(75,'PF','French Polynesia','PYF','258','689'),(76,'TF','French Southern Territories',NULL,NULL,'0'),(77,'GA','Gabon','GAB','266','241'),(78,'GM','Gambia','GMB','270','220'),(79,'GE','Georgia','GEO','268','995'),(80,'DE','Germany','DEU','276','49'),(81,'GH','Ghana','GHA','288','233'),(82,'GI','Gibraltar','GIB','292','350'),(83,'GR','Greece','GRC','300','30'),(84,'GL','Greenland','GRL','304','299'),(85,'GD','Grenada','GRD','308','1473'),(86,'GP','Guadeloupe','GLP','312','590'),(87,'GU','Guam','GUM','316','1671'),(88,'GT','Guatemala','GTM','320','502'),(89,'GN','Guinea','GIN','324','224'),(90,'GW','Guinea-Bissau','GNB','624','245'),(91,'GY','Guyana','GUY','328','592'),(92,'HT','Haiti','HTI','332','509'),(93,'HM','Heard Island and Mcdonald Islands',NULL,NULL,'0'),(94,'VA','Holy See (Vatican City State)','VAT','336','39'),(95,'HN','Honduras','HND','340','504'),(96,'HK','Hong Kong','HKG','344','852'),(97,'HU','Hungary','HUN','348','36'),(98,'IS','Iceland','ISL','352','354'),(99,'IN','India','IND','356','91'),(100,'ID','Indonesia','IDN','360','62'),(101,'IR','Iran, Islamic Republic of','IRN','364','98'),(102,'IQ','Iraq','IRQ','368','964'),(103,'IE','Ireland','IRL','372','353'),(104,'IL','Israel','ISR','376','972'),(105,'IT','Italy','ITA','380','39'),(106,'JM','Jamaica','JAM','388','1876'),(107,'JP','Japan','JPN','392','81'),(108,'JO','Jordan','JOR','400','962'),(109,'KZ','Kazakhstan','KAZ','398','7'),(110,'KE','Kenya','KEN','404','254'),(111,'KI','Kiribati','KIR','296','686'),(112,'KP','Korea, Democratic People\'s Republic of','PRK','408','850'),(113,'KR','Korea, Republic of','KOR','410','82'),(114,'KW','Kuwait','KWT','414','965'),(115,'KG','Kyrgyzstan','KGZ','417','996'),(116,'LA','Lao People\'s Democratic Republic','LAO','418','856'),(117,'LV','Latvia','LVA','428','371'),(118,'LB','Lebanon','LBN','422','961'),(119,'LS','Lesotho','LSO','426','266'),(120,'LR','Liberia','LBR','430','231'),(121,'LY','Libyan Arab Jamahiriya','LBY','434','218'),(122,'LI','Liechtenstein','LIE','438','423'),(123,'LT','Lithuania','LTU','440','370'),(124,'LU','Luxembourg','LUX','442','352'),(125,'MO','Macao','MAC','446','853'),(126,'MK','Macedonia, the Former Yugoslav Republic of','MKD','807','389'),(127,'MG','Madagascar','MDG','450','261'),(128,'MW','Malawi','MWI','454','265'),(129,'MY','Malaysia','MYS','458','60'),(130,'MV','Maldives','MDV','462','960'),(131,'ML','Mali','MLI','466','223'),(132,'MT','Malta','MLT','470','356'),(133,'MH','Marshall Islands','MHL','584','692'),(134,'MQ','Martinique','MTQ','474','596'),(135,'MR','Mauritania','MRT','478','222'),(136,'MU','Mauritius','MUS','480','230'),(137,'YT','Mayotte',NULL,NULL,'269'),(138,'MX','Mexico','MEX','484','52'),(139,'FM','Micronesia, Federated States of','FSM','583','691'),(140,'MD','Moldova, Republic of','MDA','498','373'),(141,'MC','Monaco','MCO','492','377'),(142,'MN','Mongolia','MNG','496','976'),(143,'MS','Montserrat','MSR','500','1664'),(144,'MA','Morocco','MAR','504','212'),(145,'MZ','Mozambique','MOZ','508','258'),(146,'MM','Myanmar','MMR','104','95'),(147,'NA','Namibia','NAM','516','264'),(148,'NR','Nauru','NRU','520','674'),(149,'NP','Nepal','NPL','524','977'),(150,'NL','Netherlands','NLD','528','31'),(151,'AN','Netherlands Antilles','ANT','530','599'),(152,'NC','New Caledonia','NCL','540','687'),(153,'NZ','New Zealand','NZL','554','64'),(154,'NI','Nicaragua','NIC','558','505'),(155,'NE','Niger','NER','562','227'),(156,'NG','Nigeria','NGA','566','234'),(157,'NU','Niue','NIU','570','683'),(158,'NF','Norfolk Island','NFK','574','672'),(159,'MP','Northern Mariana Islands','MNP','580','1670'),(160,'NO','Norway','NOR','578','47'),(161,'OM','Oman','OMN','512','968'),(162,'PK','Pakistan','PAK','586','92'),(163,'PW','Palau','PLW','585','680'),(164,'PS','Palestinian Territory, Occupied',NULL,NULL,'970'),(165,'PA','Panama','PAN','591','507'),(166,'PG','Papua New Guinea','PNG','598','675'),(167,'PY','Paraguay','PRY','600','595'),(168,'PE','Peru','PER','604','51'),(169,'PH','Philippines','PHL','608','63'),(170,'PN','Pitcairn','PCN','612','0'),(171,'PL','Poland','POL','616','48'),(172,'PT','Portugal','PRT','620','351'),(173,'PR','Puerto Rico','PRI','630','1787'),(174,'QA','Qatar','QAT','634','974'),(175,'RE','Reunion','REU','638','262'),(176,'RO','Romania','ROM','642','40'),(177,'RU','Russian Federation','RUS','643','70'),(178,'RW','Rwanda','RWA','646','250'),(179,'SH','Saint Helena','SHN','654','290'),(180,'KN','Saint Kitts and Nevis','KNA','659','1869'),(181,'LC','Saint Lucia','LCA','662','1758'),(182,'PM','Saint Pierre and Miquelon','SPM','666','508'),(183,'VC','Saint Vincent and the Grenadines','VCT','670','1784'),(184,'WS','Samoa','WSM','882','684'),(185,'SM','San Marino','SMR','674','378'),(186,'ST','Sao Tome and Principe','STP','678','239'),(187,'SA','Saudi Arabia','SAU','682','966'),(188,'SN','Senegal','SEN','686','221'),(189,'CS','Serbia and Montenegro',NULL,NULL,'381'),(190,'SC','Seychelles','SYC','690','248'),(191,'SL','Sierra Leone','SLE','694','232'),(192,'SG','Singapore','SGP','702','65'),(193,'SK','Slovakia','SVK','703','421'),(194,'SI','Slovenia','SVN','705','386'),(195,'SB','Solomon Islands','SLB','90','677'),(196,'SO','Somalia','SOM','706','252'),(197,'ZA','South Africa','ZAF','710','27'),(198,'GS','South Georgia and the South Sandwich Islands',NULL,NULL,'0'),(199,'ES','Spain','ESP','724','34'),(200,'LK','Sri Lanka','LKA','144','94'),(201,'SD','Sudan','SDN','736','249'),(202,'SR','Suriname','SUR','740','597'),(203,'SJ','Svalbard and Jan Mayen','SJM','744','47'),(204,'SZ','Swaziland','SWZ','748','268'),(205,'SE','Sweden','SWE','752','46'),(206,'CH','Switzerland','CHE','756','41'),(207,'SY','Syrian Arab Republic','SYR','760','963'),(208,'TW','Taiwan, Province of China','TWN','158','886'),(209,'TJ','Tajikistan','TJK','762','992'),(210,'TZ','Tanzania, United Republic of','TZA','834','255'),(211,'TH','Thailand','THA','764','66'),(212,'TL','Timor-Leste',NULL,NULL,'670'),(213,'TG','Togo','TGO','768','228'),(214,'TK','Tokelau','TKL','772','690'),(215,'TO','Tonga','TON','776','676'),(216,'TT','Trinidad and Tobago','TTO','780','1868'),(217,'TN','Tunisia','TUN','788','216'),(218,'TR','Turkey','TUR','792','90'),(219,'TM','Turkmenistan','TKM','795','7370'),(220,'TC','Turks and Caicos Islands','TCA','796','1649'),(221,'TV','Tuvalu','TUV','798','688'),(222,'UG','Uganda','UGA','800','256'),(223,'UA','Ukraine','UKR','804','380'),(224,'AE','United Arab Emirates','ARE','784','971'),(225,'GB','United Kingdom','GBR','826','44'),(226,'US','United States','USA','840','1'),(227,'UM','United States Minor Outlying Islands',NULL,NULL,'1'),(228,'UY','Uruguay','URY','858','598'),(229,'UZ','Uzbekistan','UZB','860','998'),(230,'VU','Vanuatu','VUT','548','678'),(231,'VE','Venezuela','VEN','862','58'),(232,'VN','Viet Nam','VNM','704','84'),(233,'VG','Virgin Islands, British','VGB','92','1284'),(234,'VI','Virgin Islands, U.s.','VIR','850','1340'),(235,'WF','Wallis and Futuna','WLF','876','681'),(236,'EH','Western Sahara','ESH','732','212'),(237,'YE','Yemen','YEM','887','967'),(238,'ZM','Zambia','ZMB','894','260'),(239,'ZW','Zimbabwe','ZWE','716','263');
/*!40000 ALTER TABLE `countries` ENABLE KEYS */;
UNLOCK TABLES;

--
-- Table structure for table `currencies`
--

DROP TABLE IF EXISTS `currencies`;
/*!40101 SET @saved_cs_client     = @@character_set_client */;
/*!40101 SET character_set_client = utf8 */;
CREATE TABLE `currencies` (
  `id` int(10) unsigned NOT NULL AUTO_INCREMENT,
  `name` varchar(100) DEFAULT 'USD',
  `symbol` char(50) NOT NULL DEFAULT '$',
  `code` varchar(100) DEFAULT '101',
  `hundreds_name` varchar(100) DEFAULT 'one thousand',
  `rate` double NOT NULL,
  `logo` varchar(100) DEFAULT NULL,
  `default` enum('1','0') NOT NULL,
  `exchange_from` enum('local','api') NOT NULL DEFAULT 'local',
  `status` enum('Active','Inactive') NOT NULL DEFAULT 'Active',
  `created_at` timestamp NULL DEFAULT NULL,
  `updated_at` timestamp NULL DEFAULT NULL,
  PRIMARY KEY (`id`)
) ENGINE=InnoDB AUTO_INCREMENT=4 DEFAULT CHARSET=utf8;
/*!40101 SET character_set_client = @saved_cs_client */;

--
-- Dumping data for table `currencies`
--

LOCK TABLES `currencies` WRITE;
/*!40000 ALTER TABLE `currencies` DISABLE KEYS */;
INSERT INTO `currencies` VALUES (1,'US Dollar','$','USD','one thousand',0.05,'icons8-us-dollar-64.png','1','local','Active',NULL,NULL),(2,'Pound Sterling','','GBP','one thousand',0.75,'icons8-british-pound-64.png','0','api','Active',NULL,NULL),(3,'Europe','','EUR','one thousand',0.85,'icons8-euro-64.png','0','local','Active',NULL,NULL);
/*!40000 ALTER TABLE `currencies` ENABLE KEYS */;
UNLOCK TABLES;

--
-- Table structure for table `currency_exchanges`
--

DROP TABLE IF EXISTS `currency_exchanges`;
/*!40101 SET @saved_cs_client     = @@character_set_client */;
/*!40101 SET character_set_client = utf8 */;
CREATE TABLE `currency_exchanges` (
  `id` int(10) unsigned NOT NULL AUTO_INCREMENT,
  `user_id` int(10) unsigned DEFAULT NULL,
  `from_wallet` int(10) unsigned DEFAULT NULL,
  `to_wallet` int(10) unsigned DEFAULT NULL,
  `currency_id` int(10) unsigned DEFAULT NULL,
  `uuid` varchar(13) DEFAULT NULL COMMENT 'Unique ID (For Each Exchange)',
  `exchange_rate` decimal(20,8) DEFAULT '0.00000000',
  `amount` decimal(20,8) DEFAULT '0.00000000',
  `fee` decimal(20,8) DEFAULT '0.00000000',
  `type` enum('In','Out') NOT NULL,
  `status` enum('Pending','Success','Refund','Blocked') NOT NULL,
  `created_at` timestamp NULL DEFAULT NULL,
  `updated_at` timestamp NULL DEFAULT NULL,
  PRIMARY KEY (`id`),
  KEY `currency_exchanges_user_id_index` (`user_id`),
  KEY `currency_exchanges_from_wallet_index` (`from_wallet`),
  KEY `currency_exchanges_to_wallet_index` (`to_wallet`),
  KEY `currency_exchanges_currency_id_index` (`currency_id`),
  CONSTRAINT `currency_exchanges_currency_id_foreign` FOREIGN KEY (`currency_id`) REFERENCES `currencies` (`id`) ON DELETE CASCADE ON UPDATE CASCADE,
  CONSTRAINT `currency_exchanges_from_wallet_foreign` FOREIGN KEY (`from_wallet`) REFERENCES `wallets` (`id`) ON DELETE CASCADE ON UPDATE CASCADE,
  CONSTRAINT `currency_exchanges_to_wallet_foreign` FOREIGN KEY (`to_wallet`) REFERENCES `wallets` (`id`) ON DELETE CASCADE ON UPDATE CASCADE,
  CONSTRAINT `currency_exchanges_user_id_foreign` FOREIGN KEY (`user_id`) REFERENCES `users` (`id`) ON DELETE CASCADE ON UPDATE CASCADE
) ENGINE=InnoDB DEFAULT CHARSET=utf8;
/*!40101 SET character_set_client = @saved_cs_client */;

--
-- Dumping data for table `currency_exchanges`
--

LOCK TABLES `currency_exchanges` WRITE;
/*!40000 ALTER TABLE `currency_exchanges` DISABLE KEYS */;
/*!40000 ALTER TABLE `currency_exchanges` ENABLE KEYS */;
UNLOCK TABLES;

--
-- Table structure for table `currency_payment_methods`
--

DROP TABLE IF EXISTS `currency_payment_methods`;
/*!40101 SET @saved_cs_client     = @@character_set_client */;
/*!40101 SET character_set_client = utf8 */;
CREATE TABLE `currency_payment_methods` (
  `id` int(10) unsigned NOT NULL AUTO_INCREMENT,
  `currency_id` int(10) unsigned NOT NULL,
  `method_id` int(10) unsigned NOT NULL,
  `activated_for` varchar(100) DEFAULT NULL COMMENT 'deposit, withdrawal single, both or none',
  `method_data` varchar(255) NOT NULL COMMENT 'input field''s title and value like client_id, client_secret etc',
  `processing_time` tinyint(4) NOT NULL DEFAULT '0' COMMENT 'time in days',
  `created_at` timestamp NULL DEFAULT NULL,
  `updated_at` timestamp NULL DEFAULT NULL,
  PRIMARY KEY (`id`),
  KEY `currency_payment_methods_currency_id_index` (`currency_id`),
  KEY `currency_payment_methods_method_id_index` (`method_id`),
  CONSTRAINT `currency_payment_methods_currency_id_foreign` FOREIGN KEY (`currency_id`) REFERENCES `currencies` (`id`) ON DELETE CASCADE ON UPDATE CASCADE,
  CONSTRAINT `currency_payment_methods_method_id_foreign` FOREIGN KEY (`method_id`) REFERENCES `payment_methods` (`id`) ON DELETE CASCADE ON UPDATE CASCADE
) ENGINE=InnoDB AUTO_INCREMENT=2 DEFAULT CHARSET=utf8;
/*!40101 SET character_set_client = @saved_cs_client */;

--
-- Dumping data for table `currency_payment_methods`
--

LOCK TABLES `currency_payment_methods` WRITE;
/*!40000 ALTER TABLE `currency_payment_methods` DISABLE KEYS */;
INSERT INTO `currency_payment_methods` VALUES (1,1,2,'{\"deposit\":\"\"}','{\"secret_key\":\"sk_test_B5PPuK012FxdNrABAGG67JSH00qSnmuG5N\",\"publishable_key\":\"pk_test_z38g9fmk1iMYhZ4UkHl1nwDj00pxk4ER5t\"}',0,'2019-11-11 19:53:00','2019-11-11 19:53:00');
/*!40000 ALTER TABLE `currency_payment_methods` ENABLE KEYS */;
UNLOCK TABLES;

--
-- Table structure for table `deposits`
--

DROP TABLE IF EXISTS `deposits`;
/*!40101 SET @saved_cs_client     = @@character_set_client */;
/*!40101 SET character_set_client = utf8 */;
CREATE TABLE `deposits` (
  `id` int(10) unsigned NOT NULL AUTO_INCREMENT,
  `user_id` int(10) unsigned DEFAULT NULL,
  `currency_id` int(10) unsigned DEFAULT NULL,
  `payment_method_id` int(10) unsigned DEFAULT NULL,
  `bank_id` int(10) unsigned DEFAULT NULL,
  `file_id` int(10) unsigned DEFAULT NULL,
  `uuid` varchar(13) DEFAULT NULL COMMENT 'Unique ID (For Each Deposit)',
  `charge_percentage` decimal(20,8) DEFAULT '0.00000000',
  `charge_fixed` decimal(20,8) DEFAULT '0.00000000',
  `amount` decimal(20,8) DEFAULT '0.00000000',
  `status` enum('Pending','Success','Refund','Blocked') NOT NULL,
  `created_at` timestamp NULL DEFAULT CURRENT_TIMESTAMP,
  PRIMARY KEY (`id`),
  KEY `deposits_user_id_index` (`user_id`),
  KEY `deposits_currency_id_index` (`currency_id`),
  KEY `deposits_payment_method_id_index` (`payment_method_id`),
  KEY `deposits_bank_id_index` (`bank_id`),
  KEY `deposits_file_id_index` (`file_id`),
  CONSTRAINT `deposits_bank_id_foreign` FOREIGN KEY (`bank_id`) REFERENCES `banks` (`id`) ON DELETE CASCADE ON UPDATE CASCADE,
  CONSTRAINT `deposits_currency_id_foreign` FOREIGN KEY (`currency_id`) REFERENCES `currencies` (`id`) ON DELETE CASCADE ON UPDATE CASCADE,
  CONSTRAINT `deposits_file_id_foreign` FOREIGN KEY (`file_id`) REFERENCES `files` (`id`) ON DELETE CASCADE ON UPDATE CASCADE,
  CONSTRAINT `deposits_payment_method_id_foreign` FOREIGN KEY (`payment_method_id`) REFERENCES `payment_methods` (`id`) ON DELETE CASCADE ON UPDATE CASCADE,
  CONSTRAINT `deposits_user_id_foreign` FOREIGN KEY (`user_id`) REFERENCES `users` (`id`) ON DELETE CASCADE ON UPDATE CASCADE
) ENGINE=InnoDB AUTO_INCREMENT=4 DEFAULT CHARSET=utf8;
/*!40101 SET character_set_client = @saved_cs_client */;

--
-- Dumping data for table `deposits`
--

LOCK TABLES `deposits` WRITE;
/*!40000 ALTER TABLE `deposits` DISABLE KEYS */;
INSERT INTO `deposits` VALUES (1,5,1,2,NULL,NULL,'CHLAEFZZIV0BP',0.00000000,0.00000000,100.00000000,'Success','2019-11-11 20:21:17'),(2,5,1,2,NULL,NULL,'YESB1SXOYUKMR',0.00000000,0.00000000,1000.00000000,'Success','2019-11-11 20:27:53'),(3,4,1,2,NULL,NULL,'UTXSGO0DVOGFR',0.00000000,0.00000000,1.00000000,'Success','2019-11-23 17:00:09');
/*!40000 ALTER TABLE `deposits` ENABLE KEYS */;
UNLOCK TABLES;

--
-- Table structure for table `device_logs`
--

DROP TABLE IF EXISTS `device_logs`;
/*!40101 SET @saved_cs_client     = @@character_set_client */;
/*!40101 SET character_set_client = utf8 */;
CREATE TABLE `device_logs` (
  `id` int(10) unsigned NOT NULL AUTO_INCREMENT,
  `user_id` int(10) unsigned DEFAULT NULL,
  `browser_fingerprint` varchar(40) DEFAULT NULL,
  `browser_agent` varchar(191) NOT NULL,
  `ip` varchar(191) DEFAULT NULL,
  `created_at` timestamp NULL DEFAULT NULL,
  `updated_at` timestamp NULL DEFAULT NULL,
  PRIMARY KEY (`id`),
  KEY `device_logs_user_id_index` (`user_id`),
  CONSTRAINT `device_logs_user_id_foreign` FOREIGN KEY (`user_id`) REFERENCES `users` (`id`) ON DELETE CASCADE ON UPDATE CASCADE
) ENGINE=InnoDB DEFAULT CHARSET=utf8;
/*!40101 SET character_set_client = @saved_cs_client */;

--
-- Dumping data for table `device_logs`
--

LOCK TABLES `device_logs` WRITE;
/*!40000 ALTER TABLE `device_logs` DISABLE KEYS */;
/*!40000 ALTER TABLE `device_logs` ENABLE KEYS */;
UNLOCK TABLES;

--
-- Table structure for table `dispute_discussions`
--

DROP TABLE IF EXISTS `dispute_discussions`;
/*!40101 SET @saved_cs_client     = @@character_set_client */;
/*!40101 SET character_set_client = utf8 */;
CREATE TABLE `dispute_discussions` (
  `id` int(10) unsigned NOT NULL AUTO_INCREMENT,
  `dispute_id` int(10) unsigned DEFAULT NULL,
  `user_id` int(11) NOT NULL,
  `type` enum('Admin','User') NOT NULL,
  `message` longtext,
  `file` varchar(255) DEFAULT NULL,
  `created_at` timestamp NULL DEFAULT NULL,
  `updated_at` timestamp NULL DEFAULT NULL,
  PRIMARY KEY (`id`),
  KEY `dispute_discussions_dispute_id_index` (`dispute_id`),
  KEY `dispute_discussions_user_id_index` (`user_id`),
  CONSTRAINT `dispute_discussions_dispute_id_foreign` FOREIGN KEY (`dispute_id`) REFERENCES `disputes` (`id`) ON DELETE CASCADE ON UPDATE CASCADE
) ENGINE=InnoDB DEFAULT CHARSET=utf8;
/*!40101 SET character_set_client = @saved_cs_client */;

--
-- Dumping data for table `dispute_discussions`
--

LOCK TABLES `dispute_discussions` WRITE;
/*!40000 ALTER TABLE `dispute_discussions` DISABLE KEYS */;
/*!40000 ALTER TABLE `dispute_discussions` ENABLE KEYS */;
UNLOCK TABLES;

--
-- Table structure for table `disputes`
--

DROP TABLE IF EXISTS `disputes`;
/*!40101 SET @saved_cs_client     = @@character_set_client */;
/*!40101 SET character_set_client = utf8 */;
CREATE TABLE `disputes` (
  `id` int(10) unsigned NOT NULL AUTO_INCREMENT,
  `claimant_id` int(10) unsigned DEFAULT NULL,
  `defendant_id` int(10) unsigned DEFAULT NULL,
  `transaction_id` int(10) unsigned DEFAULT NULL,
  `reason_id` int(10) unsigned DEFAULT NULL,
  `title` varchar(191) DEFAULT NULL,
  `description` varchar(191) DEFAULT NULL,
  `code` varchar(45) DEFAULT NULL,
  `status` enum('Open','Close','Solve') NOT NULL,
  `created_at` timestamp NULL DEFAULT NULL,
  `updated_at` timestamp NULL DEFAULT NULL,
  PRIMARY KEY (`id`),
  KEY `disputes_claimant_id_index` (`claimant_id`),
  KEY `disputes_defendant_id_index` (`defendant_id`),
  KEY `disputes_transaction_id_index` (`transaction_id`),
  KEY `disputes_reason_id_index` (`reason_id`),
  CONSTRAINT `disputes_claimant_id_foreign` FOREIGN KEY (`claimant_id`) REFERENCES `users` (`id`) ON DELETE CASCADE ON UPDATE CASCADE,
  CONSTRAINT `disputes_defendant_id_foreign` FOREIGN KEY (`defendant_id`) REFERENCES `users` (`id`) ON DELETE CASCADE ON UPDATE CASCADE,
  CONSTRAINT `disputes_reason_id_foreign` FOREIGN KEY (`reason_id`) REFERENCES `reasons` (`id`) ON DELETE CASCADE ON UPDATE CASCADE,
  CONSTRAINT `disputes_transaction_id_foreign` FOREIGN KEY (`transaction_id`) REFERENCES `transactions` (`id`) ON DELETE CASCADE ON UPDATE CASCADE
) ENGINE=InnoDB DEFAULT CHARSET=utf8;
/*!40101 SET character_set_client = @saved_cs_client */;

--
-- Dumping data for table `disputes`
--

LOCK TABLES `disputes` WRITE;
/*!40000 ALTER TABLE `disputes` DISABLE KEYS */;
/*!40000 ALTER TABLE `disputes` ENABLE KEYS */;
UNLOCK TABLES;

--
-- Table structure for table `document_verifications`
--

DROP TABLE IF EXISTS `document_verifications`;
/*!40101 SET @saved_cs_client     = @@character_set_client */;
/*!40101 SET character_set_client = utf8 */;
CREATE TABLE `document_verifications` (
  `id` int(10) unsigned NOT NULL AUTO_INCREMENT,
  `user_id` int(10) unsigned DEFAULT NULL,
  `file_id` int(10) unsigned DEFAULT NULL,
  `verification_type` enum('address','identity') DEFAULT NULL,
  `identity_type` enum('driving_license','passport','national_id') DEFAULT NULL,
  `identity_number` varchar(191) DEFAULT NULL,
  `status` enum('pending','approved','rejected') NOT NULL,
  `created_at` timestamp NULL DEFAULT NULL,
  `updated_at` timestamp NULL DEFAULT NULL,
  PRIMARY KEY (`id`),
  KEY `document_verifications_user_id_index` (`user_id`),
  KEY `document_verifications_file_id_index` (`file_id`),
  CONSTRAINT `document_verifications_file_id_foreign` FOREIGN KEY (`file_id`) REFERENCES `files` (`id`) ON DELETE CASCADE ON UPDATE CASCADE,
  CONSTRAINT `document_verifications_user_id_foreign` FOREIGN KEY (`user_id`) REFERENCES `users` (`id`) ON DELETE CASCADE ON UPDATE CASCADE
) ENGINE=InnoDB DEFAULT CHARSET=utf8;
/*!40101 SET character_set_client = @saved_cs_client */;

--
-- Dumping data for table `document_verifications`
--

LOCK TABLES `document_verifications` WRITE;
/*!40000 ALTER TABLE `document_verifications` DISABLE KEYS */;
/*!40000 ALTER TABLE `document_verifications` ENABLE KEYS */;
UNLOCK TABLES;

--
-- Table structure for table `email_configs`
--

DROP TABLE IF EXISTS `email_configs`;
/*!40101 SET @saved_cs_client     = @@character_set_client */;
/*!40101 SET character_set_client = utf8 */;
CREATE TABLE `email_configs` (
  `id` int(10) unsigned NOT NULL AUTO_INCREMENT,
  `email_protocol` varchar(191) NOT NULL,
  `email_encryption` varchar(191) NOT NULL,
  `smtp_host` varchar(191) NOT NULL,
  `smtp_port` varchar(191) NOT NULL,
  `smtp_email` varchar(191) NOT NULL,
  `smtp_username` varchar(191) NOT NULL,
  `smtp_password` varchar(191) NOT NULL,
  `from_address` varchar(191) NOT NULL,
  `from_name` varchar(191) NOT NULL,
  `status` tinyint(4) NOT NULL DEFAULT '0',
  PRIMARY KEY (`id`)
) ENGINE=InnoDB AUTO_INCREMENT=2 DEFAULT CHARSET=utf8;
/*!40101 SET character_set_client = @saved_cs_client */;

--
-- Dumping data for table `email_configs`
--

LOCK TABLES `email_configs` WRITE;
/*!40000 ALTER TABLE `email_configs` DISABLE KEYS */;
INSERT INTO `email_configs` VALUES (1,'sendmail','tls','','587','','','','','',1);
/*!40000 ALTER TABLE `email_configs` ENABLE KEYS */;
UNLOCK TABLES;

--
-- Table structure for table `email_templates`
--

DROP TABLE IF EXISTS `email_templates`;
/*!40101 SET @saved_cs_client     = @@character_set_client */;
/*!40101 SET character_set_client = utf8 */;
CREATE TABLE `email_templates` (
  `id` int(10) unsigned NOT NULL AUTO_INCREMENT,
  `language_id` int(10) unsigned DEFAULT NULL,
  `temp_id` tinyint(4) NOT NULL,
  `subject` varchar(191) NOT NULL,
  `body` text NOT NULL,
  `lang` varchar(10) NOT NULL,
  `type` enum('email','sms') NOT NULL,
  PRIMARY KEY (`id`),
  KEY `email_templates_language_id_index` (`language_id`),
  CONSTRAINT `email_templates_language_id_foreign` FOREIGN KEY (`language_id`) REFERENCES `languages` (`id`) ON DELETE CASCADE ON UPDATE CASCADE
) ENGINE=InnoDB AUTO_INCREMENT=297 DEFAULT CHARSET=utf8;
/*!40101 SET character_set_client = @saved_cs_client */;

--
-- Dumping data for table `email_templates`
--

LOCK TABLES `email_templates` WRITE;
/*!40000 ALTER TABLE `email_templates` DISABLE KEYS */;
INSERT INTO `email_templates` VALUES (1,1,1,'Notice of Transfer!','Hi {sender_id},\n                                <br><br>The funds amount equal to {amount} was transferred from your account.\n\n                                <br><br><b><u><i>Heres a brief overview of your Transfer:</i></u></b>\n\n                                <br><br>Transfer # {uuid} was created at {created_at}.\n\n                                <br><br><b><u>Amount:</u></b> {amount}\n\n                                <br><br><b><u>Receiver:</u></b> {receiver_id}\n\n                                <br><br><b><u>Fee:</u></b> {fee}\n\n                                <br><br>If you have any questions, please feel free to reply to this email.\n                                <br><br>Regards,\n                                <br><b>{soft_name}</b>\n                                ','en','email'),(2,2,1,'','','ar','email'),(3,3,1,'','','fr','email'),(4,4,1,'','','pt','email'),(5,5,1,'','','ru','email'),(6,6,1,'','','es','email'),(7,7,1,'','','tr','email'),(8,8,1,'','','ch','email'),(9,1,3,'Notice of Bank Transfer!','Hi {sender_id},\n                                <br><br>The funds amount equal to {amount} was transferred to the assigned bank.\n\n                                <br><br><b><u><i>Heres a brief overview of your Bank Transfer:</i></u></b>\n\n                                <br><br>Bank Transfer # {uuid} was created at {created_at}.\n\n                                <br><br><b><u>Amount:</u></b> {amount}\n\n                                <br><br><b><u>Fee:</u></b> {fee}\n\n                                <br><br><b><u>Bank Name:</u></b> {bank_name}\n\n                                <br><br><b><u>Branch Name:</u></b> {branch_name}\n\n                                <br><br><b><u>Account Name:</u></b> {account_name}\n\n                                <br><br>If you have any questions, please feel free to reply to this email.\n                                <br><br>Regards,\n                                <br><b>{soft_name}</b>\n                                ','en','email'),(10,2,3,'','','ar','email'),(11,3,3,'','','fr','email'),(12,4,3,'','','pt','email'),(13,5,3,'','','ru','email'),(14,6,3,'','','es','email'),(15,7,3,'','','tr','email'),(16,8,3,'','','ch','email'),(17,1,2,'Notice to Receive!','Hi {receiver_id},\n                                <br><br>The funds amount equal to {amount} was received on your account.\n\n                                <br><br>\n                                <b><u><i>Heres a brief overview of your Received Payment:</i></u></b>\n\n                                <br><br>\n                                Transfer # {uuid} was received at {created_at}.\n\n                                <br><br>\n                                <b><u>Amount:</u></b> {amount}\n\n                                <br><br>\n                                <b><u>Sender:</u></b> {sender_id}\n\n                                <br><br>If you have any questions, please feel free to reply to this email.\n\n                                <br><br>Regards,\n                                <br><b>{soft_name}</b>\n                                ','en','email'),(18,2,2,'','','ar','email'),(19,3,2,'','','fr','email'),(20,4,2,'','','pt','email'),(21,5,2,'','','ru','email'),(22,6,2,'','','es','email'),(23,7,2,'','','tr','email'),(24,8,2,'','','tr','email'),(25,1,21,'Notice of {Identity/Address} Verification!','Hi {user},\n                                <br><br>Your {Identity/Address} verification is <b>{approved/pending/rejected}</b>.\n\n                                <br><br>If you have any questions, please feel free to reply to this email.\n\n                                <br><br>Regards,\n                                <br><b>{soft_name}</b>\n                                ','en','email'),(26,2,21,'','','ar','email'),(27,3,21,'','','fr','email'),(28,4,21,'','','pt','email'),(29,5,21,'','','ru','email'),(30,6,21,'','','es','email'),(31,7,21,'','','tr','email'),(32,8,21,'','','tr','email'),(33,1,22,'Notice of Voucher Activation!','Hi {user_id},\n                                <br><br>\n                                Voucher # {uuid} has been activated by {activator_id}.\n                                <br><br><b><u><i>\n                                Heres a brief overview of the Voucher Activation:</i></u></b>\n                                <br><br>Voucher # {uuid} was activated at {created_at}.\n                                <br><br><b><u>Amount:</u></b> {amount}\n                                <br><br><b><u>Code:</u></b> {code}\n                                <br><br>If you have any questions, please feel free to reply to this email.\n                                <br><br>Regards,\n                                <br><b>{soft_name}</b>\n                                ','en','email'),(34,2,22,'','','ar','email'),(35,3,22,'','','fr','email'),(36,4,22,'','','pt','email'),(37,5,22,'','','ru','email'),(38,6,22,'','','es','email'),(39,7,22,'','','tr','email'),(40,8,22,'','','ch','email'),(41,1,4,'Notice of Request Creation!','Hi {acceptor},\n\n                                <br><br>Amount {amount} has been requested by {creator}.\n\n                                <br><br><b><u><i>Heres a brief overview of the Request:</i></u></b>\n\n                                <br><br>\n                                <b><u>Request #:</u></b> {uuid}\n\n                                <br><br>\n                                <b><u>Created At:</u></b> {created_at}\n\n                                <br><br>\n                                <b><u>Requested Amount:</u></b> {amount}\n\n                                <br><br>\n                                <b><u>Note: </u></b> {note}\n\n                                <br><br>If you have any questions, please feel free to reply to this email.\n\n                                <br><br>Regards,\n                                <br><b>{soft_name}</b>\n                                ','en','email'),(42,2,4,'','','ar','email'),(43,3,4,'','','fr','email'),(44,4,4,'','','pt','email'),(45,5,4,'','','ru','email'),(46,6,4,'','','es','email'),(47,7,4,'','','tr','email'),(48,8,4,'','','ch','email'),(49,1,5,'Notice of Request Acceptance!','Hi {creator},\n                                <br><br>Your request of #{uuid} has been accepted by {acceptor}.\n\n                                <br><br><b><u><i>Heres a brief overview of the Request:</i></u></b>\n\n                                <br><br>\n                                <b><u>Accepted Date:</u></b> {created_at}.\n\n                                <br><br>\n                                <b><u>Requested Amount:</u></b> {amount}\n\n                                <br><br>\n                                <b><u>Requested Accepted Amount:</u></b> {accept_amount}\n\n                                <br><br>\n                                <b><u>Currency:</u></b> {currency}\n\n                                <br><br>If you have any questions, please feel free to reply to this email.\n\n                                <br><br>Regards,\n                                <br><b>{soft_name}</b>\n                                ','en','email'),(50,2,5,'','','ar','email'),(51,3,5,'','','fr','email'),(52,4,5,'','','pt','email'),(53,5,5,'','','ru','email'),(54,6,5,'','','es','email'),(55,7,5,'','','tr','email'),(56,8,5,'','','ch','email'),(57,1,6,'Status of Transaction #{uuid} has been updated!','Hi {sender_id/receiver_id},\n\n                                <br><br><b>\n                                Transaction of Transfer #{uuid} has been updated to {status} by system administrator!</b>\n\n                                <br><br>\n                                {amount} is {added/subtracted} {from/to} your account.\n\n                                <br><br>If you have any questions, please feel free to reply to this email.\n\n                                <br><br>Regards,\n                                <br><b>{soft_name}</b>\n                                ','en','email'),(58,2,6,'','','ar','email'),(59,3,6,'','','fr','email'),(60,4,6,'','','pt','email'),(61,5,6,'','','ru','email'),(62,6,6,'','','es','email'),(63,7,6,'','','tr','email'),(64,8,6,'','','ch','email'),(65,1,7,'Status of Transaction #{uuid} has been updated!','Hi {sender_id},\n                                <br><br><b>\n                                Transaction of Bank Transfer #{uuid} has been updated to {status} by system administrator!</b>\n                                <br><br>\n                                {amount} is {added/subtracted} {from/to} your account.\n\n                                <br><br>If you have any questions, please feel free to reply to this email.\n\n                                <br><br>Regards,\n                                <br><b>{soft_name}</b>\n                                ','en','email'),(66,2,7,'','','ar','email'),(67,3,7,'','','fr','email'),(68,4,7,'','','pt','email'),(69,5,7,'','','ru','email'),(70,6,7,'','','es','email'),(71,7,7,'','','tr','email'),(72,8,7,'','','ch','email'),(73,1,7,'Status of Transaction #{uuid} has been updated!','Hi {activator_id},\n\n                                <br><br><b>\n                                Transaction of Voucher #{uuid} has been updated to {status} by system administrator!</b>\n\n                                <br><br>\n                                <u><i>Voucher Code:</i></u> {code}\n\n                                <br><br>\n                                {amount} is {added/subtracted} {from/to} your account.\n\n                                <br><br>If you have any questions, please feel free to reply to this email.\n\n                                <br><br>Regards,\n                                <br><b>{soft_name}</b>\n                                ','en','email'),(74,2,7,'','','ar','email'),(75,3,7,'','','fr','email'),(76,4,7,'','','pt','email'),(77,5,7,'','','ru','email'),(78,6,7,'','','es','email'),(79,7,7,'','','tr','email'),(80,8,7,'','','ch','email'),(81,1,8,'Status of Transaction #{uuid} has been updated!','Hi {user_id/receiver_id},\n\n                                <br><br><b>\n                                Transaction of Request Payment #{uuid} has been updated to {status} by system administrator!</b>\n\n                                <br><br>\n                                {amount} is {added/subtracted} {from/to} your account.\n\n                                <br><br>If you have any questions, please feel free to reply to this email.\n\n                                <br><br>Regards,\n                                <br><b>{soft_name}</b>','en','email'),(82,2,8,'','','ar','email'),(83,3,8,'','','fr','email'),(84,4,8,'','','pt','email'),(85,5,8,'','','ru','email'),(86,6,8,'','','es','email'),(87,7,8,'','','tr','email'),(88,8,8,'','','ch','email'),(89,1,10,'Status of Transaction #{uuid} has been updated!','Hi {user_id},\n\n                                <br><br><b>\n                                Transaction of Payout #{uuid} has been updated to {status} by system administrator!</b>\n\n                                <br><br>\n                                {amount} is {added/subtracted} {from/to} your account.\n\n                                <br><br>If you have any questions, please feel free to reply to this email.\n\n                                <br><br>Regards,\n                                <br><b>{soft_name}</b>','en','email'),(90,2,10,'','','ar','email'),(91,3,10,'','','fr','email'),(92,4,10,'','','pt','email'),(93,5,10,'','','ru','email'),(94,6,10,'','','es','email'),(95,7,10,'','','tr','email'),(96,8,10,'','','ch','email'),(97,1,11,'Notice of Ticket!','Hi {assignee/user},\n\n                                <br><br>Ticket #{ticket_code} was {assigned/created} {to/for} you by the system administrator.\n\n                                <br><br><b><u><i>Heres a brief overview of the ticket:</i></u></b>\n\n                                <br><br>Ticket #{ticket_code} was created at {created_at}.\n\n                                <br><br><b><u>{Assignee:}</u></b> {assignee}\n\n                                <br><br><b><u>{User:}</u></b> {user}\n\n                                <br><br><b><u>Ticket Subject:</u></b> {subject}\n\n                                <br><br><b><u>Ticket Message:</u></b> {message}\n\n                                <br><br><b><u>Ticket Status:</u></b> {status}\n\n                                <br><br><b><u>Ticket Priority Level:</u></b> {priority}\n\n                                <br><br>If you have any questions, please feel free to reply to this email.\n                                <br><br>Regards,\n                                <br><b>{soft_name}</b>\n                                ','en','email'),(98,2,11,'','','ar','email'),(99,3,11,'','','fr','email'),(100,4,11,'','','pt','email'),(101,5,11,'','','ru','email'),(102,6,11,'','','es','email'),(103,7,11,'','','tr','email'),(104,8,11,'','','ch','email'),(105,1,12,'Notice of Ticket Reply!','Hi {user},\n\n                                <br><br>A ticket reply has been sent to you by system administrator.\n\n                                <br><br><b><u><i>Heres a brief overview of the reply:</i></u></b>\n\n                                <br><br>This reply was initiated against ticket code #{ticket_code}.\n\n                                <br><br><b><u>Assignee:</u></b> {assignee}\n\n                                <br><br><b><u>Reply Message:</u></b> {message}\n\n                                <br><br><b><u>Reply Status:</u></b> {status}\n\n                                <br><br><b><u>Reply Priority Level:</u></b> {priority}\n\n                                <br><br>If you have any questions, please feel free to reply to this email.\n                                <br><br>Regards,\n                                <br><b>{soft_name}</b>\n                                ','en','email'),(106,2,12,'','','ar','email'),(107,3,12,'','','fr','email'),(108,4,12,'','','pt','email'),(109,5,12,'','','ru','email'),(110,6,12,'','','es','email'),(111,7,12,'','','tr','email'),(112,8,12,'','','ch','email'),(113,1,13,'Notice of Dispute Reply!','Hi {user},\n\n                                <br><br>A dispute reply has been sent to you by system administrator.\n\n                                <br><br><b><u><i>Heres a brief overview of the reply:</i></u></b>\n\n                                <br><br>This reply was initiated at {created_at}.\n\n                                <br><br><b><u>{Claimant/Defendant:}</u></b> {claimant/defendant}\n\n                                <br><br><b><u>Transaction ID:</u></b> {transaction_id}\n\n                                <br><br><b><u>Subject:</u></b> {subject}\n\n                                <br><br><b><u>Replied Message:</u></b> {message}\n\n                                <br><br><b><u>Status:</u></b> {status}\n\n                                <br><br>If you have any questions, please feel free to reply to this email.\n                                <br><br>Regards,\n                                <br><b>{soft_name}</b>\n                                ','en','email'),(114,2,13,'','','ar','email'),(115,3,13,'','','fr','email'),(116,4,13,'','','pt','email'),(117,5,13,'','','ru','email'),(118,6,13,'','','es','email'),(119,7,13,'','','tr','email'),(120,8,13,'','','ch','email'),(121,1,14,'Status of Transaction #{uuid} has been updated!','Hi {paidByUser/merchantUser},\n\n                                <br><br><b>\n                                Transaction of Merchant Payment #{uuid} has been updated to {status} by system administrator!</b>\n\n                                <br><br>\n                                {amount} is {added/subtracted} {from/to} your account.\n\n                                <br><br>If you have any questions, please feel free to reply to this email.\n\n                                <br><br>Regards,\n                                <br><b>{soft_name}</b>','en','email'),(122,2,14,'','','ar','email'),(123,3,14,'','','fr','email'),(124,4,14,'','','pt','email'),(125,5,14,'','','ru','email'),(126,6,14,'','','es','email'),(127,7,14,'','','tr','email'),(128,8,14,'','','ch','email'),(129,1,16,'Status of Transaction #{uuid} has been updated!','Hi {user_id/receiver_id},\n                                <br><br><b>\n                                Transaction of Request Payment #{uuid} has been updated to {status} by system administrator!</b>\n                                <br><br>If you have any questions, please feel free to reply to this email.\n                                <br><br>Regards,\n                                <br><b>{soft_name}</b>','en','email'),(130,2,16,'','','ar','email'),(131,3,16,'','','fr','email'),(132,4,16,'','','pt','email'),(133,5,16,'','','ru','email'),(134,6,16,'','','es','email'),(135,7,16,'','','tr','email'),(136,8,16,'','','ch','email'),(137,1,17,'Notice for User Verification!','Hi {user},\n                                        <br><br>\n                                        Your registered email id: {email}. Please click on the below link to verify your account,<br><br>\n                                        {verification_url}\n\n                                        <br><br>If you have any questions, please feel free to reply to this email.\n                                        <br><br>Regards,\n                                        <br><b>{soft_name}</b>','en','email'),(138,2,17,'','','ar','email'),(139,3,17,'','','fr','email'),(140,4,17,'','','pt','email'),(141,5,17,'','','ru','email'),(142,6,17,'','','es','email'),(143,7,17,'','','tr','email'),(144,8,17,'','','ch','email'),(145,1,19,'Notice for 2-Factor Authentication!','Hi {user},\n                                        <br><br>\n                                        Your 2-Factor Authentication code is: {code}\n                                        <br><br>Regards,\n                                        <br><b>{soft_name}</b>','en','email'),(146,2,19,'','','ar','email'),(147,3,19,'','','fr','email'),(148,4,19,'','','pt','email'),(149,5,19,'','','ru','email'),(150,6,19,'','','es','email'),(151,7,19,'','','tr','email'),(152,8,19,'','','ch','email'),(153,1,18,'Notice for Password Reset!','Hi {user},\n                                        <br><br>\n                                        Your registered email id: {email}. Please click on the below link to reset your password,<br><br>\n                                        {password_reset_url}\n                                        <br><br>If you have any questions, please feel free to reply to this email.\n                                        <br><br>Regards,\n                                        <br><b>{soft_name}</b>','en','email'),(154,2,18,'','','ar','email'),(155,3,18,'','','fr','email'),(156,4,18,'','','pt','email'),(157,5,18,'','','ru','email'),(158,6,18,'','','es','email'),(159,7,18,'','','tr','email'),(160,8,18,'','','ch','email'),(161,1,21,'Notice of {Identity/Address} Verification!','Hi {user},\n                                <br><br>Your {Identity/Address} verification is <b>{approved/pending/rejected}</b>.\n                                ','en','sms'),(162,2,21,'','','ar','sms'),(163,3,21,'','','fr','sms'),(164,4,21,'','','pt','sms'),(165,5,21,'','','ru','sms'),(166,6,21,'','','es','sms'),(167,7,21,'','','tr','sms'),(168,8,21,'','','tr','sms'),(169,1,1,'Notice of Transfer!','Hi {sender_id},\n                    <br><br>You have transferred {amount} from your account.\n                    ','en','sms'),(170,2,1,'','','ar','sms'),(171,3,1,'','','fr','sms'),(172,4,1,'','','pt','sms'),(173,5,1,'','','ru','sms'),(174,6,1,'','','es','sms'),(175,7,1,'','','tr','sms'),(176,8,1,'','','ch','sms'),(177,1,3,'Notice of Bank Transfer!','Hi {sender_id},\n                    <br><br>You have transferred {amount} to the assigned bank.\n                    ','en','sms'),(178,2,3,'','','ar','sms'),(179,3,3,'','','fr','sms'),(180,4,3,'','','pt','sms'),(181,5,3,'','','ru','sms'),(182,6,3,'','','es','sms'),(183,7,3,'','','tr','sms'),(184,8,3,'','','ch','sms'),(185,1,2,'Notice to Receive!','Hi {receiver_id},\n                                <br><br>You have received {amount} from {sender_id}.\n                                ','en','sms'),(186,2,2,'','','ar','sms'),(187,3,2,'','','fr','sms'),(188,4,2,'','','pt','sms'),(189,5,2,'','','ru','sms'),(190,6,2,'','','es','sms'),(191,7,2,'','','tr','sms'),(192,8,2,'','','ch','sms'),(193,1,3,'Notice of Voucher Activation!','Hi {user_id},\n\n                                    <br><br>Voucher # {uuid} has been activated by {activator_id}.\n                                ','en','sms'),(194,2,3,'','','ar','sms'),(195,3,3,'','','fr','sms'),(196,4,3,'','','pt','sms'),(197,5,3,'','','ru','sms'),(198,6,3,'','','es','sms'),(199,7,3,'','','tr','sms'),(200,8,3,'','','ch','sms'),(201,1,4,'Notice of Request Creation!','Hi {acceptor},\n                                <br><br>Amount {amount} has been requested by {creator}.\n                                ','en','sms'),(202,2,4,'','','ar','sms'),(203,3,4,'','','fr','sms'),(204,4,4,'','','pt','sms'),(205,5,4,'','','ru','sms'),(206,6,4,'','','es','sms'),(207,7,4,'','','tr','sms'),(208,8,4,'','','ch','sms'),(209,1,5,'Notice of Request Acceptance!','Hi {creator},\n                                    <br><br>Your request of #{uuid} of {amount} has been accepted by {acceptor}.\n                                ','en','sms'),(210,2,5,'','','ar','sms'),(211,3,5,'','','fr','sms'),(212,4,5,'','','pt','sms'),(213,5,5,'','','ru','sms'),(214,6,5,'','','es','sms'),(215,7,5,'','','tr','sms'),(216,8,5,'','','ch','sms'),(217,1,6,'Status of Transaction #{uuid} has been updated!','Hi {sender_id/receiver_id},\n                                    <br><br><b>\n                                    Transfer #{uuid} has been updated to {status} by system administrator!</b>\n                                    <br><br>\n                                    {amount} is {added/subtracted} {from/to} your account.\n                                ','en','sms'),(218,2,6,'','','ar','sms'),(219,3,6,'','','fr','sms'),(220,4,6,'','','pt','sms'),(221,5,6,'','','ru','sms'),(222,6,6,'','','es','sms'),(223,7,6,'','','tr','sms'),(224,8,6,'','','ch','sms'),(225,1,7,'Status of Transaction #{uuid} has been updated!','Hi {sender_id},\n                                    <br><br><b>\n                                    Bank Transfer #{uuid} has been updated to {status} by system administrator!</b>\n                                    <br><br>\n                                    {amount} is {added/subtracted} {from/to} your account.\n                                ','en','sms'),(226,2,7,'','','ar','sms'),(227,3,7,'','','fr','sms'),(228,4,7,'','','pt','sms'),(229,5,7,'','','ru','sms'),(230,6,7,'','','es','sms'),(231,7,7,'','','tr','sms'),(232,8,7,'','','ch','sms'),(233,1,7,'Status of Transaction #{uuid} has been updated!','Hi {activator_id},\n                                <br><br><b>\n                                Transaction of Voucher #{uuid} has been updated to {status} by system administrator!</b>\n                                <br><br>\n                                {amount} is {added/subtracted} {from/to} your account.\n                                ','en','sms'),(234,2,7,'','','ar','sms'),(235,3,7,'','','fr','sms'),(236,4,7,'','','pt','sms'),(237,5,7,'','','ru','sms'),(238,6,7,'','','es','sms'),(239,7,7,'','','tr','sms'),(240,8,7,'','','ch','sms'),(241,1,8,'Status of Transaction #{uuid} has been updated!','Hi {user_id/receiver_id},\n                                <br><br><b>\n                                Transaction of Request Payment #{uuid} has been updated to {status} by system administrator!</b>\n                                <br><br>\n                                {amount} is {added/subtracted} {from/to} your account.\n                                ','en','sms'),(242,2,8,'','','ar','sms'),(243,3,8,'','','fr','sms'),(244,4,8,'','','pt','sms'),(245,5,8,'','','ru','sms'),(246,6,8,'','','es','sms'),(247,7,8,'','','tr','sms'),(248,8,8,'','','ch','sms'),(249,1,10,'Status of Transaction #{uuid} has been updated!','Hi {user_id},\n                                <br><br><b>\n                                Transaction of Payout #{uuid} has been updated to {status} by system administrator!</b>\n                                <br><br>\n                                {amount} is {added/subtracted} {from/to} your account.\n                                ','en','sms'),(250,2,10,'','','ar','sms'),(251,3,10,'','','fr','sms'),(252,4,10,'','','pt','sms'),(253,5,10,'','','ru','sms'),(254,6,10,'','','es','sms'),(255,7,10,'','','tr','sms'),(256,8,10,'','','ch','sms'),(257,1,14,'Status of Transaction #{uuid} has been updated!','Hi {paidByUser/merchantUser},\n                                <br><br><b>\n                                Transaction of Merchant Payment #{uuid} has been updated to {status} by system administrator!</b>\n                                <br><br>\n                                {amount} is {added/subtracted} {from/to} your account.\n                                ','en','sms'),(258,2,14,'','','ar','sms'),(259,3,14,'','','fr','sms'),(260,4,14,'','','pt','sms'),(261,5,14,'','','ru','sms'),(262,6,14,'','','es','sms'),(263,7,14,'','','tr','sms'),(264,8,14,'','','ch','sms'),(265,1,16,'Status of Transaction #{uuid} has been updated!','Hi {user_id/receiver_id},\n                                <br><br><b>\n                                Transaction of Request Payment #{uuid} has been updated to {status} by system administrator!</b>\n                                ','en','sms'),(266,2,16,'','','ar','sms'),(267,3,16,'','','fr','sms'),(268,4,16,'','','pt','sms'),(269,5,16,'','','ru','sms'),(270,6,16,'','','es','sms'),(271,7,16,'','','tr','sms'),(272,8,16,'','','ch','sms'),(273,1,11,'Notice of Ticket!','Hi {assignee/user},\n                                <br><br>Ticket #{ticket_code} was {assigned/created} {to/for} you by the system administrator.\n                                ','en','sms'),(274,2,11,'','','ar','sms'),(275,3,11,'','','fr','sms'),(276,4,11,'','','pt','sms'),(277,5,11,'','','ru','sms'),(278,6,11,'','','es','sms'),(279,7,11,'','','tr','sms'),(280,8,11,'','','ch','sms'),(281,1,12,'Notice of Ticket Reply!','Hi {user},\n                                <br><br>The system administrator has replied to your assigned ticket # {ticket_code).\n                                ','en','sms'),(282,2,12,'','','ar','sms'),(283,3,12,'','','fr','sms'),(284,4,12,'','','pt','sms'),(285,5,12,'','','ru','sms'),(286,6,12,'','','es','sms'),(287,7,12,'','','tr','sms'),(288,8,12,'','','ch','sms'),(289,1,13,'Notice of Dispute Reply!','Hi {user},\n                                <br><br>The system administrator has replied to your dispute for transaction # {transaction_id).\n                                ','en','sms'),(290,2,13,'','','ar','sms'),(291,3,13,'','','fr','sms'),(292,4,13,'','','pt','sms'),(293,5,13,'','','ru','sms'),(294,6,13,'','','es','sms'),(295,7,13,'','','tr','sms'),(296,8,13,'','','ch','sms');
/*!40000 ALTER TABLE `email_templates` ENABLE KEYS */;
UNLOCK TABLES;

--
-- Table structure for table `fees_limits`
--

DROP TABLE IF EXISTS `fees_limits`;
/*!40101 SET @saved_cs_client     = @@character_set_client */;
/*!40101 SET character_set_client = utf8 */;
CREATE TABLE `fees_limits` (
  `id` int(10) unsigned NOT NULL AUTO_INCREMENT,
  `currency_id` int(10) unsigned DEFAULT NULL,
  `transaction_type_id` int(10) unsigned DEFAULT NULL,
  `payment_method_id` int(10) unsigned DEFAULT NULL,
  `charge_percentage` decimal(20,8) NOT NULL DEFAULT '0.00000000',
  `charge_fixed` decimal(20,8) NOT NULL DEFAULT '0.00000000',
  `min_limit` decimal(20,8) NOT NULL DEFAULT '1.00000000',
  `max_limit` decimal(20,8) DEFAULT NULL,
  `processing_time` varchar(4) DEFAULT '0' COMMENT 'time in days',
  `has_transaction` enum('Yes','No') NOT NULL,
  `created_at` timestamp NULL DEFAULT NULL,
  `updated_at` timestamp NULL DEFAULT NULL,
  PRIMARY KEY (`id`),
  KEY `fees_limits_transaction_type_id_foreign` (`transaction_type_id`),
  KEY `fees_limits_payment_method_id_foreign` (`payment_method_id`),
  KEY `fees_limits_currency_id_index` (`currency_id`),
  CONSTRAINT `fees_limits_currency_id_foreign` FOREIGN KEY (`currency_id`) REFERENCES `currencies` (`id`) ON DELETE CASCADE ON UPDATE CASCADE,
  CONSTRAINT `fees_limits_payment_method_id_foreign` FOREIGN KEY (`payment_method_id`) REFERENCES `payment_methods` (`id`) ON DELETE CASCADE ON UPDATE CASCADE,
  CONSTRAINT `fees_limits_transaction_type_id_foreign` FOREIGN KEY (`transaction_type_id`) REFERENCES `transaction_types` (`id`) ON DELETE CASCADE ON UPDATE CASCADE
) ENGINE=InnoDB AUTO_INCREMENT=376 DEFAULT CHARSET=utf8;
/*!40101 SET character_set_client = @saved_cs_client */;

--
-- Dumping data for table `fees_limits`
--

LOCK TABLES `fees_limits` WRITE;
/*!40000 ALTER TABLE `fees_limits` DISABLE KEYS */;
INSERT INTO `fees_limits` VALUES (1,1,1,1,0.00000000,0.00000000,1.00000000,NULL,'0','Yes',NULL,NULL),(2,1,1,2,0.00000000,0.00000000,1.00000000,NULL,'0','Yes',NULL,NULL),(3,1,1,3,0.00000000,0.00000000,1.00000000,NULL,'0','Yes',NULL,NULL),(4,1,1,4,0.00000000,0.00000000,1.00000000,NULL,'0','Yes',NULL,NULL),(5,1,1,5,0.00000000,0.00000000,1.00000000,NULL,'0','Yes',NULL,NULL),(6,1,1,6,0.00000000,0.00000000,1.00000000,NULL,'0','Yes',NULL,NULL),(7,1,1,7,0.00000000,0.00000000,1.00000000,NULL,'0','Yes',NULL,NULL),(8,1,1,8,0.00000000,0.00000000,1.00000000,NULL,'0','Yes',NULL,NULL),(9,1,2,1,0.00000000,0.00000000,1.00000000,NULL,'0','Yes',NULL,'2019-11-11 13:55:06'),(10,1,2,3,2.50000000,0.00000000,1.00000000,NULL,'0','Yes',NULL,'2019-11-11 13:54:13'),(11,1,2,6,2.50000000,0.00000000,1.00000000,NULL,'0','Yes',NULL,'2019-11-11 13:54:13'),(12,1,3,NULL,0.00000000,0.00000000,1.00000000,NULL,'0','Yes',NULL,NULL),(13,1,5,NULL,0.00000000,0.00000000,1.00000000,NULL,'0','Yes',NULL,NULL),(14,1,10,NULL,0.00000000,0.00000000,1.00000000,NULL,'0','Yes',NULL,NULL),(15,1,1,1,0.00000000,0.00000000,1.00000000,NULL,'0','Yes','2019-11-06 21:08:07','2019-11-06 21:08:07'),(16,1,1,2,0.00000000,0.00000000,1.00000000,NULL,'0','Yes','2019-11-06 21:08:07','2019-11-06 21:08:07'),(17,1,1,3,0.00000000,0.00000000,1.00000000,NULL,'0','Yes','2019-11-06 21:08:07','2019-11-06 21:08:07'),(18,1,1,4,0.00000000,0.00000000,1.00000000,NULL,'0','Yes','2019-11-06 21:08:07','2019-11-06 21:08:07'),(19,1,1,5,0.00000000,0.00000000,1.00000000,NULL,'0','Yes','2019-11-06 21:08:07','2019-11-06 21:08:07'),(20,1,1,6,0.00000000,0.00000000,1.00000000,NULL,'0','Yes','2019-11-06 21:08:07','2019-11-06 21:08:07'),(21,1,1,7,0.00000000,0.00000000,1.00000000,NULL,'0','Yes','2019-11-06 21:08:07','2019-11-06 21:08:07'),(22,1,1,8,0.00000000,0.00000000,1.00000000,NULL,'0','Yes','2019-11-06 21:08:07','2019-11-06 21:08:07'),(23,1,2,1,0.00000000,0.00000000,1.00000000,NULL,'0','Yes','2019-11-06 21:08:07','2019-11-06 21:08:07'),(24,1,2,2,0.00000000,0.00000000,1.00000000,NULL,'0','Yes','2019-11-06 21:08:07','2019-11-06 21:08:07'),(25,1,2,3,0.00000000,0.00000000,1.00000000,NULL,'0','Yes','2019-11-06 21:08:07','2019-11-06 21:08:07'),(26,1,2,4,0.00000000,0.00000000,1.00000000,NULL,'0','Yes','2019-11-06 21:08:07','2019-11-06 21:08:07'),(27,1,2,5,0.00000000,0.00000000,1.00000000,NULL,'0','Yes','2019-11-06 21:08:07','2019-11-06 21:08:07'),(28,1,2,6,0.00000000,0.00000000,1.00000000,NULL,'0','Yes','2019-11-06 21:08:07','2019-11-06 21:08:07'),(29,1,2,7,0.00000000,0.00000000,1.00000000,NULL,'0','Yes','2019-11-06 21:08:07','2019-11-06 21:08:07'),(30,1,2,8,0.00000000,0.00000000,1.00000000,NULL,'0','Yes','2019-11-06 21:08:07','2019-11-06 21:08:07'),(31,1,3,NULL,0.00000000,0.00000000,1.00000000,NULL,'0','Yes','2019-11-06 21:08:07','2019-11-06 21:08:07'),(32,1,5,NULL,0.00000000,0.00000000,1.00000000,NULL,'0','Yes','2019-11-06 21:08:07','2019-11-06 21:08:07'),(33,1,10,NULL,0.00000000,0.00000000,1.00000000,NULL,'0','Yes','2019-11-06 21:08:07','2019-11-06 21:08:07'),(34,1,1,1,0.00000000,0.00000000,1.00000000,NULL,'0','Yes','2019-11-09 00:19:10','2019-11-09 00:19:10'),(35,1,1,2,0.00000000,0.00000000,1.00000000,NULL,'0','Yes','2019-11-09 00:19:10','2019-11-09 00:19:10'),(36,1,1,3,0.00000000,0.00000000,1.00000000,NULL,'0','Yes','2019-11-09 00:19:10','2019-11-09 00:19:10'),(37,1,1,4,0.00000000,0.00000000,1.00000000,NULL,'0','Yes','2019-11-09 00:19:10','2019-11-09 00:19:10'),(38,1,1,5,0.00000000,0.00000000,1.00000000,NULL,'0','Yes','2019-11-09 00:19:10','2019-11-09 00:19:10'),(39,1,1,6,0.00000000,0.00000000,1.00000000,NULL,'0','Yes','2019-11-09 00:19:10','2019-11-09 00:19:10'),(40,1,1,7,0.00000000,0.00000000,1.00000000,NULL,'0','Yes','2019-11-09 00:19:10','2019-11-09 00:19:10'),(41,1,1,8,0.00000000,0.00000000,1.00000000,NULL,'0','Yes','2019-11-09 00:19:10','2019-11-09 00:19:10'),(42,1,2,1,0.00000000,0.00000000,1.00000000,NULL,'0','Yes','2019-11-09 00:19:10','2019-11-09 00:19:10'),(43,1,2,2,0.00000000,0.00000000,1.00000000,NULL,'0','Yes','2019-11-09 00:19:10','2019-11-09 00:19:10'),(44,1,2,3,0.00000000,0.00000000,1.00000000,NULL,'0','Yes','2019-11-09 00:19:10','2019-11-09 00:19:10'),(45,1,2,4,0.00000000,0.00000000,1.00000000,NULL,'0','Yes','2019-11-09 00:19:10','2019-11-09 00:19:10'),(46,1,2,5,0.00000000,0.00000000,1.00000000,NULL,'0','Yes','2019-11-09 00:19:10','2019-11-09 00:19:10'),(47,1,2,6,0.00000000,0.00000000,1.00000000,NULL,'0','Yes','2019-11-09 00:19:10','2019-11-09 00:19:10'),(48,1,2,7,0.00000000,0.00000000,1.00000000,NULL,'0','Yes','2019-11-09 00:19:10','2019-11-09 00:19:10'),(49,1,2,8,0.00000000,0.00000000,1.00000000,NULL,'0','Yes','2019-11-09 00:19:10','2019-11-09 00:19:10'),(50,1,3,NULL,0.00000000,0.00000000,1.00000000,NULL,'0','Yes','2019-11-09 00:19:10','2019-11-09 00:19:10'),(51,1,5,NULL,0.00000000,0.00000000,1.00000000,NULL,'0','Yes','2019-11-09 00:19:10','2019-11-09 00:19:10'),(52,1,10,NULL,0.00000000,0.00000000,1.00000000,NULL,'0','Yes','2019-11-09 00:19:10','2019-11-09 00:19:10'),(53,1,1,1,0.00000000,0.00000000,1.00000000,NULL,'0','Yes','2019-11-09 00:21:04','2019-11-09 00:21:04'),(54,1,1,2,0.00000000,0.00000000,1.00000000,NULL,'0','Yes','2019-11-09 00:21:05','2019-11-09 00:21:05'),(55,1,1,3,0.00000000,0.00000000,1.00000000,NULL,'0','Yes','2019-11-09 00:21:05','2019-11-09 00:21:05'),(56,1,1,4,0.00000000,0.00000000,1.00000000,NULL,'0','Yes','2019-11-09 00:21:05','2019-11-09 00:21:05'),(57,1,1,5,0.00000000,0.00000000,1.00000000,NULL,'0','Yes','2019-11-09 00:21:05','2019-11-09 00:21:05'),(58,1,1,6,0.00000000,0.00000000,1.00000000,NULL,'0','Yes','2019-11-09 00:21:05','2019-11-09 00:21:05'),(59,1,1,7,0.00000000,0.00000000,1.00000000,NULL,'0','Yes','2019-11-09 00:21:05','2019-11-09 00:21:05'),(60,1,1,8,0.00000000,0.00000000,1.00000000,NULL,'0','Yes','2019-11-09 00:21:05','2019-11-09 00:21:05'),(61,1,2,1,0.00000000,0.00000000,1.00000000,NULL,'0','Yes','2019-11-09 00:21:05','2019-11-09 00:21:05'),(62,1,2,2,0.00000000,0.00000000,1.00000000,NULL,'0','Yes','2019-11-09 00:21:05','2019-11-09 00:21:05'),(63,1,2,3,0.00000000,0.00000000,1.00000000,NULL,'0','Yes','2019-11-09 00:21:05','2019-11-09 00:21:05'),(64,1,2,4,0.00000000,0.00000000,1.00000000,NULL,'0','Yes','2019-11-09 00:21:05','2019-11-09 00:21:05'),(65,1,2,5,0.00000000,0.00000000,1.00000000,NULL,'0','Yes','2019-11-09 00:21:05','2019-11-09 00:21:05'),(66,1,2,6,0.00000000,0.00000000,1.00000000,NULL,'0','Yes','2019-11-09 00:21:05','2019-11-09 00:21:05'),(67,1,2,7,0.00000000,0.00000000,1.00000000,NULL,'0','Yes','2019-11-09 00:21:05','2019-11-09 00:21:05'),(68,1,2,8,0.00000000,0.00000000,1.00000000,NULL,'0','Yes','2019-11-09 00:21:05','2019-11-09 00:21:05'),(69,1,3,NULL,0.00000000,0.00000000,1.00000000,NULL,'0','Yes','2019-11-09 00:21:05','2019-11-09 00:21:05'),(70,1,5,NULL,0.00000000,0.00000000,1.00000000,NULL,'0','Yes','2019-11-09 00:21:05','2019-11-09 00:21:05'),(71,1,10,NULL,0.00000000,0.00000000,1.00000000,NULL,'0','Yes','2019-11-09 00:21:05','2019-11-09 00:21:05'),(72,1,1,1,0.00000000,0.00000000,1.00000000,NULL,'0','Yes','2019-11-09 00:25:24','2019-11-09 00:25:24'),(73,1,1,2,0.00000000,0.00000000,1.00000000,NULL,'0','Yes','2019-11-09 00:25:25','2019-11-09 00:25:25'),(74,1,1,3,0.00000000,0.00000000,1.00000000,NULL,'0','Yes','2019-11-09 00:25:25','2019-11-09 00:25:25'),(75,1,1,4,0.00000000,0.00000000,1.00000000,NULL,'0','Yes','2019-11-09 00:25:25','2019-11-09 00:25:25'),(76,1,1,5,0.00000000,0.00000000,1.00000000,NULL,'0','Yes','2019-11-09 00:25:25','2019-11-09 00:25:25'),(77,1,1,6,0.00000000,0.00000000,1.00000000,NULL,'0','Yes','2019-11-09 00:25:25','2019-11-09 00:25:25'),(78,1,1,7,0.00000000,0.00000000,1.00000000,NULL,'0','Yes','2019-11-09 00:25:25','2019-11-09 00:25:25'),(79,1,1,8,0.00000000,0.00000000,1.00000000,NULL,'0','Yes','2019-11-09 00:25:25','2019-11-09 00:25:25'),(80,1,2,1,0.00000000,0.00000000,1.00000000,NULL,'0','Yes','2019-11-09 00:25:25','2019-11-09 00:25:25'),(81,1,2,2,0.00000000,0.00000000,1.00000000,NULL,'0','Yes','2019-11-09 00:25:25','2019-11-09 00:25:25'),(82,1,2,3,0.00000000,0.00000000,1.00000000,NULL,'0','Yes','2019-11-09 00:25:25','2019-11-09 00:25:25'),(83,1,2,4,0.00000000,0.00000000,1.00000000,NULL,'0','Yes','2019-11-09 00:25:25','2019-11-09 00:25:25'),(84,1,2,5,0.00000000,0.00000000,1.00000000,NULL,'0','Yes','2019-11-09 00:25:25','2019-11-09 00:25:25'),(85,1,2,6,0.00000000,0.00000000,1.00000000,NULL,'0','Yes','2019-11-09 00:25:25','2019-11-09 00:25:25'),(86,1,2,7,0.00000000,0.00000000,1.00000000,NULL,'0','Yes','2019-11-09 00:25:25','2019-11-09 00:25:25'),(87,1,2,8,0.00000000,0.00000000,1.00000000,NULL,'0','Yes','2019-11-09 00:25:25','2019-11-09 00:25:25'),(88,1,3,NULL,0.00000000,0.00000000,1.00000000,NULL,'0','Yes','2019-11-09 00:25:25','2019-11-09 00:25:25'),(89,1,5,NULL,0.00000000,0.00000000,1.00000000,NULL,'0','Yes','2019-11-09 00:25:25','2019-11-09 00:25:25'),(90,1,10,NULL,0.00000000,0.00000000,1.00000000,NULL,'0','Yes','2019-11-09 00:25:25','2019-11-09 00:25:25'),(91,1,1,1,0.00000000,0.00000000,1.00000000,NULL,'0','Yes','2019-11-09 00:28:15','2019-11-09 00:28:15'),(92,1,1,2,0.00000000,0.00000000,1.00000000,NULL,'0','Yes','2019-11-09 00:28:15','2019-11-09 00:28:15'),(93,1,1,3,0.00000000,0.00000000,1.00000000,NULL,'0','Yes','2019-11-09 00:28:15','2019-11-09 00:28:15'),(94,1,1,4,0.00000000,0.00000000,1.00000000,NULL,'0','Yes','2019-11-09 00:28:15','2019-11-09 00:28:15'),(95,1,1,5,0.00000000,0.00000000,1.00000000,NULL,'0','Yes','2019-11-09 00:28:15','2019-11-09 00:28:15'),(96,1,1,6,0.00000000,0.00000000,1.00000000,NULL,'0','Yes','2019-11-09 00:28:15','2019-11-09 00:28:15'),(97,1,1,7,0.00000000,0.00000000,1.00000000,NULL,'0','Yes','2019-11-09 00:28:15','2019-11-09 00:28:15'),(98,1,1,8,0.00000000,0.00000000,1.00000000,NULL,'0','Yes','2019-11-09 00:28:15','2019-11-09 00:28:15'),(99,1,2,1,0.00000000,0.00000000,1.00000000,NULL,'0','Yes','2019-11-09 00:28:15','2019-11-09 00:28:15'),(100,1,2,2,0.00000000,0.00000000,1.00000000,NULL,'0','Yes','2019-11-09 00:28:15','2019-11-09 00:28:15'),(101,1,2,3,0.00000000,0.00000000,1.00000000,NULL,'0','Yes','2019-11-09 00:28:15','2019-11-09 00:28:15'),(102,1,2,4,0.00000000,0.00000000,1.00000000,NULL,'0','Yes','2019-11-09 00:28:15','2019-11-09 00:28:15'),(103,1,2,5,0.00000000,0.00000000,1.00000000,NULL,'0','Yes','2019-11-09 00:28:15','2019-11-09 00:28:15'),(104,1,2,6,0.00000000,0.00000000,1.00000000,NULL,'0','Yes','2019-11-09 00:28:15','2019-11-09 00:28:15'),(105,1,2,7,0.00000000,0.00000000,1.00000000,NULL,'0','Yes','2019-11-09 00:28:15','2019-11-09 00:28:15'),(106,1,2,8,0.00000000,0.00000000,1.00000000,NULL,'0','Yes','2019-11-09 00:28:15','2019-11-09 00:28:15'),(107,1,3,NULL,0.00000000,0.00000000,1.00000000,NULL,'0','Yes','2019-11-09 00:28:15','2019-11-09 00:28:15'),(108,1,5,NULL,0.00000000,0.00000000,1.00000000,NULL,'0','Yes','2019-11-09 00:28:15','2019-11-09 00:28:15'),(109,1,10,NULL,0.00000000,0.00000000,1.00000000,NULL,'0','Yes','2019-11-09 00:28:15','2019-11-09 00:28:15'),(110,1,1,1,0.00000000,0.00000000,1.00000000,NULL,'0','Yes','2019-11-09 00:31:11','2019-11-09 00:31:11'),(111,1,1,2,0.00000000,0.00000000,1.00000000,NULL,'0','Yes','2019-11-09 00:31:11','2019-11-09 00:31:11'),(112,1,1,3,0.00000000,0.00000000,1.00000000,NULL,'0','Yes','2019-11-09 00:31:11','2019-11-09 00:31:11'),(113,1,1,4,0.00000000,0.00000000,1.00000000,NULL,'0','Yes','2019-11-09 00:31:11','2019-11-09 00:31:11'),(114,1,1,5,0.00000000,0.00000000,1.00000000,NULL,'0','Yes','2019-11-09 00:31:11','2019-11-09 00:31:11'),(115,1,1,6,0.00000000,0.00000000,1.00000000,NULL,'0','Yes','2019-11-09 00:31:11','2019-11-09 00:31:11'),(116,1,1,7,0.00000000,0.00000000,1.00000000,NULL,'0','Yes','2019-11-09 00:31:11','2019-11-09 00:31:11'),(117,1,1,8,0.00000000,0.00000000,1.00000000,NULL,'0','Yes','2019-11-09 00:31:11','2019-11-09 00:31:11'),(118,1,2,1,0.00000000,0.00000000,1.00000000,NULL,'0','Yes','2019-11-09 00:31:11','2019-11-09 00:31:11'),(119,1,2,2,0.00000000,0.00000000,1.00000000,NULL,'0','Yes','2019-11-09 00:31:11','2019-11-09 00:31:11'),(120,1,2,3,0.00000000,0.00000000,1.00000000,NULL,'0','Yes','2019-11-09 00:31:11','2019-11-09 00:31:11'),(121,1,2,4,0.00000000,0.00000000,1.00000000,NULL,'0','Yes','2019-11-09 00:31:11','2019-11-09 00:31:11'),(122,1,2,5,0.00000000,0.00000000,1.00000000,NULL,'0','Yes','2019-11-09 00:31:11','2019-11-09 00:31:11'),(123,1,2,6,0.00000000,0.00000000,1.00000000,NULL,'0','Yes','2019-11-09 00:31:11','2019-11-09 00:31:11'),(124,1,2,7,0.00000000,0.00000000,1.00000000,NULL,'0','Yes','2019-11-09 00:31:11','2019-11-09 00:31:11'),(125,1,2,8,0.00000000,0.00000000,1.00000000,NULL,'0','Yes','2019-11-09 00:31:11','2019-11-09 00:31:11'),(126,1,3,NULL,0.00000000,0.00000000,1.00000000,NULL,'0','Yes','2019-11-09 00:31:11','2019-11-09 00:31:11'),(127,1,5,NULL,0.00000000,0.00000000,1.00000000,NULL,'0','Yes','2019-11-09 00:31:11','2019-11-09 00:31:11'),(128,1,10,NULL,0.00000000,0.00000000,1.00000000,NULL,'0','Yes','2019-11-09 00:31:11','2019-11-09 00:31:11'),(129,1,1,1,0.00000000,0.00000000,1.00000000,NULL,'0','Yes','2019-11-09 03:31:14','2019-11-09 03:31:14'),(130,1,1,2,0.00000000,0.00000000,1.00000000,NULL,'0','Yes','2019-11-09 03:31:14','2019-11-09 03:31:14'),(131,1,1,3,0.00000000,0.00000000,1.00000000,NULL,'0','Yes','2019-11-09 03:31:14','2019-11-09 03:31:14'),(132,1,1,4,0.00000000,0.00000000,1.00000000,NULL,'0','Yes','2019-11-09 03:31:14','2019-11-09 03:31:14'),(133,1,1,5,0.00000000,0.00000000,1.00000000,NULL,'0','Yes','2019-11-09 03:31:14','2019-11-09 03:31:14'),(134,1,1,6,0.00000000,0.00000000,1.00000000,NULL,'0','Yes','2019-11-09 03:31:14','2019-11-09 03:31:14'),(135,1,1,7,0.00000000,0.00000000,1.00000000,NULL,'0','Yes','2019-11-09 03:31:14','2019-11-09 03:31:14'),(136,1,1,8,0.00000000,0.00000000,1.00000000,NULL,'0','Yes','2019-11-09 03:31:14','2019-11-09 03:31:14'),(137,1,2,1,0.00000000,0.00000000,1.00000000,NULL,'0','Yes','2019-11-09 03:31:14','2019-11-09 03:31:14'),(138,1,2,2,0.00000000,0.00000000,1.00000000,NULL,'0','Yes','2019-11-09 03:31:14','2019-11-09 03:31:14'),(139,1,2,3,0.00000000,0.00000000,1.00000000,NULL,'0','Yes','2019-11-09 03:31:14','2019-11-09 03:31:14'),(140,1,2,4,0.00000000,0.00000000,1.00000000,NULL,'0','Yes','2019-11-09 03:31:14','2019-11-09 03:31:14'),(141,1,2,5,0.00000000,0.00000000,1.00000000,NULL,'0','Yes','2019-11-09 03:31:14','2019-11-09 03:31:14'),(142,1,2,6,0.00000000,0.00000000,1.00000000,NULL,'0','Yes','2019-11-09 03:31:14','2019-11-09 03:31:14'),(143,1,2,7,0.00000000,0.00000000,1.00000000,NULL,'0','Yes','2019-11-09 03:31:14','2019-11-09 03:31:14'),(144,1,2,8,0.00000000,0.00000000,1.00000000,NULL,'0','Yes','2019-11-09 03:31:14','2019-11-09 03:31:14'),(145,1,3,NULL,0.00000000,0.00000000,1.00000000,NULL,'0','Yes','2019-11-09 03:31:14','2019-11-09 03:31:14'),(146,1,5,NULL,0.00000000,0.00000000,1.00000000,NULL,'0','Yes','2019-11-09 03:31:14','2019-11-09 03:31:14'),(147,1,10,NULL,0.00000000,0.00000000,1.00000000,NULL,'0','Yes','2019-11-09 03:31:14','2019-11-09 03:31:14'),(148,1,1,1,0.00000000,0.00000000,1.00000000,NULL,'0','Yes','2019-11-09 03:44:16','2019-11-09 03:44:16'),(149,1,1,2,0.00000000,0.00000000,1.00000000,NULL,'0','Yes','2019-11-09 03:44:16','2019-11-09 03:44:16'),(150,1,1,3,0.00000000,0.00000000,1.00000000,NULL,'0','Yes','2019-11-09 03:44:16','2019-11-09 03:44:16'),(151,1,1,4,0.00000000,0.00000000,1.00000000,NULL,'0','Yes','2019-11-09 03:44:16','2019-11-09 03:44:16'),(152,1,1,5,0.00000000,0.00000000,1.00000000,NULL,'0','Yes','2019-11-09 03:44:16','2019-11-09 03:44:16'),(153,1,1,6,0.00000000,0.00000000,1.00000000,NULL,'0','Yes','2019-11-09 03:44:16','2019-11-09 03:44:16'),(154,1,1,7,0.00000000,0.00000000,1.00000000,NULL,'0','Yes','2019-11-09 03:44:16','2019-11-09 03:44:16'),(155,1,1,8,0.00000000,0.00000000,1.00000000,NULL,'0','Yes','2019-11-09 03:44:16','2019-11-09 03:44:16'),(156,1,2,1,0.00000000,0.00000000,1.00000000,NULL,'0','Yes','2019-11-09 03:44:16','2019-11-09 03:44:16'),(157,1,2,2,0.00000000,0.00000000,1.00000000,NULL,'0','Yes','2019-11-09 03:44:16','2019-11-09 03:44:16'),(158,1,2,3,0.00000000,0.00000000,1.00000000,NULL,'0','Yes','2019-11-09 03:44:16','2019-11-09 03:44:16'),(159,1,2,4,0.00000000,0.00000000,1.00000000,NULL,'0','Yes','2019-11-09 03:44:16','2019-11-09 03:44:16'),(160,1,2,5,0.00000000,0.00000000,1.00000000,NULL,'0','Yes','2019-11-09 03:44:16','2019-11-09 03:44:16'),(161,1,2,6,0.00000000,0.00000000,1.00000000,NULL,'0','Yes','2019-11-09 03:44:16','2019-11-09 03:44:16'),(162,1,2,7,0.00000000,0.00000000,1.00000000,NULL,'0','Yes','2019-11-09 03:44:16','2019-11-09 03:44:16'),(163,1,2,8,0.00000000,0.00000000,1.00000000,NULL,'0','Yes','2019-11-09 03:44:16','2019-11-09 03:44:16'),(164,1,3,NULL,0.00000000,0.00000000,1.00000000,NULL,'0','Yes','2019-11-09 03:44:16','2019-11-09 03:44:16'),(165,1,5,NULL,0.00000000,0.00000000,1.00000000,NULL,'0','Yes','2019-11-09 03:44:16','2019-11-09 03:44:16'),(166,1,10,NULL,0.00000000,0.00000000,1.00000000,NULL,'0','Yes','2019-11-09 03:44:16','2019-11-09 03:44:16'),(167,1,1,1,0.00000000,0.00000000,1.00000000,NULL,'0','Yes','2019-11-09 03:45:04','2019-11-09 03:45:04'),(168,1,1,2,0.00000000,0.00000000,1.00000000,NULL,'0','Yes','2019-11-09 03:45:04','2019-11-09 03:45:04'),(169,1,1,3,0.00000000,0.00000000,1.00000000,NULL,'0','Yes','2019-11-09 03:45:04','2019-11-09 03:45:04'),(170,1,1,4,0.00000000,0.00000000,1.00000000,NULL,'0','Yes','2019-11-09 03:45:04','2019-11-09 03:45:04'),(171,1,1,5,0.00000000,0.00000000,1.00000000,NULL,'0','Yes','2019-11-09 03:45:04','2019-11-09 03:45:04'),(172,1,1,6,0.00000000,0.00000000,1.00000000,NULL,'0','Yes','2019-11-09 03:45:04','2019-11-09 03:45:04'),(173,1,1,7,0.00000000,0.00000000,1.00000000,NULL,'0','Yes','2019-11-09 03:45:04','2019-11-09 03:45:04'),(174,1,1,8,0.00000000,0.00000000,1.00000000,NULL,'0','Yes','2019-11-09 03:45:04','2019-11-09 03:45:04'),(175,1,2,1,0.00000000,0.00000000,1.00000000,NULL,'0','Yes','2019-11-09 03:45:04','2019-11-09 03:45:04'),(176,1,2,2,0.00000000,0.00000000,1.00000000,NULL,'0','Yes','2019-11-09 03:45:04','2019-11-09 03:45:04'),(177,1,2,3,0.00000000,0.00000000,1.00000000,NULL,'0','Yes','2019-11-09 03:45:04','2019-11-09 03:45:04'),(178,1,2,4,0.00000000,0.00000000,1.00000000,NULL,'0','Yes','2019-11-09 03:45:04','2019-11-09 03:45:04'),(179,1,2,5,0.00000000,0.00000000,1.00000000,NULL,'0','Yes','2019-11-09 03:45:04','2019-11-09 03:45:04'),(180,1,2,6,0.00000000,0.00000000,1.00000000,NULL,'0','Yes','2019-11-09 03:45:04','2019-11-09 03:45:04'),(181,1,2,7,0.00000000,0.00000000,1.00000000,NULL,'0','Yes','2019-11-09 03:45:04','2019-11-09 03:45:04'),(182,1,2,8,0.00000000,0.00000000,1.00000000,NULL,'0','Yes','2019-11-09 03:45:04','2019-11-09 03:45:04'),(183,1,3,NULL,0.00000000,0.00000000,1.00000000,NULL,'0','Yes','2019-11-09 03:45:04','2019-11-09 03:45:04'),(184,1,5,NULL,0.00000000,0.00000000,1.00000000,NULL,'0','Yes','2019-11-09 03:45:04','2019-11-09 03:45:04'),(185,1,10,NULL,0.00000000,0.00000000,1.00000000,NULL,'0','Yes','2019-11-09 03:45:04','2019-11-09 03:45:04'),(186,1,1,1,0.00000000,0.00000000,1.00000000,NULL,'0','Yes','2019-11-09 03:48:36','2019-11-09 03:48:36'),(187,1,1,2,0.00000000,0.00000000,1.00000000,NULL,'0','Yes','2019-11-09 03:48:36','2019-11-09 03:48:36'),(188,1,1,3,0.00000000,0.00000000,1.00000000,NULL,'0','Yes','2019-11-09 03:48:36','2019-11-09 03:48:36'),(189,1,1,4,0.00000000,0.00000000,1.00000000,NULL,'0','Yes','2019-11-09 03:48:36','2019-11-09 03:48:36'),(190,1,1,5,0.00000000,0.00000000,1.00000000,NULL,'0','Yes','2019-11-09 03:48:36','2019-11-09 03:48:36'),(191,1,1,6,0.00000000,0.00000000,1.00000000,NULL,'0','Yes','2019-11-09 03:48:36','2019-11-09 03:48:36'),(192,1,1,7,0.00000000,0.00000000,1.00000000,NULL,'0','Yes','2019-11-09 03:48:36','2019-11-09 03:48:36'),(193,1,1,8,0.00000000,0.00000000,1.00000000,NULL,'0','Yes','2019-11-09 03:48:36','2019-11-09 03:48:36'),(194,1,2,1,0.00000000,0.00000000,1.00000000,NULL,'0','Yes','2019-11-09 03:48:36','2019-11-09 03:48:36'),(195,1,2,2,0.00000000,0.00000000,1.00000000,NULL,'0','Yes','2019-11-09 03:48:36','2019-11-09 03:48:36'),(196,1,2,3,0.00000000,0.00000000,1.00000000,NULL,'0','Yes','2019-11-09 03:48:36','2019-11-09 03:48:36'),(197,1,2,4,0.00000000,0.00000000,1.00000000,NULL,'0','Yes','2019-11-09 03:48:36','2019-11-09 03:48:36'),(198,1,2,5,0.00000000,0.00000000,1.00000000,NULL,'0','Yes','2019-11-09 03:48:36','2019-11-09 03:48:36'),(199,1,2,6,0.00000000,0.00000000,1.00000000,NULL,'0','Yes','2019-11-09 03:48:36','2019-11-09 03:48:36'),(200,1,2,7,0.00000000,0.00000000,1.00000000,NULL,'0','Yes','2019-11-09 03:48:36','2019-11-09 03:48:36'),(201,1,2,8,0.00000000,0.00000000,1.00000000,NULL,'0','Yes','2019-11-09 03:48:36','2019-11-09 03:48:36'),(202,1,3,NULL,0.00000000,0.00000000,1.00000000,NULL,'0','Yes','2019-11-09 03:48:36','2019-11-09 03:48:36'),(203,1,5,NULL,0.00000000,0.00000000,1.00000000,NULL,'0','Yes','2019-11-09 03:48:36','2019-11-09 03:48:36'),(204,1,10,NULL,0.00000000,0.00000000,1.00000000,NULL,'0','Yes','2019-11-09 03:48:36','2019-11-09 03:48:36'),(205,1,1,1,0.00000000,0.00000000,1.00000000,NULL,'0','Yes','2019-11-09 03:50:15','2019-11-09 03:50:15'),(206,1,1,2,0.00000000,0.00000000,1.00000000,NULL,'0','Yes','2019-11-09 03:50:15','2019-11-09 03:50:15'),(207,1,1,3,0.00000000,0.00000000,1.00000000,NULL,'0','Yes','2019-11-09 03:50:15','2019-11-09 03:50:15'),(208,1,1,4,0.00000000,0.00000000,1.00000000,NULL,'0','Yes','2019-11-09 03:50:15','2019-11-09 03:50:15'),(209,1,1,5,0.00000000,0.00000000,1.00000000,NULL,'0','Yes','2019-11-09 03:50:15','2019-11-09 03:50:15'),(210,1,1,6,0.00000000,0.00000000,1.00000000,NULL,'0','Yes','2019-11-09 03:50:15','2019-11-09 03:50:15'),(211,1,1,7,0.00000000,0.00000000,1.00000000,NULL,'0','Yes','2019-11-09 03:50:15','2019-11-09 03:50:15'),(212,1,1,8,0.00000000,0.00000000,1.00000000,NULL,'0','Yes','2019-11-09 03:50:15','2019-11-09 03:50:15'),(213,1,2,1,0.00000000,0.00000000,1.00000000,NULL,'0','Yes','2019-11-09 03:50:15','2019-11-09 03:50:15'),(214,1,2,2,0.00000000,0.00000000,1.00000000,NULL,'0','Yes','2019-11-09 03:50:15','2019-11-09 03:50:15'),(215,1,2,3,0.00000000,0.00000000,1.00000000,NULL,'0','Yes','2019-11-09 03:50:15','2019-11-09 03:50:15'),(216,1,2,4,0.00000000,0.00000000,1.00000000,NULL,'0','Yes','2019-11-09 03:50:15','2019-11-09 03:50:15'),(217,1,2,5,0.00000000,0.00000000,1.00000000,NULL,'0','Yes','2019-11-09 03:50:15','2019-11-09 03:50:15'),(218,1,2,6,0.00000000,0.00000000,1.00000000,NULL,'0','Yes','2019-11-09 03:50:15','2019-11-09 03:50:15'),(219,1,2,7,0.00000000,0.00000000,1.00000000,NULL,'0','Yes','2019-11-09 03:50:15','2019-11-09 03:50:15'),(220,1,2,8,0.00000000,0.00000000,1.00000000,NULL,'0','Yes','2019-11-09 03:50:15','2019-11-09 03:50:15'),(221,1,3,NULL,0.00000000,0.00000000,1.00000000,NULL,'0','Yes','2019-11-09 03:50:15','2019-11-09 03:50:15'),(222,1,5,NULL,0.00000000,0.00000000,1.00000000,NULL,'0','Yes','2019-11-09 03:50:15','2019-11-09 03:50:15'),(223,1,10,NULL,0.00000000,0.00000000,1.00000000,NULL,'0','Yes','2019-11-09 03:50:15','2019-11-09 03:50:15'),(224,1,1,1,0.00000000,0.00000000,1.00000000,NULL,'0','Yes','2019-11-09 03:56:37','2019-11-09 03:56:37'),(225,1,1,2,0.00000000,0.00000000,1.00000000,NULL,'0','Yes','2019-11-09 03:56:37','2019-11-09 03:56:37'),(226,1,1,3,0.00000000,0.00000000,1.00000000,NULL,'0','Yes','2019-11-09 03:56:37','2019-11-09 03:56:37'),(227,1,1,4,0.00000000,0.00000000,1.00000000,NULL,'0','Yes','2019-11-09 03:56:37','2019-11-09 03:56:37'),(228,1,1,5,0.00000000,0.00000000,1.00000000,NULL,'0','Yes','2019-11-09 03:56:37','2019-11-09 03:56:37'),(229,1,1,6,0.00000000,0.00000000,1.00000000,NULL,'0','Yes','2019-11-09 03:56:37','2019-11-09 03:56:37'),(230,1,1,7,0.00000000,0.00000000,1.00000000,NULL,'0','Yes','2019-11-09 03:56:37','2019-11-09 03:56:37'),(231,1,1,8,0.00000000,0.00000000,1.00000000,NULL,'0','Yes','2019-11-09 03:56:37','2019-11-09 03:56:37'),(232,1,2,1,0.00000000,0.00000000,1.00000000,NULL,'0','Yes','2019-11-09 03:56:37','2019-11-09 03:56:37'),(233,1,2,2,0.00000000,0.00000000,1.00000000,NULL,'0','Yes','2019-11-09 03:56:37','2019-11-09 03:56:37'),(234,1,2,3,0.00000000,0.00000000,1.00000000,NULL,'0','Yes','2019-11-09 03:56:37','2019-11-09 03:56:37'),(235,1,2,4,0.00000000,0.00000000,1.00000000,NULL,'0','Yes','2019-11-09 03:56:37','2019-11-09 03:56:37'),(236,1,2,5,0.00000000,0.00000000,1.00000000,NULL,'0','Yes','2019-11-09 03:56:37','2019-11-09 03:56:37'),(237,1,2,6,0.00000000,0.00000000,1.00000000,NULL,'0','Yes','2019-11-09 03:56:37','2019-11-09 03:56:37'),(238,1,2,7,0.00000000,0.00000000,1.00000000,NULL,'0','Yes','2019-11-09 03:56:37','2019-11-09 03:56:37'),(239,1,2,8,0.00000000,0.00000000,1.00000000,NULL,'0','Yes','2019-11-09 03:56:37','2019-11-09 03:56:37'),(240,1,3,NULL,0.00000000,0.00000000,1.00000000,NULL,'0','Yes','2019-11-09 03:56:37','2019-11-09 03:56:37'),(241,1,5,NULL,0.00000000,0.00000000,1.00000000,NULL,'0','Yes','2019-11-09 03:56:37','2019-11-09 03:56:37'),(242,1,10,NULL,0.00000000,0.00000000,1.00000000,NULL,'0','Yes','2019-11-09 03:56:37','2019-11-09 03:56:37'),(243,1,1,1,0.00000000,0.00000000,1.00000000,NULL,'0','Yes','2019-11-09 03:57:44','2019-11-09 03:57:44'),(244,1,1,2,0.00000000,0.00000000,1.00000000,NULL,'0','Yes','2019-11-09 03:57:44','2019-11-09 03:57:44'),(245,1,1,3,0.00000000,0.00000000,1.00000000,NULL,'0','Yes','2019-11-09 03:57:44','2019-11-09 03:57:44'),(246,1,1,4,0.00000000,0.00000000,1.00000000,NULL,'0','Yes','2019-11-09 03:57:44','2019-11-09 03:57:44'),(247,1,1,5,0.00000000,0.00000000,1.00000000,NULL,'0','Yes','2019-11-09 03:57:44','2019-11-09 03:57:44'),(248,1,1,6,0.00000000,0.00000000,1.00000000,NULL,'0','Yes','2019-11-09 03:57:44','2019-11-09 03:57:44'),(249,1,1,7,0.00000000,0.00000000,1.00000000,NULL,'0','Yes','2019-11-09 03:57:44','2019-11-09 03:57:44'),(250,1,1,8,0.00000000,0.00000000,1.00000000,NULL,'0','Yes','2019-11-09 03:57:44','2019-11-09 03:57:44'),(251,1,2,1,0.00000000,0.00000000,1.00000000,NULL,'0','Yes','2019-11-09 03:57:44','2019-11-09 03:57:44'),(252,1,2,2,0.00000000,0.00000000,1.00000000,NULL,'0','Yes','2019-11-09 03:57:44','2019-11-09 03:57:44'),(253,1,2,3,0.00000000,0.00000000,1.00000000,NULL,'0','Yes','2019-11-09 03:57:44','2019-11-09 03:57:44'),(254,1,2,4,0.00000000,0.00000000,1.00000000,NULL,'0','Yes','2019-11-09 03:57:44','2019-11-09 03:57:44'),(255,1,2,5,0.00000000,0.00000000,1.00000000,NULL,'0','Yes','2019-11-09 03:57:44','2019-11-09 03:57:44'),(256,1,2,6,0.00000000,0.00000000,1.00000000,NULL,'0','Yes','2019-11-09 03:57:44','2019-11-09 03:57:44'),(257,1,2,7,0.00000000,0.00000000,1.00000000,NULL,'0','Yes','2019-11-09 03:57:44','2019-11-09 03:57:44'),(258,1,2,8,0.00000000,0.00000000,1.00000000,NULL,'0','Yes','2019-11-09 03:57:44','2019-11-09 03:57:44'),(259,1,3,NULL,0.00000000,0.00000000,1.00000000,NULL,'0','Yes','2019-11-09 03:57:44','2019-11-09 03:57:44'),(260,1,5,NULL,0.00000000,0.00000000,1.00000000,NULL,'0','Yes','2019-11-09 03:57:44','2019-11-09 03:57:44'),(261,1,10,NULL,0.00000000,0.00000000,1.00000000,NULL,'0','Yes','2019-11-09 03:57:44','2019-11-09 03:57:44'),(262,1,1,1,0.00000000,0.00000000,1.00000000,NULL,'0','Yes','2019-11-09 04:48:08','2019-11-09 04:48:08'),(263,1,1,2,0.00000000,0.00000000,1.00000000,NULL,'0','Yes','2019-11-09 04:48:08','2019-11-09 04:48:08'),(264,1,1,3,0.00000000,0.00000000,1.00000000,NULL,'0','Yes','2019-11-09 04:48:08','2019-11-09 04:48:08'),(265,1,1,4,0.00000000,0.00000000,1.00000000,NULL,'0','Yes','2019-11-09 04:48:08','2019-11-09 04:48:08'),(266,1,1,5,0.00000000,0.00000000,1.00000000,NULL,'0','Yes','2019-11-09 04:48:08','2019-11-09 04:48:08'),(267,1,1,6,0.00000000,0.00000000,1.00000000,NULL,'0','Yes','2019-11-09 04:48:08','2019-11-09 04:48:08'),(268,1,1,7,0.00000000,0.00000000,1.00000000,NULL,'0','Yes','2019-11-09 04:48:08','2019-11-09 04:48:08'),(269,1,1,8,0.00000000,0.00000000,1.00000000,NULL,'0','Yes','2019-11-09 04:48:08','2019-11-09 04:48:08'),(270,1,2,1,0.00000000,0.00000000,1.00000000,NULL,'0','Yes','2019-11-09 04:48:08','2019-11-09 04:48:08'),(271,1,2,2,0.00000000,0.00000000,1.00000000,NULL,'0','Yes','2019-11-09 04:48:08','2019-11-09 04:48:08'),(272,1,2,3,0.00000000,0.00000000,1.00000000,NULL,'0','Yes','2019-11-09 04:48:08','2019-11-09 04:48:08'),(273,1,2,4,0.00000000,0.00000000,1.00000000,NULL,'0','Yes','2019-11-09 04:48:08','2019-11-09 04:48:08'),(274,1,2,5,0.00000000,0.00000000,1.00000000,NULL,'0','Yes','2019-11-09 04:48:08','2019-11-09 04:48:08'),(275,1,2,6,0.00000000,0.00000000,1.00000000,NULL,'0','Yes','2019-11-09 04:48:08','2019-11-09 04:48:08'),(276,1,2,7,0.00000000,0.00000000,1.00000000,NULL,'0','Yes','2019-11-09 04:48:08','2019-11-09 04:48:08'),(277,1,2,8,0.00000000,0.00000000,1.00000000,NULL,'0','Yes','2019-11-09 04:48:08','2019-11-09 04:48:08'),(278,1,3,NULL,0.00000000,0.00000000,1.00000000,NULL,'0','Yes','2019-11-09 04:48:08','2019-11-09 04:48:08'),(279,1,5,NULL,0.00000000,0.00000000,1.00000000,NULL,'0','Yes','2019-11-09 04:48:08','2019-11-09 04:48:08'),(280,1,10,NULL,0.00000000,0.00000000,1.00000000,NULL,'0','Yes','2019-11-09 04:48:08','2019-11-09 04:48:08'),(281,1,1,1,0.00000000,0.00000000,1.00000000,NULL,'0','Yes','2019-11-09 04:49:44','2019-11-09 04:49:44'),(282,1,1,2,0.00000000,0.00000000,1.00000000,NULL,'0','Yes','2019-11-09 04:49:44','2019-11-09 04:49:44'),(283,1,1,3,0.00000000,0.00000000,1.00000000,NULL,'0','Yes','2019-11-09 04:49:44','2019-11-09 04:49:44'),(284,1,1,4,0.00000000,0.00000000,1.00000000,NULL,'0','Yes','2019-11-09 04:49:44','2019-11-09 04:49:44'),(285,1,1,5,0.00000000,0.00000000,1.00000000,NULL,'0','Yes','2019-11-09 04:49:44','2019-11-09 04:49:44'),(286,1,1,6,0.00000000,0.00000000,1.00000000,NULL,'0','Yes','2019-11-09 04:49:44','2019-11-09 04:49:44'),(287,1,1,7,0.00000000,0.00000000,1.00000000,NULL,'0','Yes','2019-11-09 04:49:44','2019-11-09 04:49:44'),(288,1,1,8,0.00000000,0.00000000,1.00000000,NULL,'0','Yes','2019-11-09 04:49:44','2019-11-09 04:49:44'),(289,1,2,1,0.00000000,0.00000000,1.00000000,NULL,'0','Yes','2019-11-09 04:49:44','2019-11-09 04:49:44'),(290,1,2,2,0.00000000,0.00000000,1.00000000,NULL,'0','Yes','2019-11-09 04:49:44','2019-11-09 04:49:44'),(291,1,2,3,0.00000000,0.00000000,1.00000000,NULL,'0','Yes','2019-11-09 04:49:44','2019-11-09 04:49:44'),(292,1,2,4,0.00000000,0.00000000,1.00000000,NULL,'0','Yes','2019-11-09 04:49:44','2019-11-09 04:49:44'),(293,1,2,5,0.00000000,0.00000000,1.00000000,NULL,'0','Yes','2019-11-09 04:49:44','2019-11-09 04:49:44'),(294,1,2,6,0.00000000,0.00000000,1.00000000,NULL,'0','Yes','2019-11-09 04:49:44','2019-11-09 04:49:44'),(295,1,2,7,0.00000000,0.00000000,1.00000000,NULL,'0','Yes','2019-11-09 04:49:44','2019-11-09 04:49:44'),(296,1,2,8,0.00000000,0.00000000,1.00000000,NULL,'0','Yes','2019-11-09 04:49:44','2019-11-09 04:49:44'),(297,1,3,NULL,0.00000000,0.00000000,1.00000000,NULL,'0','Yes','2019-11-09 04:49:44','2019-11-09 04:49:44'),(298,1,5,NULL,0.00000000,0.00000000,1.00000000,NULL,'0','Yes','2019-11-09 04:49:44','2019-11-09 04:49:44'),(299,1,10,NULL,0.00000000,0.00000000,1.00000000,NULL,'0','Yes','2019-11-09 04:49:44','2019-11-09 04:49:44'),(300,1,1,1,0.00000000,0.00000000,1.00000000,NULL,'0','Yes','2019-11-09 04:51:18','2019-11-09 04:51:18'),(301,1,1,2,0.00000000,0.00000000,1.00000000,NULL,'0','Yes','2019-11-09 04:51:18','2019-11-09 04:51:18'),(302,1,1,3,0.00000000,0.00000000,1.00000000,NULL,'0','Yes','2019-11-09 04:51:18','2019-11-09 04:51:18'),(303,1,1,4,0.00000000,0.00000000,1.00000000,NULL,'0','Yes','2019-11-09 04:51:18','2019-11-09 04:51:18'),(304,1,1,5,0.00000000,0.00000000,1.00000000,NULL,'0','Yes','2019-11-09 04:51:18','2019-11-09 04:51:18'),(305,1,1,6,0.00000000,0.00000000,1.00000000,NULL,'0','Yes','2019-11-09 04:51:18','2019-11-09 04:51:18'),(306,1,1,7,0.00000000,0.00000000,1.00000000,NULL,'0','Yes','2019-11-09 04:51:18','2019-11-09 04:51:18'),(307,1,1,8,0.00000000,0.00000000,1.00000000,NULL,'0','Yes','2019-11-09 04:51:18','2019-11-09 04:51:18'),(308,1,2,1,0.00000000,0.00000000,1.00000000,NULL,'0','Yes','2019-11-09 04:51:18','2019-11-09 04:51:18'),(309,1,2,2,0.00000000,0.00000000,1.00000000,NULL,'0','Yes','2019-11-09 04:51:18','2019-11-09 04:51:18'),(310,1,2,3,0.00000000,0.00000000,1.00000000,NULL,'0','Yes','2019-11-09 04:51:18','2019-11-09 04:51:18'),(311,1,2,4,0.00000000,0.00000000,1.00000000,NULL,'0','Yes','2019-11-09 04:51:18','2019-11-09 04:51:18'),(312,1,2,5,0.00000000,0.00000000,1.00000000,NULL,'0','Yes','2019-11-09 04:51:18','2019-11-09 04:51:18'),(313,1,2,6,0.00000000,0.00000000,1.00000000,NULL,'0','Yes','2019-11-09 04:51:18','2019-11-09 04:51:18'),(314,1,2,7,0.00000000,0.00000000,1.00000000,NULL,'0','Yes','2019-11-09 04:51:18','2019-11-09 04:51:18'),(315,1,2,8,0.00000000,0.00000000,1.00000000,NULL,'0','Yes','2019-11-09 04:51:18','2019-11-09 04:51:18'),(316,1,3,NULL,0.00000000,0.00000000,1.00000000,NULL,'0','Yes','2019-11-09 04:51:18','2019-11-09 04:51:18'),(317,1,5,NULL,0.00000000,0.00000000,1.00000000,NULL,'0','Yes','2019-11-09 04:51:18','2019-11-09 04:51:18'),(318,1,10,NULL,0.00000000,0.00000000,1.00000000,NULL,'0','Yes','2019-11-09 04:51:18','2019-11-09 04:51:18'),(319,1,1,1,0.00000000,0.00000000,1.00000000,NULL,'0','Yes','2019-11-09 04:52:06','2019-11-09 04:52:06'),(320,1,1,2,0.00000000,0.00000000,1.00000000,NULL,'0','Yes','2019-11-09 04:52:06','2019-11-09 04:52:06'),(321,1,1,3,0.00000000,0.00000000,1.00000000,NULL,'0','Yes','2019-11-09 04:52:06','2019-11-09 04:52:06'),(322,1,1,4,0.00000000,0.00000000,1.00000000,NULL,'0','Yes','2019-11-09 04:52:06','2019-11-09 04:52:06'),(323,1,1,5,0.00000000,0.00000000,1.00000000,NULL,'0','Yes','2019-11-09 04:52:06','2019-11-09 04:52:06'),(324,1,1,6,0.00000000,0.00000000,1.00000000,NULL,'0','Yes','2019-11-09 04:52:06','2019-11-09 04:52:06'),(325,1,1,7,0.00000000,0.00000000,1.00000000,NULL,'0','Yes','2019-11-09 04:52:06','2019-11-09 04:52:06'),(326,1,1,8,0.00000000,0.00000000,1.00000000,NULL,'0','Yes','2019-11-09 04:52:06','2019-11-09 04:52:06'),(327,1,2,1,0.00000000,0.00000000,1.00000000,NULL,'0','Yes','2019-11-09 04:52:06','2019-11-09 04:52:06'),(328,1,2,2,0.00000000,0.00000000,1.00000000,NULL,'0','Yes','2019-11-09 04:52:06','2019-11-09 04:52:06'),(329,1,2,3,0.00000000,0.00000000,1.00000000,NULL,'0','Yes','2019-11-09 04:52:06','2019-11-09 04:52:06'),(330,1,2,4,0.00000000,0.00000000,1.00000000,NULL,'0','Yes','2019-11-09 04:52:06','2019-11-09 04:52:06'),(331,1,2,5,0.00000000,0.00000000,1.00000000,NULL,'0','Yes','2019-11-09 04:52:06','2019-11-09 04:52:06'),(332,1,2,6,0.00000000,0.00000000,1.00000000,NULL,'0','Yes','2019-11-09 04:52:06','2019-11-09 04:52:06'),(333,1,2,7,0.00000000,0.00000000,1.00000000,NULL,'0','Yes','2019-11-09 04:52:06','2019-11-09 04:52:06'),(334,1,2,8,0.00000000,0.00000000,1.00000000,NULL,'0','Yes','2019-11-09 04:52:06','2019-11-09 04:52:06'),(335,1,3,NULL,0.00000000,0.00000000,1.00000000,NULL,'0','Yes','2019-11-09 04:52:06','2019-11-09 04:52:06'),(336,1,5,NULL,0.00000000,0.00000000,1.00000000,NULL,'0','Yes','2019-11-09 04:52:06','2019-11-09 04:52:06'),(337,1,10,NULL,0.00000000,0.00000000,1.00000000,NULL,'0','Yes','2019-11-09 04:52:06','2019-11-09 04:52:06'),(338,1,1,1,0.00000000,0.00000000,1.00000000,NULL,'0','Yes','2019-11-09 04:55:18','2019-11-09 04:55:18'),(339,1,1,2,0.00000000,0.00000000,1.00000000,NULL,'0','Yes','2019-11-09 04:55:18','2019-11-09 04:55:18'),(340,1,1,3,0.00000000,0.00000000,1.00000000,NULL,'0','Yes','2019-11-09 04:55:18','2019-11-09 04:55:18'),(341,1,1,4,0.00000000,0.00000000,1.00000000,NULL,'0','Yes','2019-11-09 04:55:18','2019-11-09 04:55:18'),(342,1,1,5,0.00000000,0.00000000,1.00000000,NULL,'0','Yes','2019-11-09 04:55:18','2019-11-09 04:55:18'),(343,1,1,6,0.00000000,0.00000000,1.00000000,NULL,'0','Yes','2019-11-09 04:55:18','2019-11-09 04:55:18'),(344,1,1,7,0.00000000,0.00000000,1.00000000,NULL,'0','Yes','2019-11-09 04:55:18','2019-11-09 04:55:18'),(345,1,1,8,0.00000000,0.00000000,1.00000000,NULL,'0','Yes','2019-11-09 04:55:18','2019-11-09 04:55:18'),(346,1,2,1,0.00000000,0.00000000,1.00000000,NULL,'0','Yes','2019-11-09 04:55:18','2019-11-09 04:55:18'),(347,1,2,2,0.00000000,0.00000000,1.00000000,NULL,'0','Yes','2019-11-09 04:55:18','2019-11-09 04:55:18'),(348,1,2,3,0.00000000,0.00000000,1.00000000,NULL,'0','Yes','2019-11-09 04:55:18','2019-11-09 04:55:18'),(349,1,2,4,0.00000000,0.00000000,1.00000000,NULL,'0','Yes','2019-11-09 04:55:18','2019-11-09 04:55:18'),(350,1,2,5,0.00000000,0.00000000,1.00000000,NULL,'0','Yes','2019-11-09 04:55:18','2019-11-09 04:55:18'),(351,1,2,6,0.00000000,0.00000000,1.00000000,NULL,'0','Yes','2019-11-09 04:55:18','2019-11-09 04:55:18'),(352,1,2,7,0.00000000,0.00000000,1.00000000,NULL,'0','Yes','2019-11-09 04:55:18','2019-11-09 04:55:18'),(353,1,2,8,0.00000000,0.00000000,1.00000000,NULL,'0','Yes','2019-11-09 04:55:18','2019-11-09 04:55:18'),(354,1,3,NULL,0.00000000,0.00000000,1.00000000,NULL,'0','Yes','2019-11-09 04:55:18','2019-11-09 04:55:18'),(355,1,5,NULL,0.00000000,0.00000000,1.00000000,NULL,'0','Yes','2019-11-09 04:55:18','2019-11-09 04:55:18'),(356,1,10,NULL,0.00000000,0.00000000,1.00000000,NULL,'0','Yes','2019-11-09 04:55:18','2019-11-09 04:55:18'),(357,1,1,1,0.00000000,0.00000000,1.00000000,NULL,'0','Yes','2019-11-09 19:38:43','2019-11-09 19:38:43'),(358,1,1,2,0.00000000,0.00000000,1.00000000,NULL,'0','Yes','2019-11-09 19:38:43','2019-11-09 19:38:43'),(359,1,1,3,0.00000000,0.00000000,1.00000000,NULL,'0','Yes','2019-11-09 19:38:43','2019-11-09 19:38:43'),(360,1,1,4,0.00000000,0.00000000,1.00000000,NULL,'0','Yes','2019-11-09 19:38:43','2019-11-09 19:38:43'),(361,1,1,5,0.00000000,0.00000000,1.00000000,NULL,'0','Yes','2019-11-09 19:38:43','2019-11-09 19:38:43'),(362,1,1,6,0.00000000,0.00000000,1.00000000,NULL,'0','Yes','2019-11-09 19:38:43','2019-11-09 19:38:43'),(363,1,1,7,0.00000000,0.00000000,1.00000000,NULL,'0','Yes','2019-11-09 19:38:43','2019-11-09 19:38:43'),(364,1,1,8,0.00000000,0.00000000,1.00000000,NULL,'0','Yes','2019-11-09 19:38:43','2019-11-09 19:38:43'),(365,1,2,1,0.00000000,0.00000000,1.00000000,NULL,'0','Yes','2019-11-09 19:38:43','2019-11-09 19:38:43'),(366,1,2,2,0.00000000,0.00000000,1.00000000,NULL,'0','Yes','2019-11-09 19:38:43','2019-11-09 19:38:43'),(367,1,2,3,0.00000000,0.00000000,1.00000000,NULL,'0','Yes','2019-11-09 19:38:43','2019-11-09 19:38:43'),(368,1,2,4,0.00000000,0.00000000,1.00000000,NULL,'0','Yes','2019-11-09 19:38:43','2019-11-09 19:38:43'),(369,1,2,5,0.00000000,0.00000000,1.00000000,NULL,'0','Yes','2019-11-09 19:38:43','2019-11-09 19:38:43'),(370,1,2,6,0.00000000,0.00000000,1.00000000,NULL,'0','Yes','2019-11-09 19:38:43','2019-11-09 19:38:43'),(371,1,2,7,0.00000000,0.00000000,1.00000000,NULL,'0','Yes','2019-11-09 19:38:43','2019-11-09 19:38:43'),(372,1,2,8,0.00000000,0.00000000,1.00000000,NULL,'0','Yes','2019-11-09 19:38:43','2019-11-09 19:38:43'),(373,1,3,NULL,0.00000000,0.00000000,1.00000000,NULL,'0','Yes','2019-11-09 19:38:43','2019-11-09 19:38:43'),(374,1,5,NULL,0.00000000,0.00000000,1.00000000,NULL,'0','Yes','2019-11-09 19:38:43','2019-11-09 19:38:43'),(375,1,10,NULL,0.00000000,0.00000000,1.00000000,NULL,'0','Yes','2019-11-09 19:38:43','2019-11-09 19:38:43');
/*!40000 ALTER TABLE `fees_limits` ENABLE KEYS */;
UNLOCK TABLES;

--
-- Table structure for table `files`
--

DROP TABLE IF EXISTS `files`;
/*!40101 SET @saved_cs_client     = @@character_set_client */;
/*!40101 SET character_set_client = utf8 */;
CREATE TABLE `files` (
  `id` int(10) unsigned NOT NULL AUTO_INCREMENT,
  `admin_id` int(10) unsigned DEFAULT NULL,
  `user_id` int(10) unsigned DEFAULT NULL,
  `ticket_id` int(10) unsigned DEFAULT NULL,
  `ticket_reply_id` int(10) unsigned DEFAULT NULL,
  `filename` varchar(191) DEFAULT NULL,
  `originalname` varchar(191) DEFAULT NULL,
  `type` varchar(191) DEFAULT NULL,
  `created_at` timestamp NOT NULL DEFAULT CURRENT_TIMESTAMP,
  PRIMARY KEY (`id`),
  KEY `files_admin_id_index` (`admin_id`),
  KEY `files_user_id_index` (`user_id`),
  KEY `files_ticket_id_index` (`ticket_id`),
  KEY `files_ticket_reply_id_index` (`ticket_reply_id`),
  CONSTRAINT `files_admin_id_foreign` FOREIGN KEY (`admin_id`) REFERENCES `admins` (`id`) ON DELETE CASCADE ON UPDATE CASCADE,
  CONSTRAINT `files_ticket_id_foreign` FOREIGN KEY (`ticket_id`) REFERENCES `tickets` (`id`) ON DELETE CASCADE ON UPDATE CASCADE,
  CONSTRAINT `files_ticket_reply_id_foreign` FOREIGN KEY (`ticket_reply_id`) REFERENCES `ticket_replies` (`id`) ON DELETE CASCADE ON UPDATE CASCADE,
  CONSTRAINT `files_user_id_foreign` FOREIGN KEY (`user_id`) REFERENCES `users` (`id`) ON DELETE CASCADE ON UPDATE CASCADE
) ENGINE=InnoDB AUTO_INCREMENT=2 DEFAULT CHARSET=utf8;
/*!40101 SET character_set_client = @saved_cs_client */;

--
-- Dumping data for table `files`
--

LOCK TABLES `files` WRITE;
/*!40000 ALTER TABLE `files` DISABLE KEYS */;
INSERT INTO `files` VALUES (1,1,4,1,1,'1574528538.png','barsha-drawing.png','png','2019-11-23 17:02:18');
/*!40000 ALTER TABLE `files` ENABLE KEYS */;
UNLOCK TABLES;

--
-- Table structure for table `languages`
--

DROP TABLE IF EXISTS `languages`;
/*!40101 SET @saved_cs_client     = @@character_set_client */;
/*!40101 SET character_set_client = utf8 */;
CREATE TABLE `languages` (
  `id` int(10) unsigned NOT NULL AUTO_INCREMENT,
  `name` varchar(50) NOT NULL,
  `short_name` varchar(5) NOT NULL,
  `flag` varchar(100) DEFAULT NULL,
  `default` enum('1','0') NOT NULL,
  `deletable` enum('Yes','No') NOT NULL DEFAULT 'Yes',
  `status` enum('Active','Inactive') NOT NULL DEFAULT 'Active',
  PRIMARY KEY (`id`)
) ENGINE=InnoDB AUTO_INCREMENT=9 DEFAULT CHARSET=utf8;
/*!40101 SET character_set_client = @saved_cs_client */;

--
-- Dumping data for table `languages`
--

LOCK TABLES `languages` WRITE;
/*!40000 ALTER TABLE `languages` DISABLE KEYS */;
INSERT INTO `languages` VALUES (1,'English','en','1530358989.png','1','No','Active'),(2,'','ar','1530359409.png','0','No','Active'),(3,'Franais','fr','1530359431.png','0','No','Active'),(4,'Portugus','pt','1530359450.png','0','No','Active'),(5,'','ru','1530359474.png','0','No','Active'),(6,'Espaol','es','1530360151.png','0','No','Active'),(7,'Trke','tr','1530696845.png','0','No','Active'),(8,' ()','ch','1531227913.png','0','No','Active');
/*!40000 ALTER TABLE `languages` ENABLE KEYS */;
UNLOCK TABLES;

--
-- Table structure for table `merchant_apps`
--

DROP TABLE IF EXISTS `merchant_apps`;
/*!40101 SET @saved_cs_client     = @@character_set_client */;
/*!40101 SET character_set_client = utf8 */;
CREATE TABLE `merchant_apps` (
  `id` int(10) unsigned NOT NULL AUTO_INCREMENT,
  `merchant_id` int(10) unsigned NOT NULL,
  `client_id` varchar(50) NOT NULL,
  `client_secret` varchar(191) NOT NULL,
  `created_at` timestamp NULL DEFAULT NULL,
  `updated_at` timestamp NULL DEFAULT NULL,
  PRIMARY KEY (`id`),
  UNIQUE KEY `merchant_apps_client_id_unique` (`client_id`),
  KEY `merchant_apps_merchant_id_index` (`merchant_id`),
  CONSTRAINT `merchant_apps_merchant_id_foreign` FOREIGN KEY (`merchant_id`) REFERENCES `merchants` (`id`) ON DELETE CASCADE ON UPDATE CASCADE
) ENGINE=InnoDB AUTO_INCREMENT=4 DEFAULT CHARSET=utf8;
/*!40101 SET character_set_client = @saved_cs_client */;

--
-- Dumping data for table `merchant_apps`
--

LOCK TABLES `merchant_apps` WRITE;
/*!40000 ALTER TABLE `merchant_apps` DISABLE KEYS */;
INSERT INTO `merchant_apps` VALUES (1,1,'iQmp8RGxg0KOOJIYEX6UX61aClTubk','kPLTUVOBuEXq5r00HfhetJmbNY3YJ4hJglhJSrDkZfErlPS116eFzsWmKnithxTYrmRoNpNvYzmMqj3gnpTJCFrDULhauLQEr88j','2019-11-26 04:51:21','2019-11-26 04:51:21'),(2,3,'TzARXNT6LyJUkMJomtpbw1m7py1RSC','FnUiwzuBDLKLAOnRTdNFO6tcBxm2D91u87DWrriLQ9a74lBxZVW1i0z2aW6XQWTMxHC1kaah8eV96z4IaGF1y9ET6RYnAlHZCUUA','2019-11-30 15:50:06','2019-11-30 15:50:06'),(3,2,'y6n2NPnoaeuTE4hqAc4iVC7V4T5hyJ','My02zZAhwlUMFs6C3HmZZedht0eFjCWSGQRsY0qLHOZCJcZa7oZniQDqWjRBJl8IIWyxZWE4imal2nXhBvM1KqSAu6nedpieVQCw','2019-12-01 08:15:16','2019-12-01 08:15:16');
/*!40000 ALTER TABLE `merchant_apps` ENABLE KEYS */;
UNLOCK TABLES;

--
-- Table structure for table `merchant_groups`
--

DROP TABLE IF EXISTS `merchant_groups`;
/*!40101 SET @saved_cs_client     = @@character_set_client */;
/*!40101 SET character_set_client = utf8 */;
CREATE TABLE `merchant_groups` (
  `id` int(10) unsigned NOT NULL AUTO_INCREMENT,
  `name` varchar(191) NOT NULL,
  `description` varchar(191) DEFAULT NULL,
  `fee` decimal(20,8) DEFAULT '0.00000000',
  `is_default` enum('No','Yes') NOT NULL DEFAULT 'No',
  `created_at` timestamp NULL DEFAULT NULL,
  `updated_at` timestamp NULL DEFAULT NULL,
  PRIMARY KEY (`id`),
  UNIQUE KEY `merchant_groups_name_unique` (`name`)
) ENGINE=InnoDB AUTO_INCREMENT=5 DEFAULT CHARSET=utf8;
/*!40101 SET character_set_client = @saved_cs_client */;

--
-- Dumping data for table `merchant_groups`
--

LOCK TABLES `merchant_groups` WRITE;
/*!40000 ALTER TABLE `merchant_groups` DISABLE KEYS */;
INSERT INTO `merchant_groups` VALUES (1,'Premium','This is the premium merchant group',0.51234567,'No',NULL,NULL),(2,'Gold','This is the gold merchant group',1.99933344,'No',NULL,NULL),(3,'Silver','This is the silver merchant group',1.50000044,'Yes',NULL,NULL),(4,'Bronze','This is the bronze merchant group',2.77711194,'No',NULL,NULL);
/*!40000 ALTER TABLE `merchant_groups` ENABLE KEYS */;
UNLOCK TABLES;

--
-- Table structure for table `merchant_payments`
--

DROP TABLE IF EXISTS `merchant_payments`;
/*!40101 SET @saved_cs_client     = @@character_set_client */;
/*!40101 SET character_set_client = utf8 */;
CREATE TABLE `merchant_payments` (
  `id` int(10) unsigned NOT NULL AUTO_INCREMENT,
  `merchant_id` int(10) unsigned DEFAULT NULL,
  `currency_id` int(10) unsigned DEFAULT NULL,
  `payment_method_id` int(10) unsigned DEFAULT NULL,
  `user_id` int(10) unsigned DEFAULT NULL,
  `gateway_reference` varchar(50) DEFAULT NULL,
  `order_no` varchar(50) DEFAULT NULL,
  `item_name` varchar(150) DEFAULT NULL,
  `uuid` varchar(13) DEFAULT NULL,
  `charge_percentage` decimal(20,8) DEFAULT '0.00000000',
  `charge_fixed` decimal(20,8) DEFAULT '0.00000000',
  `amount` decimal(20,8) DEFAULT '0.00000000',
  `total` decimal(20,8) DEFAULT '0.00000000',
  `status` enum('Pending','Success','Refund','Blocked') NOT NULL DEFAULT 'Success',
  `created_at` timestamp NULL DEFAULT CURRENT_TIMESTAMP,
  PRIMARY KEY (`id`),
  KEY `merchant_payments_merchant_id_index` (`merchant_id`),
  KEY `merchant_payments_currency_id_index` (`currency_id`),
  KEY `merchant_payments_payment_method_id_index` (`payment_method_id`),
  KEY `merchant_payments_user_id_index` (`user_id`),
  CONSTRAINT `merchant_payments_currency_id_foreign` FOREIGN KEY (`currency_id`) REFERENCES `currencies` (`id`) ON DELETE CASCADE ON UPDATE CASCADE,
  CONSTRAINT `merchant_payments_merchant_id_foreign` FOREIGN KEY (`merchant_id`) REFERENCES `merchants` (`id`) ON DELETE CASCADE ON UPDATE CASCADE,
  CONSTRAINT `merchant_payments_payment_method_id_foreign` FOREIGN KEY (`payment_method_id`) REFERENCES `payment_methods` (`id`) ON DELETE CASCADE ON UPDATE CASCADE,
  CONSTRAINT `merchant_payments_user_id_foreign` FOREIGN KEY (`user_id`) REFERENCES `users` (`id`) ON DELETE CASCADE ON UPDATE CASCADE
) ENGINE=InnoDB AUTO_INCREMENT=11 DEFAULT CHARSET=utf8;
/*!40101 SET character_set_client = @saved_cs_client */;

--
-- Dumping data for table `merchant_payments`
--

LOCK TABLES `merchant_payments` WRITE;
/*!40000 ALTER TABLE `merchant_payments` DISABLE KEYS */;
INSERT INTO `merchant_payments` VALUES (1,1,1,1,5,'QSQ9NZ3PR7QZZ','','','QSQ9NZ3PR7QZZ',0.30000009,0.00000000,19.69999991,20.00000000,'Success','2019-11-29 23:44:31'),(2,3,1,1,6,'EZIFGY2PP27RA','','','EZIFGY2PP27RA',0.30000009,0.00000000,19.69999991,20.00000000,'Success','2019-11-30 16:07:05'),(3,3,1,1,6,'NQUHRYIZUMBZC','','','NQUHRYIZUMBZC',0.45000013,0.00000000,29.54999987,30.00000000,'Success','2019-12-01 17:24:25'),(4,1,1,1,6,'IMER9U9PS4TJ1','','','IMER9U9PS4TJ1',0.30000009,0.00000000,19.69999991,20.00000000,'Success','2019-12-02 04:25:03'),(5,3,1,1,6,'2XVZUZTQXRLKS','','','2XVZUZTQXRLKS',0.45000013,0.00000000,29.54999987,30.00000000,'Success','2019-12-02 06:08:27'),(6,3,1,1,6,'KJA1DFGVLKR1E','','','KJA1DFGVLKR1E',0.45000013,0.00000000,29.54999987,30.00000000,'Success','2019-12-02 06:09:49'),(7,3,1,1,5,'LIJCZ19DU9WRD','','','LIJCZ19DU9WRD',0.45000013,0.00000000,29.54999987,30.00000000,'Success','2019-12-02 06:23:38'),(8,3,1,1,5,'Q3RQNCVJ2R6BY','','','Q3RQNCVJ2R6BY',0.45000013,0.00000000,29.54999987,30.00000000,'Success','2019-12-02 14:21:43'),(9,3,1,1,5,'E9FMLIFWPJGFD','','','E9FMLIFWPJGFD',0.45000013,0.00000000,29.54999987,30.00000000,'Success','2019-12-04 03:23:59'),(10,3,1,1,5,'PPHHDHGWVAJY7','','','PPHHDHGWVAJY7',0.45000013,0.00000000,29.54999987,30.00000000,'Success','2019-12-05 20:10:03');
/*!40000 ALTER TABLE `merchant_payments` ENABLE KEYS */;
UNLOCK TABLES;

--
-- Table structure for table `merchants`
--

DROP TABLE IF EXISTS `merchants`;
/*!40101 SET @saved_cs_client     = @@character_set_client */;
/*!40101 SET character_set_client = utf8 */;
CREATE TABLE `merchants` (
  `id` int(10) unsigned NOT NULL AUTO_INCREMENT,
  `user_id` int(10) unsigned DEFAULT NULL,
  `currency_id` int(10) unsigned DEFAULT NULL,
  `merchant_group_id` int(10) unsigned DEFAULT NULL,
  `merchant_uuid` varchar(13) DEFAULT NULL COMMENT 'Unique ID for each Merchant',
  `business_name` varchar(191) NOT NULL,
  `site_url` varchar(100) NOT NULL,
  `type` enum('standard','express') NOT NULL,
  `note` varchar(255) NOT NULL,
  `logo` varchar(100) DEFAULT NULL,
  `fee` decimal(20,8) DEFAULT '0.00000000',
  `status` enum('Moderation','Disapproved','Approved') NOT NULL DEFAULT 'Moderation',
  `created_at` timestamp NULL DEFAULT NULL,
  `updated_at` timestamp NULL DEFAULT NULL,
  PRIMARY KEY (`id`),
  KEY `merchants_user_id_index` (`user_id`),
  KEY `merchants_currency_id_index` (`currency_id`),
  KEY `merchants_merchant_group_id_index` (`merchant_group_id`),
  CONSTRAINT `merchants_currency_id_foreign` FOREIGN KEY (`currency_id`) REFERENCES `currencies` (`id`) ON DELETE CASCADE ON UPDATE CASCADE,
  CONSTRAINT `merchants_merchant_group_id_foreign` FOREIGN KEY (`merchant_group_id`) REFERENCES `merchant_groups` (`id`) ON DELETE CASCADE ON UPDATE CASCADE,
  CONSTRAINT `merchants_user_id_foreign` FOREIGN KEY (`user_id`) REFERENCES `users` (`id`) ON DELETE CASCADE ON UPDATE CASCADE
) ENGINE=InnoDB AUTO_INCREMENT=4 DEFAULT CHARSET=utf8;
/*!40101 SET character_set_client = @saved_cs_client */;

--
-- Dumping data for table `merchants`
--

LOCK TABLES `merchants` WRITE;
/*!40000 ALTER TABLE `merchants` DISABLE KEYS */;
INSERT INTO `merchants` VALUES (1,11,1,3,'QLOLB7V8WF7SH','Megabuy','https://megabuy.online','express','Megabuy Buy & Sell',NULL,1.50000044,'Approved','2019-11-26 04:51:21','2019-11-26 04:53:32'),(2,11,1,3,'4XEG6ZD7BJGRY','G dragon','https://megabuy.online','express','This is Green dragon',NULL,1.50000044,'Approved','2019-11-30 15:46:58','2019-12-01 08:15:16'),(3,11,1,3,'HNNVUXIXWRXUA','Rental','https://megabuy.online','express','dsf',NULL,1.50000044,'Approved','2019-11-30 15:50:06','2019-11-30 15:55:46');
/*!40000 ALTER TABLE `merchants` ENABLE KEYS */;
UNLOCK TABLES;

--
-- Table structure for table `metas`
--

DROP TABLE IF EXISTS `metas`;
/*!40101 SET @saved_cs_client     = @@character_set_client */;
/*!40101 SET character_set_client = utf8 */;
CREATE TABLE `metas` (
  `id` int(10) unsigned NOT NULL AUTO_INCREMENT,
  `url` varchar(191) NOT NULL,
  `title` varchar(191) DEFAULT NULL,
  `description` text,
  `keywords` text,
  PRIMARY KEY (`id`)
) ENGINE=InnoDB AUTO_INCREMENT=87 DEFAULT CHARSET=utf8;
/*!40101 SET character_set_client = @saved_cs_client */;

--
-- Dumping data for table `metas`
--

LOCK TABLES `metas` WRITE;
/*!40000 ALTER TABLE `metas` DISABLE KEYS */;
INSERT INTO `metas` VALUES (1,'help','Help','Help',''),(2,'about-us','About Us','About Us',''),(3,'contact-us','Contact Us','Contact Us',''),(4,'header','Header','Header',''),(5,'login','Login','Login',''),(6,'register','Register','Register',''),(7,'/','Home','Home',''),(8,'dashboard','Dashboard','Dashboard',''),(9,'moneytransfer','Money Transfer','Money Transfer',''),(10,'transactions','Transactions','Transactions',''),(11,'exchanges','Money Exchange','Money Exchange',''),(12,'exchange','Money Exchange','Money Exchange',''),(13,'vouchers','Voucher','Voucher',''),(14,'voucher/add','Voucher Add','Voucher Add',''),(15,'voucher/activate_code','Voucher Activation','Voucher Activation',''),(16,'merchants','Merchant','Merchant',''),(17,'merchant/add','Add Merchant','Add Merchant',''),(18,'request_payments','Request Payments','Request Payments',''),(19,'request_payment/add','Request Payment','Request Payment',''),(20,'request_payment/edit/{id}','Request Payment','Request Payment',''),(21,'request_payment/detail/{id}','Request Payment','Request Payment',''),(22,'request_payment/completes','Request Payment','Request Payment',''),(23,'exchange/view/{id}','Money Exchange','Money Exchange',''),(24,'merchant/edit/{id}','Edit Merchant','Edit Merchant',''),(25,'merchant/payments','Merchant payments','Merchant payments',''),(26,'deposit','Deposit','Deposit',''),(27,'deposit/method/{id}','Deposit Amount','Deposit Amount',''),(28,'deposit/stripe_payment','Deposit With Stripe','Deposit With Stripe',''),(29,'payout','Payout','Payout',''),(30,'withdrawal/method/{id}','Payout','Payout',''),(31,'payouts','Payouts','Payouts',''),(32,'transactions/{id}','Transactions','Transactions',''),(33,'request_payment/accept/{id}','Request Payment','Request Payment',''),(34,'request_payment/accept/{id}','Request Payment','Request Payment',''),(35,'disputes','Disputes','Disputes',''),(36,'merchant/detail/{id}','View Merchant','View Merchant',''),(37,'dispute/discussion/{id}','Dispute Details','Dispute Details',''),(38,'dispute/add/{id}','Dispute Add','Dispute Add',''),(39,'send-money','Send Money','Send Money',''),(40,'request-money','Request Money','Request Money',''),(41,'news','News','News',''),(42,'profile','User Profile','User Profile',''),(43,'tickets','Tickets','Tickets',''),(44,'ticket/add','Add Ticket','Add Ticket',''),(45,'ticket/reply/{id}','Ticket Reply','Ticket Reply',''),(46,'exchange_of_base_currency','Money Exchange','Money Exchange',''),(47,'exchange/exchange-of-base-currency-confirm','Money Exchange','Money Exchange',''),(48,'deposit/stripe_payment_store','Deposit With Stripe','Deposit With Stripe',''),(49,'payout/setting','Payout','Payout',''),(50,'send-money-confirm','Money Transfer','Money Transfer',''),(51,'exchange_to_base_currency','Money Exchange','Money Exchange',''),(52,'exchange/exchange-to-base-currency-confirm','Money Exchange','Money Exchange',''),(53,'portfolio','Portfolio','Portfolio',''),(54,'request_payment/store','Request Payment','Request Payment',''),(55,'forget-password','Forgot Password','Forgot Password',''),(56,'password/resets/{token}','Reset Password','Reset Password',''),(57,'request-money-confirm','Request Money','Request Money',''),(58,'request_payment/accepted','Request Payment','Request Payment',''),(59,'request_payment/accept-money-confirm','Request Payment','Request Payment',''),(60,'deposit/stripe_payment_store','Deposit With Stripe','Deposit With Stripe',''),(61,'policies','Policies','Policies',''),(62,'transfer','Money Transfer','Money Transfer',''),(63,'voucher/store','Voucher','Voucher',''),(64,'voucher/activated','Voucher','Voucher',''),(65,'withdrawal/confirm-transaction','Payout','Payout',''),(66,'request','Request Payment','Request Payment',''),(67,'deposit/payumoney_success','Deposit With PayUMoney','Deposit With PayUMoney',''),(68,'deposit/payment_success','Deposit Success','Deposit With PayMoney Success',''),(69,'developer','Developer','Developer Page',''),(70,'phone-verification','Verfy Phone','Verfy Phone',''),(71,'authenticate','2-Factor Authentication','2-Factor Authentication',''),(72,'profile/2fa','2-FA','2-FA',''),(73,'2fa','2-Factor Authentication','2-Factor Authentication',''),(74,'deposit/bank-payment','Deposit','Deposit',''),(75,'bank-transfer','Bank Transfer','Bank Transfer',''),(76,'bank-transfer/confirm','Bank Transfer','Bank Transfer',''),(77,'bank-transfer/success','Bank Transfer','Bank Transfer',''),(78,'google2fa','Google 2FA','Google 2FA',''),(79,'profile/personal-id','Identity Verification','Identity Verification',''),(80,'profile/personal-address','Address Verification','Address Verification',''),(81,'exchange-of-money','Money Exchange','Money Exchange',''),(82,'exchange-of-money-success','Money Exchange','Money Exchange',''),(83,'deposit/bank-payment','Deposit','Deposit',''),(84,'deposit/payeer/payment/success','Deposit','Deposit',''),(85,'deposit/checkout/payment/success','Deposit','Deposit',''),(86,'merchant/payment','Merchant Payment','Merchant Payment','');
/*!40000 ALTER TABLE `metas` ENABLE KEYS */;
UNLOCK TABLES;

--
-- Table structure for table `migrations`
--

DROP TABLE IF EXISTS `migrations`;
/*!40101 SET @saved_cs_client     = @@character_set_client */;
/*!40101 SET character_set_client = utf8 */;
CREATE TABLE `migrations` (
  `id` int(10) unsigned NOT NULL AUTO_INCREMENT,
  `migration` varchar(191) NOT NULL,
  `batch` int(11) NOT NULL,
  PRIMARY KEY (`id`)
) ENGINE=InnoDB AUTO_INCREMENT=60 DEFAULT CHARSET=utf8;
/*!40101 SET character_set_client = @saved_cs_client */;

--
-- Dumping data for table `migrations`
--

LOCK TABLES `migrations` WRITE;
/*!40000 ALTER TABLE `migrations` DISABLE KEYS */;
INSERT INTO `migrations` VALUES (1,'2016_06_01_000001_create_oauth_auth_codes_table',1),(2,'2016_06_01_000002_create_oauth_access_tokens_table',1),(3,'2016_06_01_000003_create_oauth_refresh_tokens_table',1),(4,'2016_06_01_000004_create_oauth_clients_table',1),(5,'2016_06_01_000005_create_oauth_personal_access_clients_table',1),(6,'2017_10_12_000010_create_pages_table',1),(7,'2017_10_12_000016_create_socials_table',1),(8,'2018_01_23_054930_entrust_setup_tables',1),(9,'2018_01_24_000000_create_users_table',1),(10,'2018_01_28_073527_create_currencies_table',1),(11,'2018_02_01_075202_create_settings_table',1),(12,'2018_02_01_104705_create_languages_table',1),(13,'2018_02_02_121311_create_countries_table',1),(14,'2018_02_05_065402_create_preferences_table',1),(15,'2018_02_09_055248_create_backups_table',1),(16,'2018_02_09_104306_create_metas_table',1),(17,'2018_02_09_121049_create_payment_methods_table',1),(18,'2018_02_20_095847_create_admins_table',1),(19,'2018_02_26_084847_create_deposits_table',1),(20,'2018_02_27_060235_create_wallets_table',1),(21,'2018_03_03_083507_create_currency_exchanges_table',1),(22,'2018_03_03_083507_create_request_payments_table',1),(23,'2018_03_03_083507_create_transfers_table',1),(24,'2018_03_03_083507_create_vouchers_table',1),(25,'2018_03_06_115806_create_withdrawals_table',1),(26,'2018_03_10_075012_create_transaction_types_table',1),(27,'2018_03_21_190022_create_merchant_groups_table',1),(28,'2018_03_22_000001_create_merchants_table',1),(29,'2018_03_22_000002_create_merchant_payments_table',1),(30,'2018_03_22_060439_create_transactions_table',1),(31,'2018_03_23_021431_create_cointpayment_log_trxes_table',1),(32,'2018_03_27_095014_create_email_templates_table',1),(33,'2018_04_04_055813_create_activity_logs_table',1),(34,'2018_04_23_065520_add_picture_to_users_table',1),(35,'2018_04_23_072453_add_picture_to_admins_table',1),(36,'2018_04_24_101102_create_ticket_statuses_table',1),(37,'2018_04_25_064015_create_tickets_table',1),(38,'2018_04_25_090327_create_reasons_table',1),(39,'2018_04_25_102922_create_ticket_replies_table',1),(40,'2018_04_25_130503_create_files_table',1),(41,'2018_04_30_054616_create_disputes_table',1),(42,'2018_04_30_054950_create_dispute_discussions_table',1),(43,'2018_05_08_141610_create_fees_limits_table',1),(44,'2018_05_23_052416_create_user_details_table',1),(45,'2018_05_27_150035_create_email_configs_table',1),(46,'2018_05_28_150419_create_payout_settings_table',1),(47,'2018_06_06_093803_create_merchant_apps_table',1),(48,'2018_06_06_093953_create_app_tokens_table',1),(49,'2018_06_06_094213_create_app_transactions_infos_table',1),(50,'2018_06_12_124543_create_currency_payment_methods_table',1),(51,'2018_07_02_131144_create_time_zones_table',1),(52,'2018_07_02_163432_create_app_store_credentials_table',1),(53,'2018_08_12_131555_create_verify_users_table',1),(54,'2018_08_29_162937_create_withdrawal_details_table',1),(55,'2018_09_18_113040_create_device_logs_table',1),(56,'2018_09_21_155913_create_banks_table',1),(57,'2018_10_01_185845_create_qr_codes_table',1),(58,'2018_10_12_100000_create_password_resets_table',1),(59,'2018_11_11_191051_create_document_verifications_table',1);
/*!40000 ALTER TABLE `migrations` ENABLE KEYS */;
UNLOCK TABLES;

--
-- Table structure for table `oauth_access_tokens`
--

DROP TABLE IF EXISTS `oauth_access_tokens`;
/*!40101 SET @saved_cs_client     = @@character_set_client */;
/*!40101 SET character_set_client = utf8 */;
CREATE TABLE `oauth_access_tokens` (
  `id` varchar(100) NOT NULL,
  `user_id` int(11) DEFAULT NULL,
  `client_id` int(11) NOT NULL,
  `name` varchar(191) DEFAULT NULL,
  `scopes` text,
  `revoked` tinyint(1) NOT NULL,
  `created_at` timestamp NULL DEFAULT NULL,
  `updated_at` timestamp NULL DEFAULT NULL,
  `expires_at` datetime DEFAULT NULL,
  PRIMARY KEY (`id`),
  KEY `oauth_access_tokens_user_id_index` (`user_id`)
) ENGINE=InnoDB DEFAULT CHARSET=utf8;
/*!40101 SET character_set_client = @saved_cs_client */;

--
-- Dumping data for table `oauth_access_tokens`
--

LOCK TABLES `oauth_access_tokens` WRITE;
/*!40000 ALTER TABLE `oauth_access_tokens` DISABLE KEYS */;
/*!40000 ALTER TABLE `oauth_access_tokens` ENABLE KEYS */;
UNLOCK TABLES;

--
-- Table structure for table `oauth_auth_codes`
--

DROP TABLE IF EXISTS `oauth_auth_codes`;
/*!40101 SET @saved_cs_client     = @@character_set_client */;
/*!40101 SET character_set_client = utf8 */;
CREATE TABLE `oauth_auth_codes` (
  `id` varchar(100) NOT NULL,
  `user_id` int(11) NOT NULL,
  `client_id` int(11) NOT NULL,
  `scopes` text,
  `revoked` tinyint(1) NOT NULL,
  `expires_at` datetime DEFAULT NULL,
  PRIMARY KEY (`id`)
) ENGINE=InnoDB DEFAULT CHARSET=utf8;
/*!40101 SET character_set_client = @saved_cs_client */;

--
-- Dumping data for table `oauth_auth_codes`
--

LOCK TABLES `oauth_auth_codes` WRITE;
/*!40000 ALTER TABLE `oauth_auth_codes` DISABLE KEYS */;
/*!40000 ALTER TABLE `oauth_auth_codes` ENABLE KEYS */;
UNLOCK TABLES;

--
-- Table structure for table `oauth_clients`
--

DROP TABLE IF EXISTS `oauth_clients`;
/*!40101 SET @saved_cs_client     = @@character_set_client */;
/*!40101 SET character_set_client = utf8 */;
CREATE TABLE `oauth_clients` (
  `id` int(10) unsigned NOT NULL AUTO_INCREMENT,
  `user_id` int(11) DEFAULT NULL,
  `name` varchar(191) NOT NULL,
  `secret` varchar(100) NOT NULL,
  `redirect` text NOT NULL,
  `personal_access_client` tinyint(1) NOT NULL,
  `password_client` tinyint(1) NOT NULL,
  `revoked` tinyint(1) NOT NULL,
  `created_at` timestamp NULL DEFAULT NULL,
  `updated_at` timestamp NULL DEFAULT NULL,
  PRIMARY KEY (`id`),
  KEY `oauth_clients_user_id_index` (`user_id`)
) ENGINE=InnoDB AUTO_INCREMENT=4 DEFAULT CHARSET=utf8;
/*!40101 SET character_set_client = @saved_cs_client */;

--
-- Dumping data for table `oauth_clients`
--

LOCK TABLES `oauth_clients` WRITE;
/*!40000 ALTER TABLE `oauth_clients` DISABLE KEYS */;
INSERT INTO `oauth_clients` VALUES (1,NULL,'Laravel Personal Access Client','agkL4ISxlzHE5z2zS2vwqZqqoF7ker3HMXo7De3v','http://localhost',1,0,0,NULL,NULL),(2,NULL,'Laravel Password Grant Client','TwF6YvwSCLuVejXhUQCAqMaPAqhHZ29sEhhFfsM9','http://localhost',0,1,0,NULL,NULL),(3,NULL,'Laravel Personal Access Client','YWG63Yjp0bcf7iL45MgK75Yc5Tq18KS9rcv8ltBM','http://localhost',1,0,0,NULL,NULL);
/*!40000 ALTER TABLE `oauth_clients` ENABLE KEYS */;
UNLOCK TABLES;

--
-- Table structure for table `oauth_personal_access_clients`
--

DROP TABLE IF EXISTS `oauth_personal_access_clients`;
/*!40101 SET @saved_cs_client     = @@character_set_client */;
/*!40101 SET character_set_client = utf8 */;
CREATE TABLE `oauth_personal_access_clients` (
  `id` int(10) unsigned NOT NULL AUTO_INCREMENT,
  `client_id` int(11) NOT NULL,
  `created_at` timestamp NULL DEFAULT NULL,
  `updated_at` timestamp NULL DEFAULT NULL,
  PRIMARY KEY (`id`),
  KEY `oauth_personal_access_clients_client_id_index` (`client_id`)
) ENGINE=InnoDB AUTO_INCREMENT=4 DEFAULT CHARSET=utf8;
/*!40101 SET character_set_client = @saved_cs_client */;

--
-- Dumping data for table `oauth_personal_access_clients`
--

LOCK TABLES `oauth_personal_access_clients` WRITE;
/*!40000 ALTER TABLE `oauth_personal_access_clients` DISABLE KEYS */;
INSERT INTO `oauth_personal_access_clients` VALUES (1,1,NULL,NULL),(2,2,NULL,NULL),(3,3,NULL,NULL);
/*!40000 ALTER TABLE `oauth_personal_access_clients` ENABLE KEYS */;
UNLOCK TABLES;

--
-- Table structure for table `oauth_refresh_tokens`
--

DROP TABLE IF EXISTS `oauth_refresh_tokens`;
/*!40101 SET @saved_cs_client     = @@character_set_client */;
/*!40101 SET character_set_client = utf8 */;
CREATE TABLE `oauth_refresh_tokens` (
  `id` varchar(100) NOT NULL,
  `access_token_id` varchar(100) NOT NULL,
  `revoked` tinyint(1) NOT NULL,
  `expires_at` datetime DEFAULT NULL,
  PRIMARY KEY (`id`),
  KEY `oauth_refresh_tokens_access_token_id_index` (`access_token_id`)
) ENGINE=InnoDB DEFAULT CHARSET=utf8;
/*!40101 SET character_set_client = @saved_cs_client */;

--
-- Dumping data for table `oauth_refresh_tokens`
--

LOCK TABLES `oauth_refresh_tokens` WRITE;
/*!40000 ALTER TABLE `oauth_refresh_tokens` DISABLE KEYS */;
/*!40000 ALTER TABLE `oauth_refresh_tokens` ENABLE KEYS */;
UNLOCK TABLES;

--
-- Table structure for table `pages`
--

DROP TABLE IF EXISTS `pages`;
/*!40101 SET @saved_cs_client     = @@character_set_client */;
/*!40101 SET character_set_client = utf8 */;
CREATE TABLE `pages` (
  `id` int(10) unsigned NOT NULL AUTO_INCREMENT,
  `name` varchar(100) NOT NULL,
  `url` varchar(100) NOT NULL,
  `content` text NOT NULL,
  `position` varchar(40) DEFAULT NULL,
  `status` enum('active','inactive') NOT NULL,
  `created_at` timestamp NULL DEFAULT NULL,
  `updated_at` timestamp NULL DEFAULT NULL,
  PRIMARY KEY (`id`),
  UNIQUE KEY `pages_url_unique` (`url`)
) ENGINE=InnoDB DEFAULT CHARSET=utf8;
/*!40101 SET character_set_client = @saved_cs_client */;

--
-- Dumping data for table `pages`
--

LOCK TABLES `pages` WRITE;
/*!40000 ALTER TABLE `pages` DISABLE KEYS */;
/*!40000 ALTER TABLE `pages` ENABLE KEYS */;
UNLOCK TABLES;

--
-- Table structure for table `password_resets`
--

DROP TABLE IF EXISTS `password_resets`;
/*!40101 SET @saved_cs_client     = @@character_set_client */;
/*!40101 SET character_set_client = utf8 */;
CREATE TABLE `password_resets` (
  `email` varchar(191) NOT NULL,
  `token` varchar(191) NOT NULL,
  `created_at` timestamp NULL DEFAULT NULL,
  KEY `password_resets_email_index` (`email`)
) ENGINE=InnoDB DEFAULT CHARSET=utf8;
/*!40101 SET character_set_client = @saved_cs_client */;

--
-- Dumping data for table `password_resets`
--

LOCK TABLES `password_resets` WRITE;
/*!40000 ALTER TABLE `password_resets` DISABLE KEYS */;
/*!40000 ALTER TABLE `password_resets` ENABLE KEYS */;
UNLOCK TABLES;

--
-- Table structure for table `payment_methods`
--

DROP TABLE IF EXISTS `payment_methods`;
/*!40101 SET @saved_cs_client     = @@character_set_client */;
/*!40101 SET character_set_client = utf8 */;
CREATE TABLE `payment_methods` (
  `id` int(10) unsigned NOT NULL AUTO_INCREMENT,
  `name` varchar(50) NOT NULL,
  `status` enum('Active','Inactive') NOT NULL DEFAULT 'Active',
  PRIMARY KEY (`id`)
) ENGINE=InnoDB AUTO_INCREMENT=9 DEFAULT CHARSET=utf8;
/*!40101 SET character_set_client = @saved_cs_client */;

--
-- Dumping data for table `payment_methods`
--

LOCK TABLES `payment_methods` WRITE;
/*!40000 ALTER TABLE `payment_methods` DISABLE KEYS */;
INSERT INTO `payment_methods` VALUES (1,'Mts','Active'),(2,'Stripe','Active'),(3,'Paypal','Active'),(4,'2Checkout','Active'),(5,'PayUmoney','Active'),(6,'Bank','Active'),(7,'Coinpayments','Active'),(8,'Payeer','Active');
/*!40000 ALTER TABLE `payment_methods` ENABLE KEYS */;
UNLOCK TABLES;

--
-- Table structure for table `payout_settings`
--

DROP TABLE IF EXISTS `payout_settings`;
/*!40101 SET @saved_cs_client     = @@character_set_client */;
/*!40101 SET character_set_client = utf8 */;
CREATE TABLE `payout_settings` (
  `id` int(10) unsigned NOT NULL AUTO_INCREMENT,
  `user_id` int(10) unsigned NOT NULL,
  `type` int(11) NOT NULL,
  `email` varchar(191) DEFAULT NULL,
  `account_name` varchar(191) DEFAULT NULL,
  `account_number` varchar(191) DEFAULT NULL,
  `bank_branch_name` varchar(191) DEFAULT NULL,
  `bank_branch_city` varchar(191) DEFAULT NULL,
  `bank_branch_address` varchar(191) DEFAULT NULL,
  `country` int(10) unsigned DEFAULT NULL,
  `swift_code` varchar(191) DEFAULT NULL,
  `bank_name` varchar(191) DEFAULT NULL,
  `default_payout` tinyint(4) NOT NULL DEFAULT '0' COMMENT '0=not default, 1=default',
  `created_at` timestamp NULL DEFAULT NULL,
  `updated_at` timestamp NULL DEFAULT NULL,
  PRIMARY KEY (`id`)
) ENGINE=InnoDB DEFAULT CHARSET=utf8;
/*!40101 SET character_set_client = @saved_cs_client */;

--
-- Dumping data for table `payout_settings`
--

LOCK TABLES `payout_settings` WRITE;
/*!40000 ALTER TABLE `payout_settings` DISABLE KEYS */;
/*!40000 ALTER TABLE `payout_settings` ENABLE KEYS */;
UNLOCK TABLES;

--
-- Table structure for table `permission_role`
--

DROP TABLE IF EXISTS `permission_role`;
/*!40101 SET @saved_cs_client     = @@character_set_client */;
/*!40101 SET character_set_client = utf8 */;
CREATE TABLE `permission_role` (
  `role_id` int(10) unsigned NOT NULL,
  `permission_id` int(10) unsigned NOT NULL,
  PRIMARY KEY (`permission_id`,`role_id`),
  KEY `permission_role_role_id_foreign` (`role_id`),
  CONSTRAINT `permission_role_permission_id_foreign` FOREIGN KEY (`permission_id`) REFERENCES `permissions` (`id`) ON DELETE CASCADE ON UPDATE CASCADE,
  CONSTRAINT `permission_role_role_id_foreign` FOREIGN KEY (`role_id`) REFERENCES `roles` (`id`) ON DELETE CASCADE ON UPDATE CASCADE
) ENGINE=InnoDB DEFAULT CHARSET=utf8;
/*!40101 SET character_set_client = @saved_cs_client */;

--
-- Dumping data for table `permission_role`
--

LOCK TABLES `permission_role` WRITE;
/*!40000 ALTER TABLE `permission_role` DISABLE KEYS */;
INSERT INTO `permission_role` VALUES (1,1),(1,2),(1,3),(1,4),(1,5),(1,6),(1,7),(1,8),(1,9),(1,10),(1,11),(1,12),(1,13),(1,14),(1,15),(1,16),(1,17),(1,18),(1,19),(1,20),(1,21),(1,22),(1,23),(1,24),(1,29),(1,30),(1,31),(1,32),(1,33),(1,34),(1,35),(1,36),(1,37),(1,38),(1,39),(1,40),(1,41),(1,42),(1,43),(1,44),(1,45),(1,46),(1,47),(1,48),(1,49),(1,50),(1,51),(1,52),(1,53),(1,54),(1,55),(1,56),(1,57),(1,58),(1,59),(1,60),(1,61),(1,62),(1,63),(1,64),(1,65),(1,66),(1,67),(1,68),(1,69),(1,70),(1,71),(1,72),(1,73),(1,74),(1,75),(1,76),(1,77),(1,78),(1,79),(1,80),(1,85),(1,86),(1,87),(1,88),(1,89),(1,90),(1,91),(1,92),(1,93),(1,94),(1,95),(1,96),(1,97),(1,98),(1,99),(1,100),(1,101),(1,102),(1,103),(1,104),(1,105),(1,106),(1,107),(1,108),(2,109),(3,109),(13,109),(2,110),(3,110),(13,110),(2,111),(3,111),(13,111),(2,112),(3,112),(13,112),(2,113),(3,113),(13,113),(13,114),(2,115),(3,115),(13,115),(3,116),(13,116),(3,117),(13,117),(1,118),(1,119),(1,120),(1,121),(1,122),(1,123),(1,124),(1,125),(1,126),(1,127),(1,128),(1,129),(1,130),(1,131),(1,132),(1,133),(2,134),(3,134),(13,134),(2,135),(3,135),(13,135),(2,136),(3,136),(13,136),(1,137),(1,138),(1,139),(1,140),(1,145),(1,146),(1,147),(1,148),(1,149),(1,150),(1,151),(1,152),(1,153),(1,154),(1,155),(1,156),(1,157),(1,158),(1,159),(1,160),(1,161),(1,162),(1,163),(1,164);
/*!40000 ALTER TABLE `permission_role` ENABLE KEYS */;
UNLOCK TABLES;

--
-- Table structure for table `permissions`
--

DROP TABLE IF EXISTS `permissions`;
/*!40101 SET @saved_cs_client     = @@character_set_client */;
/*!40101 SET character_set_client = utf8 */;
CREATE TABLE `permissions` (
  `id` int(10) unsigned NOT NULL AUTO_INCREMENT,
  `group` varchar(100) NOT NULL,
  `name` varchar(191) NOT NULL,
  `display_name` varchar(191) DEFAULT NULL,
  `description` varchar(191) DEFAULT NULL,
  `user_type` enum('Admin','User') NOT NULL,
  `created_at` timestamp NULL DEFAULT NULL,
  `updated_at` timestamp NULL DEFAULT NULL,
  PRIMARY KEY (`id`),
  UNIQUE KEY `permissions_name_unique` (`name`)
) ENGINE=InnoDB AUTO_INCREMENT=169 DEFAULT CHARSET=utf8;
/*!40101 SET character_set_client = @saved_cs_client */;

--
-- Dumping data for table `permissions`
--

LOCK TABLES `permissions` WRITE;
/*!40000 ALTER TABLE `permissions` DISABLE KEYS */;
INSERT INTO `permissions` VALUES (1,'User','view_user','View User','View User','Admin','2019-11-06 07:12:11','2019-11-06 07:12:11'),(2,'User','add_user','Add User','Add User','Admin','2019-11-06 07:12:11','2019-11-06 07:12:11'),(3,'User','edit_user','Edit User','Edit User','Admin','2019-11-06 07:12:11','2019-11-06 07:12:11'),(4,'User','delete_user','Delete User','Delete User','Admin','2019-11-06 07:12:11','2019-11-06 07:12:11'),(5,'Transaction','view_transaction','View Transaction','View Transaction','Admin','2019-11-06 07:12:11','2019-11-06 07:12:11'),(6,'Transaction','add_transaction',NULL,NULL,'Admin','2019-11-06 07:12:11','2019-11-06 07:12:11'),(7,'Transaction','edit_transaction','Edit Transaction','Edit Transaction','Admin','2019-11-06 07:12:11','2019-11-06 07:12:11'),(8,'Transaction','delete_transaction',NULL,NULL,'Admin','2019-11-06 07:12:11','2019-11-06 07:12:11'),(9,'Deposit','view_deposit','View Deposit','View Deposit','Admin','2019-11-06 07:12:11','2019-11-06 07:12:11'),(10,'Deposit','add_deposit',NULL,NULL,'Admin','2019-11-06 07:12:11','2019-11-06 07:12:11'),(11,'Deposit','edit_deposit','Edit Deposit','Edit Deposit','Admin','2019-11-06 07:12:11','2019-11-06 07:12:11'),(12,'Deposit','delete_deposit',NULL,NULL,'Admin','2019-11-06 07:12:11','2019-11-06 07:12:11'),(13,'Withdrawal','view_withdrawal','View Withdrawal','View Withdrawal','Admin','2019-11-06 07:12:11','2019-11-06 07:12:11'),(14,'Withdrawal','add_withdrawal',NULL,NULL,'Admin','2019-11-06 07:12:11','2019-11-06 07:12:11'),(15,'Withdrawal','edit_withdrawal','Edit Withdrawal','Edit Withdrawal','Admin','2019-11-06 07:12:11','2019-11-06 07:12:11'),(16,'Withdrawal','delete_withdrawal',NULL,NULL,'Admin','2019-11-06 07:12:11','2019-11-06 07:12:11'),(17,'Transfer','view_transfer','View Transfer','View Transfer','Admin','2019-11-06 07:12:11','2019-11-06 07:12:11'),(18,'Transfer','add_transfer',NULL,NULL,'Admin','2019-11-06 07:12:11','2019-11-06 07:12:11'),(19,'Transfer','edit_transfer','Edit Transfer','Edit Transfer','Admin','2019-11-06 07:12:11','2019-11-06 07:12:11'),(20,'Transfer','delete_transfer',NULL,NULL,'Admin','2019-11-06 07:12:11','2019-11-06 07:12:11'),(21,'Exchange','view_exchange','View Exchange','View Exchange','Admin','2019-11-06 07:12:11','2019-11-06 07:12:11'),(22,'Exchange','add_exchange',NULL,NULL,'Admin','2019-11-06 07:12:11','2019-11-06 07:12:11'),(23,'Exchange','edit_exchange','Edit Exchange','Edit Exchange','Admin','2019-11-06 07:12:11','2019-11-06 07:12:11'),(24,'Exchange','delete_exchange',NULL,NULL,'Admin','2019-11-06 07:12:11','2019-11-06 07:12:11'),(29,'Request Payment','view_request_payment','View Request Payment','View Request Payment','Admin','2019-11-06 07:12:11','2019-11-06 07:12:11'),(30,'Request Payment','add_request_payment',NULL,NULL,'Admin','2019-11-06 07:12:11','2019-11-06 07:12:11'),(31,'Request Payment','edit_request_payment','Edit Request Payment','Edit Request Payment','Admin','2019-11-06 07:12:11','2019-11-06 07:12:11'),(32,'Request Payment','delete_request_payment',NULL,NULL,'Admin','2019-11-06 07:12:11','2019-11-06 07:12:11'),(33,'Revenue','view_revenue','View Revenue','View Revenue','Admin','2019-11-06 07:12:11','2019-11-06 07:12:11'),(34,'Revenue','add_revenue',NULL,NULL,'Admin','2019-11-06 07:12:11','2019-11-06 07:12:11'),(35,'Revenue','edit_revenue',NULL,NULL,'Admin','2019-11-06 07:12:11','2019-11-06 07:12:11'),(36,'Revenue','delete_revenue',NULL,NULL,'Admin','2019-11-06 07:12:11','2019-11-06 07:12:11'),(37,'Email Template','view_email_template','View Email Template','View Email Template','Admin','2019-11-06 07:12:11','2019-11-06 07:12:11'),(38,'Email Template','add_email_template',NULL,NULL,'Admin','2019-11-06 07:12:11','2019-11-06 07:12:11'),(39,'Email Template','edit_email_template','Edit Email Template','Edit Email Template','Admin','2019-11-06 07:12:11','2019-11-06 07:12:11'),(40,'Email Template','delete_email_template',NULL,NULL,'Admin','2019-11-06 07:12:11','2019-11-06 07:12:11'),(41,'Activity Log','view_activity_log','View Activity Log','View Activity Log','Admin','2019-11-06 07:12:11','2019-11-06 07:12:11'),(42,'Activity Log','add_activity_log',NULL,NULL,'Admin','2019-11-06 07:12:11','2019-11-06 07:12:11'),(43,'Activity Log','edit_activity_log',NULL,NULL,'Admin','2019-11-06 07:12:11','2019-11-06 07:12:11'),(44,'Activity Log','delete_activity_log',NULL,NULL,'Admin','2019-11-06 07:12:11','2019-11-06 07:12:11'),(45,'General Setting','view_general_setting',NULL,NULL,'Admin','2019-11-06 07:12:11','2019-11-06 07:12:11'),(46,'General Setting','add_general_setting',NULL,NULL,'Admin','2019-11-06 07:12:11','2019-11-06 07:12:11'),(47,'General Setting','edit_general_setting','Edit General Setting','Edit General Setting','Admin','2019-11-06 07:12:11','2019-11-06 07:12:11'),(48,'General Setting','delete_general_setting',NULL,NULL,'Admin','2019-11-06 07:12:11','2019-11-06 07:12:11'),(49,'Social Links','view_social_links','View Social Links','View Social Links','Admin','2019-11-06 07:12:11','2019-11-06 07:12:11'),(50,'Social Links','add_social_links',NULL,NULL,'Admin','2019-11-06 07:12:11','2019-11-06 07:12:11'),(51,'Social Links','edit_social_links','Edit Social Links','Edit Social Links','Admin','2019-11-06 07:12:11','2019-11-06 07:12:11'),(52,'Social Links','delete_social_links',NULL,NULL,'Admin','2019-11-06 07:12:11','2019-11-06 07:12:11'),(53,'API Credentials','view_api_credentials','View API Credentials','View API Credentials','Admin','2019-11-06 07:12:11','2019-11-06 07:12:11'),(54,'API Credentials','add_api_credentials',NULL,NULL,'Admin','2019-11-06 07:12:11','2019-11-06 07:12:11'),(55,'API Credentials','edit_api_credentials','Edit API Credentials','Edit API Credentials','Admin','2019-11-06 07:12:11','2019-11-06 07:12:11'),(56,'API Credentials','delete_api_credentials',NULL,NULL,'Admin','2019-11-06 07:12:11','2019-11-06 07:12:11'),(57,'Payment Methods','view_payment_methods','View Payment Methods','View Payment Methods','Admin','2019-11-06 07:12:11','2019-11-06 07:12:11'),(58,'Payment Methods','add_payment_methods',NULL,NULL,'Admin','2019-11-06 07:12:11','2019-11-06 07:12:11'),(59,'Payment Methods','edit_payment_methods','Edit Payment Methods','Edit Payment Methods','Admin','2019-11-06 07:12:11','2019-11-06 07:12:11'),(60,'Payment Methods','delete_payment_methods',NULL,NULL,'Admin','2019-11-06 07:12:11','2019-11-06 07:12:11'),(61,'Email Setting','view_email_setting','View Email Setting','View Email Setting','Admin','2019-11-06 07:12:11','2019-11-06 07:12:11'),(62,'Email Setting','add_email_setting',NULL,NULL,'Admin','2019-11-06 07:12:11','2019-11-06 07:12:11'),(63,'Email Setting','edit_email_setting','Edit Email Setting','Edit Email Setting','Admin','2019-11-06 07:12:11','2019-11-06 07:12:11'),(64,'Email Setting','delete_email_setting',NULL,NULL,'Admin','2019-11-06 07:12:11','2019-11-06 07:12:11'),(65,'Currency','view_currency','View Currency','View Currency','Admin','2019-11-06 07:12:11','2019-11-06 07:12:11'),(66,'Currency','add_currency','Add Currency','Add Currency','Admin','2019-11-06 07:12:11','2019-11-06 07:12:11'),(67,'Currency','edit_currency','Edit Currency','Edit Currency','Admin','2019-11-06 07:12:11','2019-11-06 07:12:11'),(68,'Currency','delete_currency','Delete Currency','Delete Currency','Admin','2019-11-06 07:12:11','2019-11-06 07:12:11'),(69,'Country','view_country','View Country','View Country','Admin','2019-11-06 07:12:11','2019-11-06 07:12:11'),(70,'Country','add_country','Add Country','Add Country','Admin','2019-11-06 07:12:11','2019-11-06 07:12:11'),(71,'Country','edit_country','Edit Country','Edit Country','Admin','2019-11-06 07:12:11','2019-11-06 07:12:11'),(72,'Country','delete_country','Delete Country','Delete Country','Admin','2019-11-06 07:12:11','2019-11-06 07:12:11'),(73,'Language','view_language','View Language','View Language','Admin','2019-11-06 07:12:11','2019-11-06 07:12:11'),(74,'Language','add_language','Add Language','Add Language','Admin','2019-11-06 07:12:11','2019-11-06 07:12:11'),(75,'Language','edit_language','Edit Language','Edit Language','Admin','2019-11-06 07:12:11','2019-11-06 07:12:11'),(76,'Language','delete_language','Delete Language','Delete Language','Admin','2019-11-06 07:12:11','2019-11-06 07:12:11'),(77,'Role','view_role','View Role','View Role','Admin','2019-11-06 07:12:11','2019-11-06 07:12:11'),(78,'Role','add_role','Add Role','Add Role','Admin','2019-11-06 07:12:11','2019-11-06 07:12:11'),(79,'Role','edit_role','Edit Role','Edit Role','Admin','2019-11-06 07:12:11','2019-11-06 07:12:11'),(80,'Role','delete_role','Delete Role','Delete Role','Admin','2019-11-06 07:12:11','2019-11-06 07:12:11'),(85,'Database Backup','view_database_backup','View Database Backup','View Database Backup','Admin','2019-11-06 07:12:11','2019-11-06 07:12:11'),(86,'Database Backup','add_database_backup','Add Database Backup','Add Database Backup','Admin','2019-11-06 07:12:11','2019-11-06 07:12:11'),(87,'Database Backup','edit_database_backup','Edit Database Backup','Edit Database Backup','Admin','2019-11-06 07:12:11','2019-11-06 07:12:11'),(88,'Database Backup','delete_database_backup',NULL,NULL,'Admin','2019-11-06 07:12:11','2019-11-06 07:12:11'),(89,'Meta','view_meta','View Meta','View Meta','Admin','2019-11-06 07:12:11','2019-11-06 07:12:11'),(90,'Meta','add_meta',NULL,NULL,'Admin','2019-11-06 07:12:11','2019-11-06 07:12:11'),(91,'Meta','edit_meta','Edit Meta','Edit Meta','Admin','2019-11-06 07:12:11','2019-11-06 07:12:11'),(92,'Meta','delete_meta',NULL,NULL,'Admin','2019-11-06 07:12:11','2019-11-06 07:12:11'),(93,'Page','view_page','View Page','View Page','Admin','2019-11-06 07:12:11','2019-11-06 07:12:11'),(94,'Page','add_page','Add Page','Add Page','Admin','2019-11-06 07:12:11','2019-11-06 07:12:11'),(95,'Page','edit_page','Edit Page','Edit Page','Admin','2019-11-06 07:12:11','2019-11-06 07:12:11'),(96,'Page','delete_page','Delete Page','Delete Page','Admin','2019-11-06 07:12:11','2019-11-06 07:12:11'),(97,'Preference','view_preference','View Preference','View Preference','Admin','2019-11-06 07:12:11','2019-11-06 07:12:11'),(98,'Preference','add_preference',NULL,NULL,'Admin','2019-11-06 07:12:11','2019-11-06 07:12:11'),(99,'Preference','edit_preference','Edit Preference','Edit Preference','Admin','2019-11-06 07:12:11','2019-11-06 07:12:11'),(100,'Preference','delete_preference',NULL,NULL,'Admin','2019-11-06 07:12:11','2019-11-06 07:12:11'),(101,'Merchant','view_merchant','View Merchant','View Merchant','Admin','2019-11-06 07:12:11','2019-11-06 07:12:11'),(102,'Merchant','add_merchant',NULL,NULL,'Admin','2019-11-06 07:12:11','2019-11-06 07:12:11'),(103,'Merchant','edit_merchant','Edit Merchant','Edit Merchant','Admin','2019-11-06 07:12:11','2019-11-06 07:12:11'),(104,'Merchant','delete_merchant',NULL,NULL,'Admin','2019-11-06 07:12:11','2019-11-06 07:12:11'),(105,'Merchant Payment','view_merchant_payment','View Merchant Payment','View Merchant Payment','Admin','2019-11-06 07:12:11','2019-11-06 07:12:11'),(106,'Merchant Payment','add_merchant_payment',NULL,NULL,'Admin','2019-11-06 07:12:11','2019-11-06 07:12:11'),(107,'Merchant Payment','edit_merchant_payment','Edit Merchant Payment','Edit Merchant Payment','Admin','2019-11-06 07:12:11','2019-11-06 07:12:11'),(108,'Merchant Payment','delete_merchant_payment',NULL,NULL,'Admin','2019-11-06 07:12:11','2019-11-06 07:12:11'),(109,'Transaction','manage_transaction','Manage Transaction','Manage Transaction','User','2019-11-06 07:12:11','2019-11-06 07:12:11'),(110,'Deposit','manage_deposit','Manage Deposit','Manage Deposit','User','2019-11-06 07:12:11','2019-11-06 07:12:11'),(111,'Withdrawal','manage_withdrawal','Manage Withdrawal','Manage Withdrawal','User','2019-11-06 07:12:11','2019-11-06 07:12:11'),(112,'Transfer','manage_transfer','Manage Transfer','Manage Transfer','User','2019-11-06 07:12:11','2019-11-06 07:12:11'),(113,'Exchange','manage_exchange','Manage Exchange','Manage Exchange','User','2019-11-06 07:12:11','2019-11-06 07:12:11'),(115,'Request Payment','manage_request_payment','Manage Request Payment','Manage Request Payment','User','2019-11-06 07:12:11','2019-11-06 07:12:11'),(116,'Merchant','manage_merchant','Manage Merchant','Manage Merchant','User','2019-11-06 07:12:11','2019-11-06 07:12:11'),(117,'Merchant Payment','manage_merchant_payment','Manage Merchant Payment','Manage Merchant Payment','User','2019-11-06 07:12:11','2019-11-06 07:12:11'),(118,'User Group','view_group','View User Group','View User Group','Admin','2019-11-06 07:12:11','2019-11-06 07:12:11'),(119,'User Group','add_group','Add User Group','Add User Group','Admin','2019-11-06 07:12:11','2019-11-06 07:12:11'),(120,'User Group','edit_group','Edit User Group','Edit User Group','Admin','2019-11-06 07:12:11','2019-11-06 07:12:11'),(121,'User Group','delete_group','Delete User Group','Delete User Group','Admin','2019-11-06 07:12:11','2019-11-06 07:12:11'),(122,'Admins','view_admins','View Admins','View Admins','Admin','2019-11-06 07:12:11','2019-11-06 07:12:11'),(123,'Admins','add_admin','Add Admin','Add Admin','Admin','2019-11-06 07:12:11','2019-11-06 07:12:11'),(124,'Admins','edit_admin','Edit Admin','Edit Admin','Admin','2019-11-06 07:12:11','2019-11-06 07:12:11'),(125,'Admins','delete_admin','Delete Admin','Delete Admin','Admin','2019-11-06 07:12:11','2019-11-06 07:12:11'),(126,'Disputes','view_disputes','View Disputes','View Disputes','Admin','2019-11-06 07:12:11','2019-11-06 07:12:11'),(127,'Disputes','add_dispute',NULL,NULL,'Admin','2019-11-06 07:12:11','2019-11-06 07:12:11'),(128,'Disputes','edit_dispute','Edit Dispute','Edit Dispute','Admin','2019-11-06 07:12:11','2019-11-06 07:12:11'),(129,'Disputes','delete_dispute',NULL,NULL,'Admin','2019-11-06 07:12:11','2019-11-06 07:12:11'),(130,'Tickets','view_tickets','View Tickets','View Tickets','Admin','2019-11-06 07:12:11','2019-11-06 07:12:11'),(131,'Tickets','add_ticket','Add Ticket','Add Ticket','Admin','2019-11-06 07:12:11','2019-11-06 07:12:11'),(132,'Tickets','edit_ticket','Edit Ticket','Edit Ticket','Admin','2019-11-06 07:12:11','2019-11-06 07:12:11'),(133,'Tickets','delete_ticket','Delete Ticket','Delete Ticket','Admin','2019-11-06 07:12:11','2019-11-06 07:12:11'),(134,'Dispute','manage_dispute','Manage Dispute','Manage Dispute','User','2019-11-06 07:12:11','2019-11-06 07:12:11'),(135,'Ticket','manage_ticket','Manage Ticket','Manage Ticket','User','2019-11-06 07:12:11','2019-11-06 07:12:11'),(136,'Settings','manage_setting','Manage Settings','Manage Settings','User','2019-11-06 07:12:11','2019-11-06 07:12:11'),(137,'AppStore Credentials','view_appstore_credentials','View AppStore Credentials','View AppStore Credentials','Admin','2019-11-06 07:12:11','2019-11-06 07:12:11'),(138,'AppStore Credentials','add_appstore_credentials',NULL,NULL,'Admin','2019-11-06 07:12:11','2019-11-06 07:12:11'),(139,'AppStore Credentials','edit_appstore_credentials','Edit AppStore Credentials','Edit AppStore Credentials','Admin','2019-11-06 07:12:11','2019-11-06 07:12:11'),(140,'AppStore Credentials','delete_appstore_credentials',NULL,NULL,'Admin','2019-11-06 07:12:11','2019-11-06 07:12:11'),(145,'Merchant Groups','view_merchant_group','View Merchant Group','View Merchant Group','Admin','2019-11-06 07:12:11','2019-11-06 07:12:11'),(146,'Merchant Groups','add_merchant_group','Add Merchant Group','Add Merchant Group','Admin','2019-11-06 07:12:11','2019-11-06 07:12:11'),(147,'Merchant Groups','edit_merchant_group','Edit Merchant Group','Edit Merchant Group','Admin','2019-11-06 07:12:11','2019-11-06 07:12:11'),(148,'Merchant Groups','delete_merchant_group','Delete Merchant Group','Delete Merchant Group','Admin','2019-11-06 07:12:11','2019-11-06 07:12:11'),(149,'SMS Setting','view_sms_setting','View SMS Setting','View SMS Setting','Admin','2019-11-06 07:12:11','2019-11-06 07:12:11'),(150,'SMS Setting','add_sms_setting',NULL,NULL,'Admin','2019-11-06 07:12:11','2019-11-06 07:12:11'),(151,'SMS Setting','edit_sms_setting','Edit SMS Setting','Edit SMS Setting','Admin','2019-11-06 07:12:11','2019-11-06 07:12:11'),(152,'SMS Setting','delete_sms_setting',NULL,NULL,'Admin','2019-11-06 07:12:11','2019-11-06 07:12:11'),(153,'Sms Template','view_sms_template','View Sms Template','View Sms Template','Admin','2019-11-06 07:12:11','2019-11-06 07:12:11'),(154,'Sms Template','add_sms_template',NULL,NULL,'Admin','2019-11-06 07:12:11','2019-11-06 07:12:11'),(155,'Sms Template','edit_sms_template','Edit Sms Template','Edit Sms Template','Admin','2019-11-06 07:12:11','2019-11-06 07:12:11'),(156,'Sms Template','delete_sms_template',NULL,NULL,'Admin','2019-11-06 07:12:11','2019-11-06 07:12:11'),(157,'Identity Verificattion','view_identity_verfication','View Identity Verificattion','View Identity Verificattion','Admin','2019-11-06 07:12:11','2019-11-06 07:12:11'),(158,'Identity Verificattion','add_identity_verfication',NULL,NULL,'Admin','2019-11-06 07:12:11','2019-11-06 07:12:11'),(159,'Identity Verificattion','edit_identity_verfication','Edit Identity Verificattion','Edit Identity Verificattion','Admin','2019-11-06 07:12:11','2019-11-06 07:12:11'),(160,'Identity Verificattion','delete_identity_verfication',NULL,NULL,'Admin','2019-11-06 07:12:11','2019-11-06 07:12:11'),(161,'Address Verificattion','view_address_verfication','View Address Verificattion','View Address Verificattion','Admin','2019-11-06 07:12:11','2019-11-06 07:12:11'),(162,'Address Verificattion','add_address_verfication',NULL,NULL,'Admin','2019-11-06 07:12:11','2019-11-06 07:12:11'),(163,'Address Verificattion','edit_address_verfication','Edit Address Verificattion','Edit Address Verificattion','Admin','2019-11-06 07:12:11','2019-11-06 07:12:11'),(164,'Address Verificattion','delete_address_verfication',NULL,NULL,'Admin','2019-11-06 07:12:11','2019-11-06 07:12:11'),(165,'Enable WooCommerce','view_enable_woocommerce','View Enable WooCommerce','View Enable WooCommerce','Admin','2019-11-06 07:12:11','2019-11-06 07:12:11'),(166,'Enable WooCommerce','add_enable_woocommerce',NULL,NULL,'Admin','2019-11-06 07:12:11','2019-11-06 07:12:11'),(167,'Enable WooCommerce','edit_enable_woocommerce','Edit Enable WooCommerce','Edit Enable WooCommerce','Admin','2019-11-06 07:12:11','2019-11-06 07:12:11'),(168,'Enable WooCommerce','delete_enable_woocommerce',NULL,NULL,'Admin','2019-11-06 07:12:11','2019-11-06 07:12:11');
/*!40000 ALTER TABLE `permissions` ENABLE KEYS */;
UNLOCK TABLES;

--
-- Table structure for table `preferences`
--

DROP TABLE IF EXISTS `preferences`;
/*!40101 SET @saved_cs_client     = @@character_set_client */;
/*!40101 SET character_set_client = utf8 */;
CREATE TABLE `preferences` (
  `id` int(10) unsigned NOT NULL AUTO_INCREMENT,
  `category` varchar(191) NOT NULL,
  `field` varchar(30) NOT NULL,
  `value` varchar(50) NOT NULL,
  PRIMARY KEY (`id`)
) ENGINE=InnoDB AUTO_INCREMENT=21 DEFAULT CHARSET=utf8;
/*!40101 SET character_set_client = @saved_cs_client */;

--
-- Dumping data for table `preferences`
--

LOCK TABLES `preferences` WRITE;
/*!40000 ALTER TABLE `preferences` DISABLE KEYS */;
INSERT INTO `preferences` VALUES (1,'preference','row_per_page','50'),(2,'preference','date_format','1'),(3,'preference','date_sepa','-'),(4,'preference','soft_name','Pay Money'),(5,'company','site_short_name','PM'),(6,'preference','percentage','2'),(7,'preference','quantity','0'),(8,'preference','date_format_type','mm-dd-yyyy'),(9,'company','company_name','Pay Money'),(10,'company','company_email','admin@techvill.net'),(11,'company','dflt_lang','en'),(12,'preference','default_money_format','&nbsp;&#36;'),(13,'preference','money_format','before'),(14,'preference','decimal_format_amount','2'),(15,'preference','thousand_separator',','),(16,'preference','dflt_timezone','Asia/Dhaka'),(17,'preference','verification_mail','Disabled'),(18,'preference','phone_verification','Disabled'),(19,'preference','two_step_verification','disabled'),(20,'preference','processed_by','email');
/*!40000 ALTER TABLE `preferences` ENABLE KEYS */;
UNLOCK TABLES;

--
-- Table structure for table `qr_codes`
--

DROP TABLE IF EXISTS `qr_codes`;
/*!40101 SET @saved_cs_client     = @@character_set_client */;
/*!40101 SET character_set_client = utf8 */;
CREATE TABLE `qr_codes` (
  `id` int(10) unsigned NOT NULL AUTO_INCREMENT,
  `user_id` int(10) unsigned DEFAULT NULL,
  `type` enum('user','merchant') NOT NULL,
  `qr_code` varchar(16) DEFAULT NULL,
  `status` enum('Active','Inactive') NOT NULL,
  `created_at` timestamp NULL DEFAULT NULL,
  `updated_at` timestamp NULL DEFAULT NULL,
  PRIMARY KEY (`id`),
  KEY `qr_codes_user_id_index` (`user_id`),
  CONSTRAINT `qr_codes_user_id_foreign` FOREIGN KEY (`user_id`) REFERENCES `users` (`id`) ON DELETE CASCADE ON UPDATE CASCADE
) ENGINE=InnoDB DEFAULT CHARSET=utf8;
/*!40101 SET character_set_client = @saved_cs_client */;

--
-- Dumping data for table `qr_codes`
--

LOCK TABLES `qr_codes` WRITE;
/*!40000 ALTER TABLE `qr_codes` DISABLE KEYS */;
/*!40000 ALTER TABLE `qr_codes` ENABLE KEYS */;
UNLOCK TABLES;

--
-- Table structure for table `reasons`
--

DROP TABLE IF EXISTS `reasons`;
/*!40101 SET @saved_cs_client     = @@character_set_client */;
/*!40101 SET character_set_client = utf8 */;
CREATE TABLE `reasons` (
  `id` int(10) unsigned NOT NULL AUTO_INCREMENT,
  `title` varchar(100) DEFAULT NULL,
  PRIMARY KEY (`id`)
) ENGINE=InnoDB AUTO_INCREMENT=3 DEFAULT CHARSET=utf8;
/*!40101 SET character_set_client = @saved_cs_client */;

--
-- Dumping data for table `reasons`
--

LOCK TABLES `reasons` WRITE;
/*!40000 ALTER TABLE `reasons` DISABLE KEYS */;
INSERT INTO `reasons` VALUES (1,'I have not received product'),(2,'Description does not match with product');
/*!40000 ALTER TABLE `reasons` ENABLE KEYS */;
UNLOCK TABLES;

--
-- Table structure for table `request_payments`
--

DROP TABLE IF EXISTS `request_payments`;
/*!40101 SET @saved_cs_client     = @@character_set_client */;
/*!40101 SET character_set_client = utf8 */;
CREATE TABLE `request_payments` (
  `id` int(10) unsigned NOT NULL AUTO_INCREMENT,
  `user_id` int(10) unsigned DEFAULT NULL,
  `receiver_id` int(10) unsigned DEFAULT NULL,
  `currency_id` int(10) unsigned DEFAULT NULL,
  `uuid` varchar(13) DEFAULT NULL COMMENT 'Unique ID (For Each Payment Request)',
  `amount` decimal(20,8) DEFAULT '0.00000000',
  `accept_amount` decimal(20,8) DEFAULT '0.00000000',
  `email` varchar(191) DEFAULT NULL,
  `phone` varchar(20) DEFAULT NULL,
  `purpose` varchar(191) DEFAULT NULL,
  `note` text,
  `status` enum('Pending','Success','Refund','Blocked') NOT NULL,
  `created_at` timestamp NULL DEFAULT NULL,
  `updated_at` timestamp NULL DEFAULT NULL,
  PRIMARY KEY (`id`),
  KEY `request_payments_user_id_index` (`user_id`),
  KEY `request_payments_receiver_id_index` (`receiver_id`),
  KEY `request_payments_currency_id_index` (`currency_id`),
  CONSTRAINT `request_payments_currency_id_foreign` FOREIGN KEY (`currency_id`) REFERENCES `currencies` (`id`) ON DELETE CASCADE ON UPDATE CASCADE,
  CONSTRAINT `request_payments_receiver_id_foreign` FOREIGN KEY (`receiver_id`) REFERENCES `users` (`id`) ON DELETE CASCADE ON UPDATE CASCADE,
  CONSTRAINT `request_payments_user_id_foreign` FOREIGN KEY (`user_id`) REFERENCES `users` (`id`) ON DELETE CASCADE ON UPDATE CASCADE
) ENGINE=InnoDB DEFAULT CHARSET=utf8;
/*!40101 SET character_set_client = @saved_cs_client */;

--
-- Dumping data for table `request_payments`
--

LOCK TABLES `request_payments` WRITE;
/*!40000 ALTER TABLE `request_payments` DISABLE KEYS */;
/*!40000 ALTER TABLE `request_payments` ENABLE KEYS */;
UNLOCK TABLES;

--
-- Table structure for table `role_user`
--

DROP TABLE IF EXISTS `role_user`;
/*!40101 SET @saved_cs_client     = @@character_set_client */;
/*!40101 SET character_set_client = utf8 */;
CREATE TABLE `role_user` (
  `user_id` int(11) NOT NULL,
  `role_id` int(10) unsigned NOT NULL,
  `user_type` enum('Admin','User') NOT NULL,
  PRIMARY KEY (`user_id`,`role_id`),
  KEY `role_user_role_id_foreign` (`role_id`),
  KEY `role_user_user_id_index` (`user_id`),
  CONSTRAINT `role_user_role_id_foreign` FOREIGN KEY (`role_id`) REFERENCES `roles` (`id`) ON DELETE CASCADE ON UPDATE CASCADE
) ENGINE=InnoDB DEFAULT CHARSET=utf8;
/*!40101 SET character_set_client = @saved_cs_client */;

--
-- Dumping data for table `role_user`
--

LOCK TABLES `role_user` WRITE;
/*!40000 ALTER TABLE `role_user` DISABLE KEYS */;
INSERT INTO `role_user` VALUES (1,1,'Admin'),(1,2,'User'),(2,2,'User'),(3,2,'User'),(4,2,'User'),(5,2,'User'),(6,2,'User'),(7,2,'User'),(8,2,'User'),(10,3,'User'),(11,3,'User'),(12,3,'User');
/*!40000 ALTER TABLE `role_user` ENABLE KEYS */;
UNLOCK TABLES;

--
-- Table structure for table `roles`
--

DROP TABLE IF EXISTS `roles`;
/*!40101 SET @saved_cs_client     = @@character_set_client */;
/*!40101 SET character_set_client = utf8 */;
CREATE TABLE `roles` (
  `id` int(10) unsigned NOT NULL AUTO_INCREMENT,
  `name` varchar(191) NOT NULL,
  `display_name` varchar(191) DEFAULT NULL,
  `description` varchar(191) DEFAULT NULL,
  `user_type` enum('Admin','User') NOT NULL,
  `customer_type` enum('user','merchant') NOT NULL,
  `is_default` enum('No','Yes') NOT NULL DEFAULT 'No',
  `created_at` timestamp NULL DEFAULT NULL,
  `updated_at` timestamp NULL DEFAULT NULL,
  PRIMARY KEY (`id`)
) ENGINE=InnoDB AUTO_INCREMENT=4 DEFAULT CHARSET=utf8;
/*!40101 SET character_set_client = @saved_cs_client */;

--
-- Dumping data for table `roles`
--

LOCK TABLES `roles` WRITE;
/*!40000 ALTER TABLE `roles` DISABLE KEYS */;
INSERT INTO `roles` VALUES (1,'Admin','Admin','Admin','Admin','user','No',NULL,NULL),(2,'Default User','Default User','Default User','User','user','Yes',NULL,NULL),(3,'Merchant Regular','Merchant Regular','Merchant Regular','User','merchant','No',NULL,NULL);
/*!40000 ALTER TABLE `roles` ENABLE KEYS */;
UNLOCK TABLES;

--
-- Table structure for table `settings`
--

DROP TABLE IF EXISTS `settings`;
/*!40101 SET @saved_cs_client     = @@character_set_client */;
/*!40101 SET character_set_client = utf8 */;
CREATE TABLE `settings` (
  `id` int(10) unsigned NOT NULL AUTO_INCREMENT,
  `name` varchar(100) NOT NULL,
  `value` text,
  `type` varchar(50) NOT NULL,
  PRIMARY KEY (`id`)
) ENGINE=InnoDB AUTO_INCREMENT=39 DEFAULT CHARSET=utf8;
/*!40101 SET character_set_client = @saved_cs_client */;

--
-- Dumping data for table `settings`
--

LOCK TABLES `settings` WRITE;
/*!40000 ALTER TABLE `settings` DISABLE KEYS */;
INSERT INTO `settings` VALUES (1,'name','MegaPay','general'),(2,'logo','1573259471_logo.png','general'),(3,'favicon','1573328323_favicon.ico','general'),(4,'head_code','','general'),(5,'default_currency','1','general'),(6,'default_language','1','general'),(7,'client_id','id','PayPal'),(8,'client_secret','secrect','PayPal'),(9,'signature','sign','PayPal'),(10,'mode','sandbox','PayPal'),(11,'publishable','','Stripe'),(12,'secret','','Stripe'),(13,'driver','sendmail','email'),(14,'host','','email'),(15,'port','587','email'),(16,'from_address','','email'),(17,'from_name','','email'),(18,'encryption','tls','email'),(19,'username','','email'),(20,'password','','email'),(21,'site_key','','recaptcha'),(22,'secret_key','','recaptcha'),(23,'seller_id','','2Checkout'),(24,'mode','','2Checkout'),(25,'mode','','PayUmoney'),(26,'key','','PayUmoney'),(27,'salt','','PayUmoney'),(28,'merchant_id','','Coinpayments'),(29,'private_key','','Coinpayments'),(30,'public_key','','Coinpayments'),(31,'default_timezone','Asia/Dhaka','general'),(32,'has_captcha','Disabled','general'),(33,'Key','','Nexmo'),(34,'Secret','','Nexmo'),(35,'is_nexmo_default','No','Nexmo'),(36,'nexmo_status','Inactive','Nexmo'),(37,'default_nexmo_phone_number','','Nexmo'),(38,'login_via','email_only','general');
/*!40000 ALTER TABLE `settings` ENABLE KEYS */;
UNLOCK TABLES;

--
-- Table structure for table `socials`
--

DROP TABLE IF EXISTS `socials`;
/*!40101 SET @saved_cs_client     = @@character_set_client */;
/*!40101 SET character_set_client = utf8 */;
CREATE TABLE `socials` (
  `id` int(10) unsigned NOT NULL AUTO_INCREMENT,
  `name` varchar(20) NOT NULL,
  `icon` varchar(100) NOT NULL,
  `url` varchar(255) NOT NULL,
  PRIMARY KEY (`id`)
) ENGINE=InnoDB AUTO_INCREMENT=8 DEFAULT CHARSET=utf8;
/*!40101 SET character_set_client = @saved_cs_client */;

--
-- Dumping data for table `socials`
--

LOCK TABLES `socials` WRITE;
/*!40000 ALTER TABLE `socials` DISABLE KEYS */;
INSERT INTO `socials` VALUES (1,'facebook','<i class=\"ti-facebook\" aria-hidden=\"true\"></i>','#'),(2,'google_plus','<i class=\"ti-google plus\" aria-hidden=\"true\"></i>','#'),(3,'twitter','<i class=\"ti-twitter\" aria-hidden=\"true\"></i>','#'),(4,'linkedin','<i class=\"ti-linkedin\" aria-hidden=\"true\"></i>','#'),(5,'pinterest','<i class=\"ti-pinterest\" aria-hidden=\"true\"></i>','#'),(6,'youtube','<i class=\"ti-youtube\" aria-hidden=\"true\"></i>','#'),(7,'instagram','<i class=\"ti-instagram\" aria-hidden=\"true\"></i>','#');
/*!40000 ALTER TABLE `socials` ENABLE KEYS */;
UNLOCK TABLES;

--
-- Table structure for table `ticket_replies`
--

DROP TABLE IF EXISTS `ticket_replies`;
/*!40101 SET @saved_cs_client     = @@character_set_client */;
/*!40101 SET character_set_client = utf8 */;
CREATE TABLE `ticket_replies` (
  `id` int(10) unsigned NOT NULL AUTO_INCREMENT,
  `admin_id` int(10) unsigned DEFAULT NULL,
  `user_id` int(10) unsigned DEFAULT NULL,
  `ticket_id` int(10) unsigned DEFAULT NULL,
  `message` longtext,
  `user_type` enum('admin','user') NOT NULL,
  `created_at` timestamp NOT NULL DEFAULT CURRENT_TIMESTAMP,
  PRIMARY KEY (`id`),
  KEY `ticket_replies_admin_id_index` (`admin_id`),
  KEY `ticket_replies_user_id_index` (`user_id`),
  KEY `ticket_replies_ticket_id_index` (`ticket_id`),
  CONSTRAINT `ticket_replies_admin_id_foreign` FOREIGN KEY (`admin_id`) REFERENCES `admins` (`id`) ON DELETE CASCADE ON UPDATE CASCADE,
  CONSTRAINT `ticket_replies_ticket_id_foreign` FOREIGN KEY (`ticket_id`) REFERENCES `tickets` (`id`) ON DELETE CASCADE ON UPDATE CASCADE,
  CONSTRAINT `ticket_replies_user_id_foreign` FOREIGN KEY (`user_id`) REFERENCES `users` (`id`) ON DELETE CASCADE ON UPDATE CASCADE
) ENGINE=InnoDB AUTO_INCREMENT=2 DEFAULT CHARSET=utf8;
/*!40101 SET character_set_client = @saved_cs_client */;

--
-- Dumping data for table `ticket_replies`
--

LOCK TABLES `ticket_replies` WRITE;
/*!40000 ALTER TABLE `ticket_replies` DISABLE KEYS */;
INSERT INTO `ticket_replies` VALUES (1,1,4,1,'nice','user','2019-11-23 17:02:18');
/*!40000 ALTER TABLE `ticket_replies` ENABLE KEYS */;
UNLOCK TABLES;

--
-- Table structure for table `ticket_statuses`
--

DROP TABLE IF EXISTS `ticket_statuses`;
/*!40101 SET @saved_cs_client     = @@character_set_client */;
/*!40101 SET character_set_client = utf8 */;
CREATE TABLE `ticket_statuses` (
  `id` int(10) unsigned NOT NULL AUTO_INCREMENT,
  `name` varchar(191) DEFAULT NULL,
  `color` varchar(7) DEFAULT NULL,
  `is_default` tinyint(1) NOT NULL,
  PRIMARY KEY (`id`)
) ENGINE=InnoDB AUTO_INCREMENT=5 DEFAULT CHARSET=utf8;
/*!40101 SET character_set_client = @saved_cs_client */;

--
-- Dumping data for table `ticket_statuses`
--

LOCK TABLES `ticket_statuses` WRITE;
/*!40000 ALTER TABLE `ticket_statuses` DISABLE KEYS */;
INSERT INTO `ticket_statuses` VALUES (1,'Open','00a65a',0),(2,'In Progress','3c8dbc',1),(3,'Hold','f39c12',0),(4,'Closed','dd4b39',0);
/*!40000 ALTER TABLE `ticket_statuses` ENABLE KEYS */;
UNLOCK TABLES;

--
-- Table structure for table `tickets`
--

DROP TABLE IF EXISTS `tickets`;
/*!40101 SET @saved_cs_client     = @@character_set_client */;
/*!40101 SET character_set_client = utf8 */;
CREATE TABLE `tickets` (
  `id` int(10) unsigned NOT NULL AUTO_INCREMENT,
  `admin_id` int(10) unsigned DEFAULT NULL,
  `user_id` int(10) unsigned DEFAULT NULL,
  `ticket_status_id` int(10) unsigned DEFAULT NULL,
  `subject` varchar(100) DEFAULT NULL,
  `message` longtext,
  `code` varchar(45) DEFAULT NULL,
  `priority` enum('Low','Normal','High') NOT NULL,
  `last_reply` timestamp NULL DEFAULT NULL,
  `created_at` timestamp NOT NULL DEFAULT CURRENT_TIMESTAMP,
  PRIMARY KEY (`id`),
  KEY `tickets_admin_id_index` (`admin_id`),
  KEY `tickets_user_id_index` (`user_id`),
  KEY `tickets_ticket_status_id_index` (`ticket_status_id`),
  CONSTRAINT `tickets_admin_id_foreign` FOREIGN KEY (`admin_id`) REFERENCES `admins` (`id`) ON DELETE CASCADE ON UPDATE CASCADE,
  CONSTRAINT `tickets_ticket_status_id_foreign` FOREIGN KEY (`ticket_status_id`) REFERENCES `ticket_statuses` (`id`) ON DELETE CASCADE ON UPDATE CASCADE,
  CONSTRAINT `tickets_user_id_foreign` FOREIGN KEY (`user_id`) REFERENCES `users` (`id`) ON DELETE CASCADE ON UPDATE CASCADE
) ENGINE=InnoDB AUTO_INCREMENT=2 DEFAULT CHARSET=utf8;
/*!40101 SET character_set_client = @saved_cs_client */;

--
-- Dumping data for table `tickets`
--

LOCK TABLES `tickets` WRITE;
/*!40000 ALTER TABLE `tickets` DISABLE KEYS */;
INSERT INTO `tickets` VALUES (1,1,4,1,'Test Ticket','Lorem lipsum','TIC-FWPQXK','High','2019-11-23 17:02:18','2019-11-23 17:01:51');
/*!40000 ALTER TABLE `tickets` ENABLE KEYS */;
UNLOCK TABLES;

--
-- Table structure for table `time_zones`
--

DROP TABLE IF EXISTS `time_zones`;
/*!40101 SET @saved_cs_client     = @@character_set_client */;
/*!40101 SET character_set_client = utf8 */;
CREATE TABLE `time_zones` (
  `id` int(10) unsigned NOT NULL AUTO_INCREMENT,
  `zone` varchar(50) DEFAULT NULL,
  `gmt` varchar(50) DEFAULT NULL,
  `created_at` timestamp NULL DEFAULT NULL,
  `updated_at` timestamp NULL DEFAULT NULL,
  PRIMARY KEY (`id`)
) ENGINE=InnoDB AUTO_INCREMENT=427 DEFAULT CHARSET=utf8;
/*!40101 SET character_set_client = @saved_cs_client */;

--
-- Dumping data for table `time_zones`
--

LOCK TABLES `time_zones` WRITE;
/*!40000 ALTER TABLE `time_zones` DISABLE KEYS */;
INSERT INTO `time_zones` VALUES (1,'Africa/Abidjan','UTC/GMT +00:00',NULL,NULL),(2,'Africa/Accra','UTC/GMT +00:00',NULL,NULL),(3,'Africa/Addis_Ababa','UTC/GMT +03:00',NULL,NULL),(4,'Africa/Algiers','UTC/GMT +01:00',NULL,NULL),(5,'Africa/Asmara','UTC/GMT +03:00',NULL,NULL),(6,'Africa/Bamako','UTC/GMT +00:00',NULL,NULL),(7,'Africa/Bangui','UTC/GMT +01:00',NULL,NULL),(8,'Africa/Banjul','UTC/GMT +00:00',NULL,NULL),(9,'Africa/Bissau','UTC/GMT +00:00',NULL,NULL),(10,'Africa/Blantyre','UTC/GMT +02:00',NULL,NULL),(11,'Africa/Brazzaville','UTC/GMT +01:00',NULL,NULL),(12,'Africa/Bujumbura','UTC/GMT +02:00',NULL,NULL),(13,'Africa/Cairo','UTC/GMT +02:00',NULL,NULL),(14,'Africa/Casablanca','UTC/GMT +01:00',NULL,NULL),(15,'Africa/Ceuta','UTC/GMT +01:00',NULL,NULL),(16,'Africa/Conakry','UTC/GMT +00:00',NULL,NULL),(17,'Africa/Dakar','UTC/GMT +00:00',NULL,NULL),(18,'Africa/Dar_es_Salaam','UTC/GMT +03:00',NULL,NULL),(19,'Africa/Djibouti','UTC/GMT +03:00',NULL,NULL),(20,'Africa/Douala','UTC/GMT +01:00',NULL,NULL),(21,'Africa/El_Aaiun','UTC/GMT +01:00',NULL,NULL),(22,'Africa/Freetown','UTC/GMT +00:00',NULL,NULL),(23,'Africa/Gaborone','UTC/GMT +02:00',NULL,NULL),(24,'Africa/Harare','UTC/GMT +02:00',NULL,NULL),(25,'Africa/Johannesburg','UTC/GMT +02:00',NULL,NULL),(26,'Africa/Juba','UTC/GMT +03:00',NULL,NULL),(27,'Africa/Kampala','UTC/GMT +03:00',NULL,NULL),(28,'Africa/Khartoum','UTC/GMT +02:00',NULL,NULL),(29,'Africa/Kigali','UTC/GMT +02:00',NULL,NULL),(30,'Africa/Kinshasa','UTC/GMT +01:00',NULL,NULL),(31,'Africa/Lagos','UTC/GMT +01:00',NULL,NULL),(32,'Africa/Libreville','UTC/GMT +01:00',NULL,NULL),(33,'Africa/Lome','UTC/GMT +00:00',NULL,NULL),(34,'Africa/Luanda','UTC/GMT +01:00',NULL,NULL),(35,'Africa/Lubumbashi','UTC/GMT +02:00',NULL,NULL),(36,'Africa/Lusaka','UTC/GMT +02:00',NULL,NULL),(37,'Africa/Malabo','UTC/GMT +01:00',NULL,NULL),(38,'Africa/Maputo','UTC/GMT +02:00',NULL,NULL),(39,'Africa/Maseru','UTC/GMT +02:00',NULL,NULL),(40,'Africa/Mbabane','UTC/GMT +02:00',NULL,NULL),(41,'Africa/Mogadishu','UTC/GMT +03:00',NULL,NULL),(42,'Africa/Monrovia','UTC/GMT +00:00',NULL,NULL),(43,'Africa/Nairobi','UTC/GMT +03:00',NULL,NULL),(44,'Africa/Ndjamena','UTC/GMT +01:00',NULL,NULL),(45,'Africa/Niamey','UTC/GMT +01:00',NULL,NULL),(46,'Africa/Nouakchott','UTC/GMT +00:00',NULL,NULL),(47,'Africa/Ouagadougou','UTC/GMT +00:00',NULL,NULL),(48,'Africa/Porto-Novo','UTC/GMT +01:00',NULL,NULL),(49,'Africa/Sao_Tome','UTC/GMT +00:00',NULL,NULL),(50,'Africa/Tripoli','UTC/GMT +02:00',NULL,NULL),(51,'Africa/Tunis','UTC/GMT +01:00',NULL,NULL),(52,'Africa/Windhoek','UTC/GMT +02:00',NULL,NULL),(53,'America/Adak','UTC/GMT -10:00',NULL,NULL),(54,'America/Anchorage','UTC/GMT -09:00',NULL,NULL),(55,'America/Anguilla','UTC/GMT -04:00',NULL,NULL),(56,'America/Antigua','UTC/GMT -04:00',NULL,NULL),(57,'America/Araguaina','UTC/GMT -03:00',NULL,NULL),(58,'America/Argentina/Buenos_Aires','UTC/GMT -03:00',NULL,NULL),(59,'America/Argentina/Catamarca','UTC/GMT -03:00',NULL,NULL),(60,'America/Argentina/Cordoba','UTC/GMT -03:00',NULL,NULL),(61,'America/Argentina/Jujuy','UTC/GMT -03:00',NULL,NULL),(62,'America/Argentina/La_Rioja','UTC/GMT -03:00',NULL,NULL),(63,'America/Argentina/Mendoza','UTC/GMT -03:00',NULL,NULL),(64,'America/Argentina/Rio_Gallegos','UTC/GMT -03:00',NULL,NULL),(65,'America/Argentina/Salta','UTC/GMT -03:00',NULL,NULL),(66,'America/Argentina/San_Juan','UTC/GMT -03:00',NULL,NULL),(67,'America/Argentina/San_Luis','UTC/GMT -03:00',NULL,NULL),(68,'America/Argentina/Tucuman','UTC/GMT -03:00',NULL,NULL),(69,'America/Argentina/Ushuaia','UTC/GMT -03:00',NULL,NULL),(70,'America/Aruba','UTC/GMT -04:00',NULL,NULL),(71,'America/Asuncion','UTC/GMT -03:00',NULL,NULL),(72,'America/Atikokan','UTC/GMT -05:00',NULL,NULL),(73,'America/Bahia','UTC/GMT -03:00',NULL,NULL),(74,'America/Bahia_Banderas','UTC/GMT -06:00',NULL,NULL),(75,'America/Barbados','UTC/GMT -04:00',NULL,NULL),(76,'America/Belem','UTC/GMT -03:00',NULL,NULL),(77,'America/Belize','UTC/GMT -06:00',NULL,NULL),(78,'America/Blanc-Sablon','UTC/GMT -04:00',NULL,NULL),(79,'America/Boa_Vista','UTC/GMT -04:00',NULL,NULL),(80,'America/Bogota','UTC/GMT -05:00',NULL,NULL),(81,'America/Boise','UTC/GMT -07:00',NULL,NULL),(82,'America/Cambridge_Bay','UTC/GMT -07:00',NULL,NULL),(83,'America/Campo_Grande','UTC/GMT -04:00',NULL,NULL),(84,'America/Cancun','UTC/GMT -05:00',NULL,NULL),(85,'America/Caracas','UTC/GMT -04:00',NULL,NULL),(86,'America/Cayenne','UTC/GMT -03:00',NULL,NULL),(87,'America/Cayman','UTC/GMT -05:00',NULL,NULL),(88,'America/Chicago','UTC/GMT -06:00',NULL,NULL),(89,'America/Chihuahua','UTC/GMT -07:00',NULL,NULL),(90,'America/Costa_Rica','UTC/GMT -06:00',NULL,NULL),(91,'America/Creston','UTC/GMT -07:00',NULL,NULL),(92,'America/Cuiaba','UTC/GMT -04:00',NULL,NULL),(93,'America/Curacao','UTC/GMT -04:00',NULL,NULL),(94,'America/Danmarkshavn','UTC/GMT +00:00',NULL,NULL),(95,'America/Dawson','UTC/GMT -08:00',NULL,NULL),(96,'America/Dawson_Creek','UTC/GMT -07:00',NULL,NULL),(97,'America/Denver','UTC/GMT -07:00',NULL,NULL),(98,'America/Detroit','UTC/GMT -05:00',NULL,NULL),(99,'America/Dominica','UTC/GMT -04:00',NULL,NULL),(100,'America/Edmonton','UTC/GMT -07:00',NULL,NULL),(101,'America/Eirunepe','UTC/GMT -05:00',NULL,NULL),(102,'America/El_Salvador','UTC/GMT -06:00',NULL,NULL),(103,'America/Fort_Nelson','UTC/GMT -07:00',NULL,NULL),(104,'America/Fortaleza','UTC/GMT -03:00',NULL,NULL),(105,'America/Glace_Bay','UTC/GMT -04:00',NULL,NULL),(106,'America/Godthab','UTC/GMT -03:00',NULL,NULL),(107,'America/Goose_Bay','UTC/GMT -04:00',NULL,NULL),(108,'America/Grand_Turk','UTC/GMT -05:00',NULL,NULL),(109,'America/Grenada','UTC/GMT -04:00',NULL,NULL),(110,'America/Guadeloupe','UTC/GMT -04:00',NULL,NULL),(111,'America/Guatemala','UTC/GMT -06:00',NULL,NULL),(112,'America/Guayaquil','UTC/GMT -05:00',NULL,NULL),(113,'America/Guyana','UTC/GMT -04:00',NULL,NULL),(114,'America/Halifax','UTC/GMT -04:00',NULL,NULL),(115,'America/Havana','UTC/GMT -05:00',NULL,NULL),(116,'America/Hermosillo','UTC/GMT -07:00',NULL,NULL),(117,'America/Indiana/Indianapolis','UTC/GMT -05:00',NULL,NULL),(118,'America/Indiana/Knox','UTC/GMT -06:00',NULL,NULL),(119,'America/Indiana/Marengo','UTC/GMT -05:00',NULL,NULL),(120,'America/Indiana/Petersburg','UTC/GMT -05:00',NULL,NULL),(121,'America/Indiana/Tell_City','UTC/GMT -06:00',NULL,NULL),(122,'America/Indiana/Vevay','UTC/GMT -05:00',NULL,NULL),(123,'America/Indiana/Vincennes','UTC/GMT -05:00',NULL,NULL),(124,'America/Indiana/Winamac','UTC/GMT -05:00',NULL,NULL),(125,'America/Inuvik','UTC/GMT -07:00',NULL,NULL),(126,'America/Iqaluit','UTC/GMT -05:00',NULL,NULL),(127,'America/Jamaica','UTC/GMT -05:00',NULL,NULL),(128,'America/Juneau','UTC/GMT -09:00',NULL,NULL),(129,'America/Kentucky/Louisville','UTC/GMT -05:00',NULL,NULL),(130,'America/Kentucky/Monticello','UTC/GMT -05:00',NULL,NULL),(131,'America/Kralendijk','UTC/GMT -04:00',NULL,NULL),(132,'America/La_Paz','UTC/GMT -04:00',NULL,NULL),(133,'America/Lima','UTC/GMT -05:00',NULL,NULL),(134,'America/Los_Angeles','UTC/GMT -08:00',NULL,NULL),(135,'America/Lower_Princes','UTC/GMT -04:00',NULL,NULL),(136,'America/Maceio','UTC/GMT -03:00',NULL,NULL),(137,'America/Managua','UTC/GMT -06:00',NULL,NULL),(138,'America/Manaus','UTC/GMT -04:00',NULL,NULL),(139,'America/Marigot','UTC/GMT -04:00',NULL,NULL),(140,'America/Martinique','UTC/GMT -04:00',NULL,NULL),(141,'America/Matamoros','UTC/GMT -06:00',NULL,NULL),(142,'America/Mazatlan','UTC/GMT -07:00',NULL,NULL),(143,'America/Menominee','UTC/GMT -06:00',NULL,NULL),(144,'America/Merida','UTC/GMT -06:00',NULL,NULL),(145,'America/Metlakatla','UTC/GMT -09:00',NULL,NULL),(146,'America/Mexico_City','UTC/GMT -06:00',NULL,NULL),(147,'America/Miquelon','UTC/GMT -03:00',NULL,NULL),(148,'America/Moncton','UTC/GMT -04:00',NULL,NULL),(149,'America/Monterrey','UTC/GMT -06:00',NULL,NULL),(150,'America/Montevideo','UTC/GMT -03:00',NULL,NULL),(151,'America/Montserrat','UTC/GMT -04:00',NULL,NULL),(152,'America/Nassau','UTC/GMT -05:00',NULL,NULL),(153,'America/New_York','UTC/GMT -05:00',NULL,NULL),(154,'America/Nipigon','UTC/GMT -05:00',NULL,NULL),(155,'America/Nome','UTC/GMT -09:00',NULL,NULL),(156,'America/Noronha','UTC/GMT -02:00',NULL,NULL),(157,'America/North_Dakota/Beulah','UTC/GMT -06:00',NULL,NULL),(158,'America/North_Dakota/Center','UTC/GMT -06:00',NULL,NULL),(159,'America/North_Dakota/New_Salem','UTC/GMT -06:00',NULL,NULL),(160,'America/Ojinaga','UTC/GMT -07:00',NULL,NULL),(161,'America/Panama','UTC/GMT -05:00',NULL,NULL),(162,'America/Pangnirtung','UTC/GMT -05:00',NULL,NULL),(163,'America/Paramaribo','UTC/GMT -03:00',NULL,NULL),(164,'America/Phoenix','UTC/GMT -07:00',NULL,NULL),(165,'America/Port-au-Prince','UTC/GMT -05:00',NULL,NULL),(166,'America/Port_of_Spain','UTC/GMT -04:00',NULL,NULL),(167,'America/Porto_Velho','UTC/GMT -04:00',NULL,NULL),(168,'America/Puerto_Rico','UTC/GMT -04:00',NULL,NULL),(169,'America/Punta_Arenas','UTC/GMT -03:00',NULL,NULL),(170,'America/Rainy_River','UTC/GMT -06:00',NULL,NULL),(171,'America/Rankin_Inlet','UTC/GMT -06:00',NULL,NULL),(172,'America/Recife','UTC/GMT -03:00',NULL,NULL),(173,'America/Regina','UTC/GMT -06:00',NULL,NULL),(174,'America/Resolute','UTC/GMT -06:00',NULL,NULL),(175,'America/Rio_Branco','UTC/GMT -05:00',NULL,NULL),(176,'America/Santarem','UTC/GMT -03:00',NULL,NULL),(177,'America/Santiago','UTC/GMT -03:00',NULL,NULL),(178,'America/Santo_Domingo','UTC/GMT -04:00',NULL,NULL),(179,'America/Sao_Paulo','UTC/GMT -03:00',NULL,NULL),(180,'America/Scoresbysund','UTC/GMT -01:00',NULL,NULL),(181,'America/Sitka','UTC/GMT -09:00',NULL,NULL),(182,'America/St_Barthelemy','UTC/GMT -04:00',NULL,NULL),(183,'America/St_Johns','UTC/GMT -03:30',NULL,NULL),(184,'America/St_Kitts','UTC/GMT -04:00',NULL,NULL),(185,'America/St_Lucia','UTC/GMT -04:00',NULL,NULL),(186,'America/St_Thomas','UTC/GMT -04:00',NULL,NULL),(187,'America/St_Vincent','UTC/GMT -04:00',NULL,NULL),(188,'America/Swift_Current','UTC/GMT -06:00',NULL,NULL),(189,'America/Tegucigalpa','UTC/GMT -06:00',NULL,NULL),(190,'America/Thule','UTC/GMT -04:00',NULL,NULL),(191,'America/Thunder_Bay','UTC/GMT -05:00',NULL,NULL),(192,'America/Tijuana','UTC/GMT -08:00',NULL,NULL),(193,'America/Toronto','UTC/GMT -05:00',NULL,NULL),(194,'America/Tortola','UTC/GMT -04:00',NULL,NULL),(195,'America/Vancouver','UTC/GMT -08:00',NULL,NULL),(196,'America/Whitehorse','UTC/GMT -08:00',NULL,NULL),(197,'America/Winnipeg','UTC/GMT -06:00',NULL,NULL),(198,'America/Yakutat','UTC/GMT -09:00',NULL,NULL),(199,'America/Yellowknife','UTC/GMT -07:00',NULL,NULL),(200,'Antarctica/Casey','UTC/GMT +08:00',NULL,NULL),(201,'Antarctica/Davis','UTC/GMT +07:00',NULL,NULL),(202,'Antarctica/DumontDUrville','UTC/GMT +10:00',NULL,NULL),(203,'Antarctica/Macquarie','UTC/GMT +11:00',NULL,NULL),(204,'Antarctica/Mawson','UTC/GMT +05:00',NULL,NULL),(205,'Antarctica/McMurdo','UTC/GMT +13:00',NULL,NULL),(206,'Antarctica/Palmer','UTC/GMT -03:00',NULL,NULL),(207,'Antarctica/Rothera','UTC/GMT -03:00',NULL,NULL),(208,'Antarctica/Syowa','UTC/GMT +03:00',NULL,NULL),(209,'Antarctica/Troll','UTC/GMT +00:00',NULL,NULL),(210,'Antarctica/Vostok','UTC/GMT +06:00',NULL,NULL),(211,'Arctic/Longyearbyen','UTC/GMT +01:00',NULL,NULL),(212,'Asia/Aden','UTC/GMT +03:00',NULL,NULL),(213,'Asia/Almaty','UTC/GMT +06:00',NULL,NULL),(214,'Asia/Amman','UTC/GMT +02:00',NULL,NULL),(215,'Asia/Anadyr','UTC/GMT +12:00',NULL,NULL),(216,'Asia/Aqtau','UTC/GMT +05:00',NULL,NULL),(217,'Asia/Aqtobe','UTC/GMT +05:00',NULL,NULL),(218,'Asia/Ashgabat','UTC/GMT +05:00',NULL,NULL),(219,'Asia/Atyrau','UTC/GMT +05:00',NULL,NULL),(220,'Asia/Baghdad','UTC/GMT +03:00',NULL,NULL),(221,'Asia/Bahrain','UTC/GMT +03:00',NULL,NULL),(222,'Asia/Baku','UTC/GMT +04:00',NULL,NULL),(223,'Asia/Bangkok','UTC/GMT +07:00',NULL,NULL),(224,'Asia/Barnaul','UTC/GMT +07:00',NULL,NULL),(225,'Asia/Beirut','UTC/GMT +02:00',NULL,NULL),(226,'Asia/Bishkek','UTC/GMT +06:00',NULL,NULL),(227,'Asia/Brunei','UTC/GMT +08:00',NULL,NULL),(228,'Asia/Chita','UTC/GMT +09:00',NULL,NULL),(229,'Asia/Choibalsan','UTC/GMT +08:00',NULL,NULL),(230,'Asia/Colombo','UTC/GMT +05:30',NULL,NULL),(231,'Asia/Damascus','UTC/GMT +02:00',NULL,NULL),(232,'Asia/Dhaka','UTC/GMT +06:00',NULL,NULL),(233,'Asia/Dili','UTC/GMT +09:00',NULL,NULL),(234,'Asia/Dubai','UTC/GMT +04:00',NULL,NULL),(235,'Asia/Dushanbe','UTC/GMT +05:00',NULL,NULL),(236,'Asia/Famagusta','UTC/GMT +02:00',NULL,NULL),(237,'Asia/Gaza','UTC/GMT +02:00',NULL,NULL),(238,'Asia/Hebron','UTC/GMT +02:00',NULL,NULL),(239,'Asia/Ho_Chi_Minh','UTC/GMT +07:00',NULL,NULL),(240,'Asia/Hong_Kong','UTC/GMT +08:00',NULL,NULL),(241,'Asia/Hovd','UTC/GMT +07:00',NULL,NULL),(242,'Asia/Irkutsk','UTC/GMT +08:00',NULL,NULL),(243,'Asia/Jakarta','UTC/GMT +07:00',NULL,NULL),(244,'Asia/Jayapura','UTC/GMT +09:00',NULL,NULL),(245,'Asia/Jerusalem','UTC/GMT +02:00',NULL,NULL),(246,'Asia/Kabul','UTC/GMT +04:30',NULL,NULL),(247,'Asia/Kamchatka','UTC/GMT +12:00',NULL,NULL),(248,'Asia/Karachi','UTC/GMT +05:00',NULL,NULL),(249,'Asia/Kathmandu','UTC/GMT +05:45',NULL,NULL),(250,'Asia/Khandyga','UTC/GMT +09:00',NULL,NULL),(251,'Asia/Kolkata','UTC/GMT +05:30',NULL,NULL),(252,'Asia/Krasnoyarsk','UTC/GMT +07:00',NULL,NULL),(253,'Asia/Kuala_Lumpur','UTC/GMT +08:00',NULL,NULL),(254,'Asia/Kuching','UTC/GMT +08:00',NULL,NULL),(255,'Asia/Kuwait','UTC/GMT +03:00',NULL,NULL),(256,'Asia/Macau','UTC/GMT +08:00',NULL,NULL),(257,'Asia/Magadan','UTC/GMT +11:00',NULL,NULL),(258,'Asia/Makassar','UTC/GMT +08:00',NULL,NULL),(259,'Asia/Manila','UTC/GMT +08:00',NULL,NULL),(260,'Asia/Muscat','UTC/GMT +04:00',NULL,NULL),(261,'Asia/Nicosia','UTC/GMT +02:00',NULL,NULL),(262,'Asia/Novokuznetsk','UTC/GMT +07:00',NULL,NULL),(263,'Asia/Novosibirsk','UTC/GMT +07:00',NULL,NULL),(264,'Asia/Omsk','UTC/GMT +06:00',NULL,NULL),(265,'Asia/Oral','UTC/GMT +05:00',NULL,NULL),(266,'Asia/Phnom_Penh','UTC/GMT +07:00',NULL,NULL),(267,'Asia/Pontianak','UTC/GMT +07:00',NULL,NULL),(268,'Asia/Pyongyang','UTC/GMT +09:00',NULL,NULL),(269,'Asia/Qatar','UTC/GMT +03:00',NULL,NULL),(270,'Asia/Qostanay','UTC/GMT +06:00',NULL,NULL),(271,'Asia/Qyzylorda','UTC/GMT +05:00',NULL,NULL),(272,'Asia/Riyadh','UTC/GMT +03:00',NULL,NULL),(273,'Asia/Sakhalin','UTC/GMT +11:00',NULL,NULL),(274,'Asia/Samarkand','UTC/GMT +05:00',NULL,NULL),(275,'Asia/Seoul','UTC/GMT +09:00',NULL,NULL),(276,'Asia/Shanghai','UTC/GMT +08:00',NULL,NULL),(277,'Asia/Singapore','UTC/GMT +08:00',NULL,NULL),(278,'Asia/Srednekolymsk','UTC/GMT +11:00',NULL,NULL),(279,'Asia/Taipei','UTC/GMT +08:00',NULL,NULL),(280,'Asia/Tashkent','UTC/GMT +05:00',NULL,NULL),(281,'Asia/Tbilisi','UTC/GMT +04:00',NULL,NULL),(282,'Asia/Tehran','UTC/GMT +03:30',NULL,NULL),(283,'Asia/Thimphu','UTC/GMT +06:00',NULL,NULL),(284,'Asia/Tokyo','UTC/GMT +09:00',NULL,NULL),(285,'Asia/Tomsk','UTC/GMT +07:00',NULL,NULL),(286,'Asia/Ulaanbaatar','UTC/GMT +08:00',NULL,NULL),(287,'Asia/Urumqi','UTC/GMT +06:00',NULL,NULL),(288,'Asia/Ust-Nera','UTC/GMT +10:00',NULL,NULL),(289,'Asia/Vientiane','UTC/GMT +07:00',NULL,NULL),(290,'Asia/Vladivostok','UTC/GMT +10:00',NULL,NULL),(291,'Asia/Yakutsk','UTC/GMT +09:00',NULL,NULL),(292,'Asia/Yangon','UTC/GMT +06:30',NULL,NULL),(293,'Asia/Yekaterinburg','UTC/GMT +05:00',NULL,NULL),(294,'Asia/Yerevan','UTC/GMT +04:00',NULL,NULL),(295,'Atlantic/Azores','UTC/GMT -01:00',NULL,NULL),(296,'Atlantic/Bermuda','UTC/GMT -04:00',NULL,NULL),(297,'Atlantic/Canary','UTC/GMT +00:00',NULL,NULL),(298,'Atlantic/Cape_Verde','UTC/GMT -01:00',NULL,NULL),(299,'Atlantic/Faroe','UTC/GMT +00:00',NULL,NULL),(300,'Atlantic/Madeira','UTC/GMT +00:00',NULL,NULL),(301,'Atlantic/Reykjavik','UTC/GMT +00:00',NULL,NULL),(302,'Atlantic/South_Georgia','UTC/GMT -02:00',NULL,NULL),(303,'Atlantic/St_Helena','UTC/GMT +00:00',NULL,NULL),(304,'Atlantic/Stanley','UTC/GMT -03:00',NULL,NULL),(305,'Australia/Adelaide','UTC/GMT +10:30',NULL,NULL),(306,'Australia/Brisbane','UTC/GMT +10:00',NULL,NULL),(307,'Australia/Broken_Hill','UTC/GMT +10:30',NULL,NULL),(308,'Australia/Currie','UTC/GMT +11:00',NULL,NULL),(309,'Australia/Darwin','UTC/GMT +09:30',NULL,NULL),(310,'Australia/Eucla','UTC/GMT +08:45',NULL,NULL),(311,'Australia/Hobart','UTC/GMT +11:00',NULL,NULL),(312,'Australia/Lindeman','UTC/GMT +10:00',NULL,NULL),(313,'Australia/Lord_Howe','UTC/GMT +11:00',NULL,NULL),(314,'Australia/Melbourne','UTC/GMT +11:00',NULL,NULL),(315,'Australia/Perth','UTC/GMT +08:00',NULL,NULL),(316,'Australia/Sydney','UTC/GMT +11:00',NULL,NULL),(317,'Europe/Amsterdam','UTC/GMT +01:00',NULL,NULL),(318,'Europe/Andorra','UTC/GMT +01:00',NULL,NULL),(319,'Europe/Astrakhan','UTC/GMT +04:00',NULL,NULL),(320,'Europe/Athens','UTC/GMT +02:00',NULL,NULL),(321,'Europe/Belgrade','UTC/GMT +01:00',NULL,NULL),(322,'Europe/Berlin','UTC/GMT +01:00',NULL,NULL),(323,'Europe/Bratislava','UTC/GMT +01:00',NULL,NULL),(324,'Europe/Brussels','UTC/GMT +01:00',NULL,NULL),(325,'Europe/Bucharest','UTC/GMT +02:00',NULL,NULL),(326,'Europe/Budapest','UTC/GMT +01:00',NULL,NULL),(327,'Europe/Busingen','UTC/GMT +01:00',NULL,NULL),(328,'Europe/Chisinau','UTC/GMT +02:00',NULL,NULL),(329,'Europe/Copenhagen','UTC/GMT +01:00',NULL,NULL),(330,'Europe/Dublin','UTC/GMT +00:00',NULL,NULL),(331,'Europe/Gibraltar','UTC/GMT +01:00',NULL,NULL),(332,'Europe/Guernsey','UTC/GMT +00:00',NULL,NULL),(333,'Europe/Helsinki','UTC/GMT +02:00',NULL,NULL),(334,'Europe/Isle_of_Man','UTC/GMT +00:00',NULL,NULL),(335,'Europe/Istanbul','UTC/GMT +03:00',NULL,NULL),(336,'Europe/Jersey','UTC/GMT +00:00',NULL,NULL),(337,'Europe/Kaliningrad','UTC/GMT +02:00',NULL,NULL),(338,'Europe/Kiev','UTC/GMT +02:00',NULL,NULL),(339,'Europe/Kirov','UTC/GMT +03:00',NULL,NULL),(340,'Europe/Lisbon','UTC/GMT +00:00',NULL,NULL),(341,'Europe/Ljubljana','UTC/GMT +01:00',NULL,NULL),(342,'Europe/London','UTC/GMT +00:00',NULL,NULL),(343,'Europe/Luxembourg','UTC/GMT +01:00',NULL,NULL),(344,'Europe/Madrid','UTC/GMT +01:00',NULL,NULL),(345,'Europe/Malta','UTC/GMT +01:00',NULL,NULL),(346,'Europe/Mariehamn','UTC/GMT +02:00',NULL,NULL),(347,'Europe/Minsk','UTC/GMT +03:00',NULL,NULL),(348,'Europe/Monaco','UTC/GMT +01:00',NULL,NULL),(349,'Europe/Moscow','UTC/GMT +03:00',NULL,NULL),(350,'Europe/Oslo','UTC/GMT +01:00',NULL,NULL),(351,'Europe/Paris','UTC/GMT +01:00',NULL,NULL),(352,'Europe/Podgorica','UTC/GMT +01:00',NULL,NULL),(353,'Europe/Prague','UTC/GMT +01:00',NULL,NULL),(354,'Europe/Riga','UTC/GMT +02:00',NULL,NULL),(355,'Europe/Rome','UTC/GMT +01:00',NULL,NULL),(356,'Europe/Samara','UTC/GMT +04:00',NULL,NULL),(357,'Europe/San_Marino','UTC/GMT +01:00',NULL,NULL),(358,'Europe/Sarajevo','UTC/GMT +01:00',NULL,NULL),(359,'Europe/Saratov','UTC/GMT +04:00',NULL,NULL),(360,'Europe/Simferopol','UTC/GMT +03:00',NULL,NULL),(361,'Europe/Skopje','UTC/GMT +01:00',NULL,NULL),(362,'Europe/Sofia','UTC/GMT +02:00',NULL,NULL),(363,'Europe/Stockholm','UTC/GMT +01:00',NULL,NULL),(364,'Europe/Tallinn','UTC/GMT +02:00',NULL,NULL),(365,'Europe/Tirane','UTC/GMT +01:00',NULL,NULL),(366,'Europe/Ulyanovsk','UTC/GMT +04:00',NULL,NULL),(367,'Europe/Uzhgorod','UTC/GMT +02:00',NULL,NULL),(368,'Europe/Vaduz','UTC/GMT +01:00',NULL,NULL),(369,'Europe/Vatican','UTC/GMT +01:00',NULL,NULL),(370,'Europe/Vienna','UTC/GMT +01:00',NULL,NULL),(371,'Europe/Vilnius','UTC/GMT +02:00',NULL,NULL),(372,'Europe/Volgograd','UTC/GMT +04:00',NULL,NULL),(373,'Europe/Warsaw','UTC/GMT +01:00',NULL,NULL),(374,'Europe/Zagreb','UTC/GMT +01:00',NULL,NULL),(375,'Europe/Zaporozhye','UTC/GMT +02:00',NULL,NULL),(376,'Europe/Zurich','UTC/GMT +01:00',NULL,NULL),(377,'Indian/Antananarivo','UTC/GMT +03:00',NULL,NULL),(378,'Indian/Chagos','UTC/GMT +06:00',NULL,NULL),(379,'Indian/Christmas','UTC/GMT +07:00',NULL,NULL),(380,'Indian/Cocos','UTC/GMT +06:30',NULL,NULL),(381,'Indian/Comoro','UTC/GMT +03:00',NULL,NULL),(382,'Indian/Kerguelen','UTC/GMT +05:00',NULL,NULL),(383,'Indian/Mahe','UTC/GMT +04:00',NULL,NULL),(384,'Indian/Maldives','UTC/GMT +05:00',NULL,NULL),(385,'Indian/Mauritius','UTC/GMT +04:00',NULL,NULL),(386,'Indian/Mayotte','UTC/GMT +03:00',NULL,NULL),(387,'Indian/Reunion','UTC/GMT +04:00',NULL,NULL),(388,'Pacific/Apia','UTC/GMT +14:00',NULL,NULL),(389,'Pacific/Auckland','UTC/GMT +13:00',NULL,NULL),(390,'Pacific/Bougainville','UTC/GMT +11:00',NULL,NULL),(391,'Pacific/Chatham','UTC/GMT +13:45',NULL,NULL),(392,'Pacific/Chuuk','UTC/GMT +10:00',NULL,NULL),(393,'Pacific/Easter','UTC/GMT -05:00',NULL,NULL),(394,'Pacific/Efate','UTC/GMT +11:00',NULL,NULL),(395,'Pacific/Enderbury','UTC/GMT +13:00',NULL,NULL),(396,'Pacific/Fakaofo','UTC/GMT +13:00',NULL,NULL),(397,'Pacific/Fiji','UTC/GMT +12:00',NULL,NULL),(398,'Pacific/Funafuti','UTC/GMT +12:00',NULL,NULL),(399,'Pacific/Galapagos','UTC/GMT -06:00',NULL,NULL),(400,'Pacific/Gambier','UTC/GMT -09:00',NULL,NULL),(401,'Pacific/Guadalcanal','UTC/GMT +11:00',NULL,NULL),(402,'Pacific/Guam','UTC/GMT +10:00',NULL,NULL),(403,'Pacific/Honolulu','UTC/GMT -10:00',NULL,NULL),(404,'Pacific/Kiritimati','UTC/GMT +14:00',NULL,NULL),(405,'Pacific/Kosrae','UTC/GMT +11:00',NULL,NULL),(406,'Pacific/Kwajalein','UTC/GMT +12:00',NULL,NULL),(407,'Pacific/Majuro','UTC/GMT +12:00',NULL,NULL),(408,'Pacific/Marquesas','UTC/GMT -09:30',NULL,NULL),(409,'Pacific/Midway','UTC/GMT -11:00',NULL,NULL),(410,'Pacific/Nauru','UTC/GMT +12:00',NULL,NULL),(411,'Pacific/Niue','UTC/GMT -11:00',NULL,NULL),(412,'Pacific/Norfolk','UTC/GMT +12:00',NULL,NULL),(413,'Pacific/Noumea','UTC/GMT +11:00',NULL,NULL),(414,'Pacific/Pago_Pago','UTC/GMT -11:00',NULL,NULL),(415,'Pacific/Palau','UTC/GMT +09:00',NULL,NULL),(416,'Pacific/Pitcairn','UTC/GMT -08:00',NULL,NULL),(417,'Pacific/Pohnpei','UTC/GMT +11:00',NULL,NULL),(418,'Pacific/Port_Moresby','UTC/GMT +10:00',NULL,NULL),(419,'Pacific/Rarotonga','UTC/GMT -10:00',NULL,NULL),(420,'Pacific/Saipan','UTC/GMT +10:00',NULL,NULL),(421,'Pacific/Tahiti','UTC/GMT -10:00',NULL,NULL),(422,'Pacific/Tarawa','UTC/GMT +12:00',NULL,NULL),(423,'Pacific/Tongatapu','UTC/GMT +13:00',NULL,NULL),(424,'Pacific/Wake','UTC/GMT +12:00',NULL,NULL),(425,'Pacific/Wallis','UTC/GMT +12:00',NULL,NULL),(426,'UTC','UTC/GMT +00:00',NULL,NULL);
/*!40000 ALTER TABLE `time_zones` ENABLE KEYS */;
UNLOCK TABLES;

--
-- Table structure for table `transaction_types`
--

DROP TABLE IF EXISTS `transaction_types`;
/*!40101 SET @saved_cs_client     = @@character_set_client */;
/*!40101 SET character_set_client = utf8 */;
CREATE TABLE `transaction_types` (
  `id` int(10) unsigned NOT NULL AUTO_INCREMENT,
  `name` enum('Deposit','Withdrawal','Transferred','Received','Exchange_From','Exchange_To','Voucher_Created','Voucher_Activated','Request_From','Request_To','Payment_Sent','Payment_Received') NOT NULL,
  PRIMARY KEY (`id`)
) ENGINE=InnoDB AUTO_INCREMENT=13 DEFAULT CHARSET=utf8;
/*!40101 SET character_set_client = @saved_cs_client */;

--
-- Dumping data for table `transaction_types`
--

LOCK TABLES `transaction_types` WRITE;
/*!40000 ALTER TABLE `transaction_types` DISABLE KEYS */;
INSERT INTO `transaction_types` VALUES (1,'Deposit'),(2,'Withdrawal'),(3,'Transferred'),(4,'Received'),(5,'Exchange_From'),(6,'Exchange_To'),(7,'Voucher_Created'),(8,'Voucher_Activated'),(9,'Request_From'),(10,'Request_To'),(11,'Payment_Sent'),(12,'Payment_Received');
/*!40000 ALTER TABLE `transaction_types` ENABLE KEYS */;
UNLOCK TABLES;

--
-- Table structure for table `transactions`
--

DROP TABLE IF EXISTS `transactions`;
/*!40101 SET @saved_cs_client     = @@character_set_client */;
/*!40101 SET character_set_client = utf8 */;
CREATE TABLE `transactions` (
  `id` int(10) unsigned NOT NULL AUTO_INCREMENT,
  `user_id` int(10) unsigned DEFAULT NULL,
  `end_user_id` int(10) unsigned DEFAULT NULL,
  `currency_id` int(10) unsigned DEFAULT NULL,
  `payment_method_id` int(10) unsigned DEFAULT NULL,
  `merchant_id` int(10) unsigned DEFAULT NULL,
  `bank_id` int(10) unsigned DEFAULT NULL,
  `file_id` int(10) unsigned DEFAULT NULL,
  `uuid` varchar(13) DEFAULT NULL COMMENT 'Unique ID',
  `refund_reference` varchar(13) DEFAULT NULL COMMENT 'Refund Reference',
  `transaction_reference_id` int(11) NOT NULL DEFAULT '0',
  `transaction_type_id` int(10) unsigned DEFAULT NULL,
  `user_type` enum('registered','unregistered') NOT NULL DEFAULT 'registered',
  `email` varchar(191) DEFAULT NULL,
  `phone` varchar(20) DEFAULT NULL,
  `subtotal` decimal(20,8) DEFAULT '0.00000000',
  `percentage` decimal(20,8) DEFAULT '0.00000000',
  `charge_percentage` decimal(20,8) DEFAULT '0.00000000',
  `charge_fixed` decimal(20,8) DEFAULT '0.00000000',
  `total` decimal(20,8) DEFAULT '0.00000000',
  `note` text,
  `status` enum('Pending','Success','Refund','Blocked') NOT NULL,
  `created_at` timestamp NULL DEFAULT NULL,
  `updated_at` timestamp NULL DEFAULT NULL,
  PRIMARY KEY (`id`),
  KEY `transactions_transaction_type_id_foreign` (`transaction_type_id`),
  KEY `transactions_user_id_index` (`user_id`),
  KEY `transactions_end_user_id_index` (`end_user_id`),
  KEY `transactions_currency_id_index` (`currency_id`),
  KEY `transactions_payment_method_id_index` (`payment_method_id`),
  KEY `transactions_merchant_id_index` (`merchant_id`),
  KEY `transactions_bank_id_index` (`bank_id`),
  KEY `transactions_file_id_index` (`file_id`),
  CONSTRAINT `transactions_bank_id_foreign` FOREIGN KEY (`bank_id`) REFERENCES `banks` (`id`) ON DELETE CASCADE ON UPDATE CASCADE,
  CONSTRAINT `transactions_currency_id_foreign` FOREIGN KEY (`currency_id`) REFERENCES `currencies` (`id`) ON DELETE CASCADE ON UPDATE CASCADE,
  CONSTRAINT `transactions_end_user_id_foreign` FOREIGN KEY (`end_user_id`) REFERENCES `users` (`id`) ON DELETE CASCADE ON UPDATE CASCADE,
  CONSTRAINT `transactions_file_id_foreign` FOREIGN KEY (`file_id`) REFERENCES `files` (`id`) ON DELETE CASCADE ON UPDATE CASCADE,
  CONSTRAINT `transactions_merchant_id_foreign` FOREIGN KEY (`merchant_id`) REFERENCES `merchants` (`id`) ON DELETE CASCADE ON UPDATE CASCADE,
  CONSTRAINT `transactions_payment_method_id_foreign` FOREIGN KEY (`payment_method_id`) REFERENCES `payment_methods` (`id`) ON DELETE CASCADE ON UPDATE CASCADE,
  CONSTRAINT `transactions_transaction_type_id_foreign` FOREIGN KEY (`transaction_type_id`) REFERENCES `transaction_types` (`id`) ON DELETE CASCADE ON UPDATE CASCADE,
  CONSTRAINT `transactions_user_id_foreign` FOREIGN KEY (`user_id`) REFERENCES `users` (`id`) ON DELETE CASCADE ON UPDATE CASCADE
) ENGINE=InnoDB AUTO_INCREMENT=26 DEFAULT CHARSET=utf8;
/*!40101 SET character_set_client = @saved_cs_client */;

--
-- Dumping data for table `transactions`
--

LOCK TABLES `transactions` WRITE;
/*!40000 ALTER TABLE `transactions` DISABLE KEYS */;
INSERT INTO `transactions` VALUES (1,5,NULL,1,2,NULL,NULL,NULL,'CHLAEFZZIV0BP',NULL,1,1,'registered',NULL,NULL,100.00000000,0.00000000,0.00000000,0.00000000,100.00000000,NULL,'Success','2019-11-11 20:21:17','2019-11-11 20:21:17'),(2,5,NULL,1,2,NULL,NULL,NULL,'YESB1SXOYUKMR',NULL,2,1,'registered',NULL,NULL,1000.00000000,0.00000000,0.00000000,0.00000000,1000.00000000,NULL,'Success','2019-11-11 20:27:53','2019-11-11 20:27:53'),(3,5,6,1,NULL,NULL,NULL,NULL,'8SRLTYXVZCCJR',NULL,1,3,'registered','BUser@example.com',NULL,150.00000000,0.00000000,0.00000000,0.00000000,-150.00000000,'AUser sends BUser $150  for test!','Success','2019-11-11 20:31:30','2019-11-11 20:31:30'),(4,6,5,1,NULL,NULL,NULL,NULL,'8SRLTYXVZCCJR',NULL,1,4,'registered','BUser@example.com',NULL,150.00000000,0.00000000,0.00000000,0.00000000,150.00000000,'AUser sends BUser $150  for test!','Success','2019-11-11 20:31:30','2019-11-11 20:31:30'),(5,4,NULL,1,2,NULL,NULL,NULL,'UTXSGO0DVOGFR',NULL,3,1,'registered',NULL,NULL,1.00000000,0.00000000,0.00000000,0.00000000,1.00000000,NULL,'Success','2019-11-23 17:00:09','2019-11-23 17:00:09'),(6,5,11,1,1,1,NULL,NULL,'QSQ9NZ3PR7QZZ',NULL,1,11,'registered',NULL,NULL,20.00000000,1.50000044,0.00000000,0.00000000,-20.00000000,NULL,'Success','2019-11-29 23:44:31','2019-11-29 23:44:31'),(7,11,5,1,1,1,NULL,NULL,'QSQ9NZ3PR7QZZ',NULL,1,12,'registered',NULL,NULL,19.69999991,1.50000044,0.30000009,0.00000000,20.00000000,NULL,'Success','2019-11-29 23:44:31','2019-11-29 23:44:31'),(8,6,11,1,1,3,NULL,NULL,'EZIFGY2PP27RA',NULL,2,11,'registered',NULL,NULL,20.00000000,1.50000044,0.00000000,0.00000000,-20.00000000,NULL,'Success','2019-11-30 16:07:05','2019-11-30 16:07:05'),(9,11,6,1,1,3,NULL,NULL,'EZIFGY2PP27RA',NULL,2,12,'registered',NULL,NULL,19.69999991,1.50000044,0.30000009,0.00000000,20.00000000,NULL,'Success','2019-11-30 16:07:05','2019-11-30 16:07:05'),(10,6,11,1,1,3,NULL,NULL,'NQUHRYIZUMBZC',NULL,3,11,'registered',NULL,NULL,30.00000000,1.50000044,0.00000000,0.00000000,-30.00000000,NULL,'Success','2019-12-01 17:24:25','2019-12-01 17:24:25'),(11,11,6,1,1,3,NULL,NULL,'NQUHRYIZUMBZC',NULL,3,12,'registered',NULL,NULL,29.54999987,1.50000044,0.45000013,0.00000000,30.00000000,NULL,'Success','2019-12-01 17:24:25','2019-12-01 17:24:25'),(12,6,11,1,1,1,NULL,NULL,'IMER9U9PS4TJ1',NULL,4,11,'registered',NULL,NULL,20.00000000,1.50000044,0.00000000,0.00000000,-20.00000000,NULL,'Success','2019-12-02 04:25:03','2019-12-02 04:25:03'),(13,11,6,1,1,1,NULL,NULL,'IMER9U9PS4TJ1',NULL,4,12,'registered',NULL,NULL,19.69999991,1.50000044,0.30000009,0.00000000,20.00000000,NULL,'Success','2019-12-02 04:25:03','2019-12-02 04:25:03'),(14,6,11,1,1,3,NULL,NULL,'2XVZUZTQXRLKS',NULL,5,11,'registered',NULL,NULL,30.00000000,1.50000044,0.00000000,0.00000000,-30.00000000,NULL,'Success','2019-12-02 06:08:27','2019-12-02 06:08:27'),(15,11,6,1,1,3,NULL,NULL,'2XVZUZTQXRLKS',NULL,5,12,'registered',NULL,NULL,29.54999987,1.50000044,0.45000013,0.00000000,30.00000000,NULL,'Success','2019-12-02 06:08:27','2019-12-02 06:08:27'),(16,6,11,1,1,3,NULL,NULL,'KJA1DFGVLKR1E',NULL,6,11,'registered',NULL,NULL,30.00000000,1.50000044,0.00000000,0.00000000,-30.00000000,NULL,'Success','2019-12-02 06:09:49','2019-12-02 06:09:49'),(17,11,6,1,1,3,NULL,NULL,'KJA1DFGVLKR1E',NULL,6,12,'registered',NULL,NULL,29.54999987,1.50000044,0.45000013,0.00000000,30.00000000,NULL,'Success','2019-12-02 06:09:49','2019-12-02 06:09:49'),(18,5,11,1,1,3,NULL,NULL,'LIJCZ19DU9WRD',NULL,7,11,'registered',NULL,NULL,30.00000000,1.50000044,0.00000000,0.00000000,-30.00000000,NULL,'Success','2019-12-02 06:23:38','2019-12-02 06:23:38'),(19,11,5,1,1,3,NULL,NULL,'LIJCZ19DU9WRD',NULL,7,12,'registered',NULL,NULL,29.54999987,1.50000044,0.45000013,0.00000000,30.00000000,NULL,'Success','2019-12-02 06:23:38','2019-12-02 06:23:38'),(20,5,11,1,1,3,NULL,NULL,'Q3RQNCVJ2R6BY',NULL,8,11,'registered',NULL,NULL,30.00000000,1.50000044,0.00000000,0.00000000,-30.00000000,NULL,'Success','2019-12-02 14:21:43','2019-12-02 14:21:43'),(21,11,5,1,1,3,NULL,NULL,'Q3RQNCVJ2R6BY',NULL,8,12,'registered',NULL,NULL,29.54999987,1.50000044,0.45000013,0.00000000,30.00000000,NULL,'Success','2019-12-02 14:21:43','2019-12-02 14:21:43'),(22,5,11,1,1,3,NULL,NULL,'E9FMLIFWPJGFD',NULL,9,11,'registered',NULL,NULL,30.00000000,1.50000044,0.00000000,0.00000000,-30.00000000,NULL,'Success','2019-12-04 03:23:59','2019-12-04 03:23:59'),(23,11,5,1,1,3,NULL,NULL,'E9FMLIFWPJGFD',NULL,9,12,'registered',NULL,NULL,29.54999987,1.50000044,0.45000013,0.00000000,30.00000000,NULL,'Success','2019-12-04 03:23:59','2019-12-04 03:23:59'),(24,5,11,1,1,3,NULL,NULL,'PPHHDHGWVAJY7',NULL,10,11,'registered',NULL,NULL,30.00000000,1.50000044,0.00000000,0.00000000,-30.00000000,NULL,'Success','2019-12-05 20:10:03','2019-12-05 20:10:03'),(25,11,5,1,1,3,NULL,NULL,'PPHHDHGWVAJY7',NULL,10,12,'registered',NULL,NULL,29.54999987,1.50000044,0.45000013,0.00000000,30.00000000,NULL,'Success','2019-12-05 20:10:03','2019-12-05 20:10:03');
/*!40000 ALTER TABLE `transactions` ENABLE KEYS */;
UNLOCK TABLES;

--
-- Table structure for table `transfers`
--

DROP TABLE IF EXISTS `transfers`;
/*!40101 SET @saved_cs_client     = @@character_set_client */;
/*!40101 SET character_set_client = utf8 */;
CREATE TABLE `transfers` (
  `id` int(10) unsigned NOT NULL AUTO_INCREMENT,
  `sender_id` int(10) unsigned DEFAULT NULL,
  `receiver_id` int(10) unsigned DEFAULT NULL,
  `currency_id` int(10) unsigned DEFAULT NULL,
  `bank_id` int(10) unsigned DEFAULT NULL,
  `file_id` int(10) unsigned DEFAULT NULL,
  `uuid` varchar(13) DEFAULT NULL COMMENT 'Unique ID (For Each Transfer)',
  `fee` decimal(20,8) DEFAULT '0.00000000',
  `amount` decimal(20,8) DEFAULT '0.00000000',
  `note` text,
  `email` varchar(191) DEFAULT NULL,
  `phone` varchar(20) DEFAULT NULL,
  `status` enum('Pending','Success','Refund','Blocked') NOT NULL,
  `created_at` timestamp NOT NULL DEFAULT CURRENT_TIMESTAMP,
  PRIMARY KEY (`id`),
  KEY `transfers_sender_id_index` (`sender_id`),
  KEY `transfers_receiver_id_index` (`receiver_id`),
  KEY `transfers_currency_id_index` (`currency_id`),
  KEY `transfers_bank_id_index` (`bank_id`),
  KEY `transfers_file_id_index` (`file_id`),
  CONSTRAINT `transfers_bank_id_foreign` FOREIGN KEY (`bank_id`) REFERENCES `banks` (`id`) ON DELETE CASCADE ON UPDATE CASCADE,
  CONSTRAINT `transfers_currency_id_foreign` FOREIGN KEY (`currency_id`) REFERENCES `currencies` (`id`) ON DELETE CASCADE ON UPDATE CASCADE,
  CONSTRAINT `transfers_file_id_foreign` FOREIGN KEY (`file_id`) REFERENCES `files` (`id`) ON DELETE CASCADE ON UPDATE CASCADE,
  CONSTRAINT `transfers_receiver_id_foreign` FOREIGN KEY (`receiver_id`) REFERENCES `users` (`id`) ON DELETE CASCADE ON UPDATE CASCADE,
  CONSTRAINT `transfers_sender_id_foreign` FOREIGN KEY (`sender_id`) REFERENCES `users` (`id`) ON DELETE CASCADE ON UPDATE CASCADE
) ENGINE=InnoDB AUTO_INCREMENT=2 DEFAULT CHARSET=utf8;
/*!40101 SET character_set_client = @saved_cs_client */;

--
-- Dumping data for table `transfers`
--

LOCK TABLES `transfers` WRITE;
/*!40000 ALTER TABLE `transfers` DISABLE KEYS */;
INSERT INTO `transfers` VALUES (1,5,6,1,NULL,NULL,'8SRLTYXVZCCJR',0.00000000,150.00000000,'AUser sends BUser $150  for test!','BUser@example.com',NULL,'Success','2019-11-11 20:31:30');
/*!40000 ALTER TABLE `transfers` ENABLE KEYS */;
UNLOCK TABLES;

--
-- Table structure for table `user_details`
--

DROP TABLE IF EXISTS `user_details`;
/*!40101 SET @saved_cs_client     = @@character_set_client */;
/*!40101 SET character_set_client = utf8 */;
CREATE TABLE `user_details` (
  `id` int(10) unsigned NOT NULL AUTO_INCREMENT,
  `user_id` int(10) unsigned DEFAULT NULL,
  `country_id` int(10) unsigned NOT NULL,
  `email_verification` tinyint(1) NOT NULL DEFAULT '0',
  `phone_verification_code` varchar(6) DEFAULT NULL,
  `two_step_verification_type` enum('disabled','email','phone','google_authenticator') NOT NULL,
  `two_step_verification_code` varchar(6) DEFAULT NULL,
  `two_step_verification` tinyint(1) NOT NULL DEFAULT '0',
  `last_login_at` timestamp NULL DEFAULT NULL,
  `last_login_ip` varchar(45) DEFAULT NULL,
  `city` varchar(25) DEFAULT NULL,
  `state` varchar(25) DEFAULT NULL,
  `address_1` text,
  `address_2` text,
  `default_currency` varchar(10) DEFAULT NULL,
  `timezone` varchar(191) DEFAULT NULL,
  PRIMARY KEY (`id`),
  KEY `user_details_user_id_index` (`user_id`),
  KEY `user_details_country_id_index` (`country_id`),
  CONSTRAINT `user_details_country_id_foreign` FOREIGN KEY (`country_id`) REFERENCES `countries` (`id`) ON DELETE CASCADE ON UPDATE CASCADE,
  CONSTRAINT `user_details_user_id_foreign` FOREIGN KEY (`user_id`) REFERENCES `users` (`id`) ON DELETE CASCADE ON UPDATE CASCADE
) ENGINE=InnoDB AUTO_INCREMENT=12 DEFAULT CHARSET=utf8;
/*!40101 SET character_set_client = @saved_cs_client */;

--
-- Dumping data for table `user_details`
--

LOCK TABLES `user_details` WRITE;
/*!40000 ALTER TABLE `user_details` DISABLE KEYS */;
INSERT INTO `user_details` VALUES (1,1,5,0,NULL,'disabled',NULL,0,'2019-11-09 03:23:30','18.222.212.87',NULL,NULL,NULL,NULL,NULL,'Asia/Dhaka'),(2,2,5,0,NULL,'disabled',NULL,0,'2019-11-26 04:08:58','183.182.110.18',NULL,NULL,NULL,NULL,NULL,'Asia/Dhaka'),(3,3,5,0,NULL,'disabled',NULL,0,'2019-11-09 22:36:49','110.54.213.203',NULL,NULL,NULL,NULL,NULL,'Asia/Dhaka'),(4,4,99,0,NULL,'disabled',NULL,0,'2019-11-23 16:53:55','157.40.69.59','Kolkata',NULL,NULL,NULL,NULL,'Asia/Kolkata'),(5,5,5,0,NULL,'disabled',NULL,0,'2019-12-02 06:21:27','183.182.110.58',NULL,NULL,NULL,NULL,NULL,'Asia/Dhaka'),(6,6,5,0,NULL,'disabled',NULL,0,'2019-11-30 15:39:34','183.182.110.18',NULL,NULL,NULL,NULL,NULL,'Asia/Dhaka'),(7,7,5,0,NULL,'disabled',NULL,0,'2019-12-04 05:50:06','120.29.100.232',NULL,NULL,NULL,NULL,NULL,'Asia/Dhaka'),(8,8,5,0,NULL,'disabled',NULL,0,'2019-11-20 16:33:22','189.206.34.234',NULL,NULL,NULL,NULL,NULL,'Asia/Dhaka'),(9,10,5,0,NULL,'disabled',NULL,0,'2019-11-26 04:10:59','111.26.197.43',NULL,NULL,NULL,NULL,NULL,'Asia/Dhaka'),(10,11,5,0,NULL,'disabled',NULL,0,'2019-12-04 04:19:27','183.182.111.253',NULL,NULL,NULL,NULL,NULL,'Asia/Dhaka'),(11,12,5,0,NULL,'disabled',NULL,0,'2019-11-30 16:07:44','183.182.110.18',NULL,NULL,NULL,NULL,NULL,'Asia/Dhaka');
/*!40000 ALTER TABLE `user_details` ENABLE KEYS */;
UNLOCK TABLES;

--
-- Table structure for table `users`
--

DROP TABLE IF EXISTS `users`;
/*!40101 SET @saved_cs_client     = @@character_set_client */;
/*!40101 SET character_set_client = utf8 */;
CREATE TABLE `users` (
  `id` int(10) unsigned NOT NULL AUTO_INCREMENT,
  `role_id` int(10) unsigned DEFAULT NULL,
  `type` enum('user','merchant') NOT NULL DEFAULT 'user',
  `first_name` varchar(100) NOT NULL,
  `last_name` varchar(100) NOT NULL,
  `formattedPhone` varchar(30) DEFAULT NULL,
  `phone` varchar(20) DEFAULT NULL,
  `google2fa_secret` text,
  `defaultCountry` varchar(4) DEFAULT NULL,
  `carrierCode` varchar(6) DEFAULT NULL,
  `email` varchar(191) NOT NULL,
  `password` varchar(191) NOT NULL,
  `phrase` varchar(191) DEFAULT NULL,
  `address_verified` tinyint(1) NOT NULL DEFAULT '0',
  `identity_verified` tinyint(1) NOT NULL DEFAULT '0',
  `status` enum('Active','Inactive') NOT NULL DEFAULT 'Active',
  `remember_token` varchar(100) DEFAULT NULL,
  `created_at` timestamp NULL DEFAULT NULL,
  `updated_at` timestamp NULL DEFAULT NULL,
  `picture` varchar(100) NOT NULL,
  PRIMARY KEY (`id`),
  UNIQUE KEY `users_email_unique` (`email`),
  UNIQUE KEY `users_phone_unique` (`phone`),
  KEY `users_role_id_index` (`role_id`),
  CONSTRAINT `users_role_id_foreign` FOREIGN KEY (`role_id`) REFERENCES `roles` (`id`) ON DELETE CASCADE ON UPDATE CASCADE
) ENGINE=InnoDB AUTO_INCREMENT=13 DEFAULT CHARSET=utf8;
/*!40101 SET character_set_client = @saved_cs_client */;

--
-- Dumping data for table `users`
--

LOCK TABLES `users` WRITE;
/*!40000 ALTER TABLE `users` DISABLE KEYS */;
INSERT INTO `users` VALUES (1,2,'user','Dennis','Wiggins','+12132947652','2132947652',NULL,'us','1','denniswiggins7854@gmail.com','$2y$10$5z6X.t/dBbbzuNwFRecW.eJBTMOMMvlTZeZxlLFvNIY8rgaG3xM02',NULL,0,0,'Active','aG5rm3f2VQWv7I8t2ZObsAnuXBUNlaPS7ToInfAy0T7TeAgYKwGo8CDyEuRZ','2019-11-06 14:42:31','2019-11-06 14:42:31',''),(2,2,'user','dd','dfd','+12093796378','2093796378',NULL,'us','1','asenfan0723@gmail.com','$2y$10$CcvD3Dsc9SXvdu30Mzu5KuxQAuH7RGL.7rnHYDlySDlMN7RJtvgAC',NULL,0,0,'Active','a66n647QJwpWYVQm97N58R8wEddoxfIhMWsvgvJuT5KuQ4tZxc6NhqMJjMWz','2019-11-07 21:43:54','2019-11-07 21:50:21','1573163421.png'),(3,2,'user','Mariz','Bourne',NULL,NULL,NULL,NULL,NULL,'marizrbourne@yahoo.com.ph','$2y$10$VRvyUyyL6N0OcBEWmvEJQOwHF2ZR2aMmrmLJvvrdISrQk.VNRJkxe',NULL,0,0,'Active',NULL,'2019-11-09 22:35:58','2019-11-09 22:35:58',''),(4,2,'user','Sumanta','Kundu','+18637833437','8637833437',NULL,'us','1','sumantasam1990@gmail.com','$2y$10$6K/VSlO4hO3MSWBhBC.sq.r2lxaSDEADDbn7mV5lnBMrTI0/9RG1.',NULL,0,0,'Active','3ghrAmlmRXYIzGHYw3cTp1mrDLHf2eP3kBat4MdeZaUOJmscm8bhJdGzFSjS','2019-11-10 04:22:03','2019-11-23 17:04:39',''),(5,2,'user','A','User',NULL,NULL,NULL,NULL,NULL,'AUser@example.com','$2y$10$co9Qx033et7IMOoJgZypZuJyEpPq3cHAQcmiaKJsSneBnpoQlmDBi',NULL,0,0,'Active','T0TZXF7olEFrVX8NyySXnZZUhi0nyFLsNbIddKy9zAEhyp8ncLSrxRsLBY3p','2019-11-11 20:09:47','2019-11-11 20:09:47',''),(6,2,'user','B','User',NULL,NULL,NULL,NULL,NULL,'BUser@example.com','$2y$10$6rQ5Rr/uWxvvBzmzRqLDQuZFGK9kHCRVAcM5jKpM.48hMlrNVZD1O',NULL,0,0,'Active','1JytmrMg9CcdTKsAW6V81VNWYuJPH8DWkjIAr5ob3r6agNxfBAUA6Z0NHF6m','2019-11-11 20:10:32','2019-11-11 20:10:32',''),(7,2,'user','gary','bourne','+61466974449','466974449',NULL,'au','61','gary@megasave.net.au','$2y$10$GohJkD7hhz.khtvhU/Ke4uxU7Cm.09RtsT25s7EpR5g7XGiAr7PZ2',NULL,0,0,'Active',NULL,'2019-11-18 23:35:56','2019-11-18 23:35:56',''),(8,2,'user','hector','rincon','+5215543563245','15543563245',NULL,'mx','52','hector.rincon300@gmail.com','$2y$10$.lTvEF8VpQwk6iOzWk/b4u1bZd3rfrSiCjE7weVqEjr/Ym2w.sAq.',NULL,0,0,'Active',NULL,'2019-11-20 16:33:08','2019-11-20 16:33:08',''),(10,3,'merchant','weiguo','jin','+8613243246454','13243246454',NULL,'cn','86','lonelylovelyman@hotmail.com','$2y$10$l8BPsb9kh4n6llzLlBQ..OpkKl3QffO.M0Hna0G6XzxR8f4gkng3S',NULL,0,0,'Active','4wcudgvOoA3UGWq7MOQYENopWwaJkUwCsqWBdaaUlo4h4fv5qXfNN3QJ4l9P','2019-11-26 04:10:39','2019-11-26 04:10:39',''),(11,3,'merchant','muser','user',NULL,NULL,NULL,NULL,NULL,'MUser@example.com','$2y$10$vvISd9ro8oJ.ku65FX9zquEc9ZX6NAWAepGg0uqLpMUHGehA80Jp.',NULL,0,0,'Active','tQSht98eAiBTPKARO3icNGaODj7VJDMDaPXxqxlVrE7qzF51Yvu7OePDPpA6','2019-11-26 04:18:11','2019-11-26 04:18:11',''),(12,3,'merchant','G','dragon',NULL,NULL,NULL,NULL,NULL,'greenforest19924@gmail.com','$2y$10$dleV2ZHU7YRDxrtCxEyhJeGveRRUELLWI.MyafhN3QOHGJ7tcVAF6',NULL,0,0,'Active','RBC6kkH3U49zGLlzNiifBZUdtSfn7avYKBnyhbD3bzWEKKtyNgMjyFuvZpyt','2019-11-30 15:42:32','2019-11-30 15:42:32','');
/*!40000 ALTER TABLE `users` ENABLE KEYS */;
UNLOCK TABLES;

--
-- Table structure for table `verify_users`
--

DROP TABLE IF EXISTS `verify_users`;
/*!40101 SET @saved_cs_client     = @@character_set_client */;
/*!40101 SET character_set_client = utf8 */;
CREATE TABLE `verify_users` (
  `id` int(10) unsigned NOT NULL AUTO_INCREMENT,
  `user_id` int(10) unsigned DEFAULT NULL,
  `token` varchar(191) NOT NULL,
  `created_at` timestamp NULL DEFAULT NULL,
  `updated_at` timestamp NULL DEFAULT NULL,
  PRIMARY KEY (`id`),
  KEY `verify_users_user_id_index` (`user_id`),
  CONSTRAINT `verify_users_user_id_foreign` FOREIGN KEY (`user_id`) REFERENCES `users` (`id`) ON DELETE CASCADE ON UPDATE CASCADE
) ENGINE=InnoDB DEFAULT CHARSET=utf8;
/*!40101 SET character_set_client = @saved_cs_client */;

--
-- Dumping data for table `verify_users`
--

LOCK TABLES `verify_users` WRITE;
/*!40000 ALTER TABLE `verify_users` DISABLE KEYS */;
/*!40000 ALTER TABLE `verify_users` ENABLE KEYS */;
UNLOCK TABLES;

--
-- Table structure for table `vouchers`
--

DROP TABLE IF EXISTS `vouchers`;
/*!40101 SET @saved_cs_client     = @@character_set_client */;
/*!40101 SET character_set_client = utf8 */;
CREATE TABLE `vouchers` (
  `id` int(10) unsigned NOT NULL AUTO_INCREMENT,
  `user_id` int(10) unsigned DEFAULT NULL,
  `activator_id` int(10) unsigned DEFAULT NULL,
  `currency_id` int(10) unsigned DEFAULT NULL,
  `uuid` varchar(13) DEFAULT NULL COMMENT 'Unique ID (For Each Voucher)',
  `charge_percentage` double(10,2) DEFAULT '0.00',
  `charge_fixed` double(10,2) DEFAULT '0.00',
  `amount` double(10,2) DEFAULT '0.00',
  `code` varchar(50) DEFAULT NULL,
  `redeemed` enum('No','Yes') NOT NULL DEFAULT 'No',
  `status` enum('Pending','Success','Refund','Blocked') NOT NULL,
  `created_at` timestamp NULL DEFAULT NULL,
  `updated_at` timestamp NULL DEFAULT NULL,
  PRIMARY KEY (`id`),
  KEY `vouchers_user_id_index` (`user_id`),
  KEY `vouchers_activator_id_index` (`activator_id`),
  KEY `vouchers_currency_id_index` (`currency_id`),
  CONSTRAINT `vouchers_activator_id_foreign` FOREIGN KEY (`activator_id`) REFERENCES `users` (`id`) ON DELETE CASCADE ON UPDATE CASCADE,
  CONSTRAINT `vouchers_currency_id_foreign` FOREIGN KEY (`currency_id`) REFERENCES `currencies` (`id`) ON DELETE CASCADE ON UPDATE CASCADE,
  CONSTRAINT `vouchers_user_id_foreign` FOREIGN KEY (`user_id`) REFERENCES `users` (`id`) ON DELETE CASCADE ON UPDATE CASCADE
) ENGINE=InnoDB DEFAULT CHARSET=utf8;
/*!40101 SET character_set_client = @saved_cs_client */;

--
-- Dumping data for table `vouchers`
--

LOCK TABLES `vouchers` WRITE;
/*!40000 ALTER TABLE `vouchers` DISABLE KEYS */;
/*!40000 ALTER TABLE `vouchers` ENABLE KEYS */;
UNLOCK TABLES;

--
-- Table structure for table `wallets`
--

DROP TABLE IF EXISTS `wallets`;
/*!40101 SET @saved_cs_client     = @@character_set_client */;
/*!40101 SET character_set_client = utf8 */;
CREATE TABLE `wallets` (
  `id` int(10) unsigned NOT NULL AUTO_INCREMENT,
  `user_id` int(10) unsigned DEFAULT NULL,
  `currency_id` int(10) unsigned DEFAULT NULL,
  `balance` decimal(20,8) DEFAULT '0.00000000',
  `is_default` enum('Yes','No') NOT NULL,
  `created_at` timestamp NULL DEFAULT NULL,
  `updated_at` timestamp NULL DEFAULT NULL,
  PRIMARY KEY (`id`),
  KEY `wallets_user_id_index` (`user_id`),
  KEY `wallets_currency_id_index` (`currency_id`),
  CONSTRAINT `wallets_currency_id_foreign` FOREIGN KEY (`currency_id`) REFERENCES `currencies` (`id`) ON DELETE CASCADE ON UPDATE CASCADE,
  CONSTRAINT `wallets_user_id_foreign` FOREIGN KEY (`user_id`) REFERENCES `users` (`id`) ON DELETE CASCADE ON UPDATE CASCADE
) ENGINE=InnoDB AUTO_INCREMENT=12 DEFAULT CHARSET=utf8;
/*!40101 SET character_set_client = @saved_cs_client */;

--
-- Dumping data for table `wallets`
--

LOCK TABLES `wallets` WRITE;
/*!40000 ALTER TABLE `wallets` DISABLE KEYS */;
INSERT INTO `wallets` VALUES (1,1,1,0.00000000,'Yes','2019-11-06 14:42:31','2019-11-06 14:42:31'),(2,2,1,0.00000000,'Yes','2019-11-07 21:43:54','2019-11-07 21:43:54'),(3,3,1,0.00000000,'Yes','2019-11-09 22:35:58','2019-11-09 22:35:58'),(4,4,1,1.00000000,'Yes','2019-11-10 04:22:03','2019-11-23 17:00:09'),(5,5,1,810.00000000,'Yes','2019-11-11 20:09:47','2019-12-05 20:10:03'),(6,6,1,20.00000000,'Yes','2019-11-11 20:10:32','2019-12-02 06:09:49'),(7,7,1,0.00000000,'Yes','2019-11-18 23:35:56','2019-11-18 23:35:56'),(8,8,1,0.00000000,'Yes','2019-11-20 16:33:08','2019-11-20 16:33:08'),(9,10,1,0.00000000,'Yes','2019-11-26 04:10:39','2019-11-26 04:10:39'),(10,11,1,265.94999882,'Yes','2019-11-26 04:18:11','2019-12-05 20:10:03'),(11,12,1,0.00000000,'Yes','2019-11-30 15:42:32','2019-11-30 15:42:32');
/*!40000 ALTER TABLE `wallets` ENABLE KEYS */;
UNLOCK TABLES;

--
-- Table structure for table `withdrawal_details`
--

DROP TABLE IF EXISTS `withdrawal_details`;
/*!40101 SET @saved_cs_client     = @@character_set_client */;
/*!40101 SET character_set_client = utf8 */;
CREATE TABLE `withdrawal_details` (
  `id` int(10) unsigned NOT NULL AUTO_INCREMENT,
  `withdrawal_id` int(10) unsigned DEFAULT NULL,
  `type` int(11) NOT NULL COMMENT '1=Bank, 2=Paypal',
  `email` varchar(191) DEFAULT NULL,
  `account_name` varchar(191) DEFAULT NULL,
  `account_number` varchar(191) DEFAULT NULL,
  `bank_branch_name` varchar(191) DEFAULT NULL,
  `bank_branch_city` varchar(191) DEFAULT NULL,
  `bank_branch_address` varchar(191) DEFAULT NULL,
  `country` int(10) unsigned DEFAULT NULL,
  `swift_code` varchar(191) DEFAULT NULL,
  `bank_name` varchar(191) DEFAULT NULL,
  `created_at` timestamp NULL DEFAULT NULL,
  `updated_at` timestamp NULL DEFAULT NULL,
  PRIMARY KEY (`id`),
  KEY `withdrawal_details_withdrawal_id_index` (`withdrawal_id`),
  CONSTRAINT `withdrawal_details_withdrawal_id_foreign` FOREIGN KEY (`withdrawal_id`) REFERENCES `withdrawals` (`id`) ON DELETE CASCADE ON UPDATE CASCADE
) ENGINE=InnoDB DEFAULT CHARSET=utf8;
/*!40101 SET character_set_client = @saved_cs_client */;

--
-- Dumping data for table `withdrawal_details`
--

LOCK TABLES `withdrawal_details` WRITE;
/*!40000 ALTER TABLE `withdrawal_details` DISABLE KEYS */;
/*!40000 ALTER TABLE `withdrawal_details` ENABLE KEYS */;
UNLOCK TABLES;

--
-- Table structure for table `withdrawals`
--

DROP TABLE IF EXISTS `withdrawals`;
/*!40101 SET @saved_cs_client     = @@character_set_client */;
/*!40101 SET character_set_client = utf8 */;
CREATE TABLE `withdrawals` (
  `id` int(10) unsigned NOT NULL AUTO_INCREMENT,
  `user_id` int(10) unsigned DEFAULT NULL,
  `currency_id` int(10) unsigned DEFAULT NULL,
  `payment_method_id` int(10) unsigned DEFAULT NULL,
  `uuid` varchar(13) DEFAULT NULL COMMENT 'Unique ID (For Each Withdrawal)',
  `charge_percentage` decimal(20,8) DEFAULT '0.00000000',
  `charge_fixed` decimal(20,8) DEFAULT '0.00000000',
  `subtotal` decimal(20,8) DEFAULT '0.00000000',
  `amount` decimal(20,8) DEFAULT '0.00000000',
  `payment_method_info` varchar(255) NOT NULL,
  `status` enum('Pending','Success','Refund','Blocked') NOT NULL,
  `created_at` timestamp NULL DEFAULT NULL,
  `updated_at` timestamp NULL DEFAULT NULL,
  PRIMARY KEY (`id`),
  KEY `withdrawals_user_id_index` (`user_id`),
  KEY `withdrawals_currency_id_index` (`currency_id`),
  KEY `withdrawals_payment_method_id_index` (`payment_method_id`),
  CONSTRAINT `withdrawals_currency_id_foreign` FOREIGN KEY (`currency_id`) REFERENCES `currencies` (`id`) ON DELETE CASCADE ON UPDATE CASCADE,
  CONSTRAINT `withdrawals_payment_method_id_foreign` FOREIGN KEY (`payment_method_id`) REFERENCES `payment_methods` (`id`) ON DELETE CASCADE ON UPDATE CASCADE,
  CONSTRAINT `withdrawals_user_id_foreign` FOREIGN KEY (`user_id`) REFERENCES `users` (`id`) ON DELETE CASCADE ON UPDATE CASCADE
) ENGINE=InnoDB DEFAULT CHARSET=utf8;
/*!40101 SET character_set_client = @saved_cs_client */;

--
-- Dumping data for table `withdrawals`
--

LOCK TABLES `withdrawals` WRITE;
/*!40000 ALTER TABLE `withdrawals` DISABLE KEYS */;
/*!40000 ALTER TABLE `withdrawals` ENABLE KEYS */;
UNLOCK TABLES;
/*!40103 SET TIME_ZONE=@OLD_TIME_ZONE */;

/*!40101 SET SQL_MODE=@OLD_SQL_MODE */;
/*!40014 SET FOREIGN_KEY_CHECKS=@OLD_FOREIGN_KEY_CHECKS */;
/*!40014 SET UNIQUE_CHECKS=@OLD_UNIQUE_CHECKS */;
/*!40101 SET CHARACTER_SET_CLIENT=@OLD_CHARACTER_SET_CLIENT */;
/*!40101 SET CHARACTER_SET_RESULTS=@OLD_CHARACTER_SET_RESULTS */;
/*!40101 SET COLLATION_CONNECTION=@OLD_COLLATION_CONNECTION */;
/*!40111 SET SQL_NOTES=@OLD_SQL_NOTES */;

-- Dump completed on 2019-12-05 20:24:42
